risk_id,category,margin,score_financial,score_operational,score_regulatory,score_strategic
1015328_FY2021_000,financial,5,5,0,0,0
1015328_FY2021_001,strategic,11,0,0,0,11
1015328_FY2021_002,strategic,10,0,0,1,11
1015328_FY2021_003,regulatory,19,5,0,24,0
1015328_FY2021_004,financial,15,17,1,2,0
1015328_FY2021_005,financial,3,3,0,0,0
1015328_FY2021_006,financial,7,8,0,0,1
1015328_FY2021_007,operational,6,0,7,1,0
1015328_FY2021_008,financial,1,2,0,1,0
1015328_FY2021_009,financial,24,40,16,9,2
1015328_FY2021_010,financial,43,43,0,0,0
1015328_FY2021_011,financial,12,12,0,0,0
1015328_FY2021_012,financial,4,10,1,1,6
1015328_FY2021_013,strategic,21,12,2,6,33
1015328_FY2021_014,strategic,5,2,7,15,20
1015328_FY2021_015,financial,8,8,0,0,0
1015328_FY2021_016,financial,7,7,0,0,0
1015328_FY2021_017,strategic,31,2,3,8,39
1015328_FY2021_018,strategic,20,0,1,2,22
1015328_FY2021_019,regulatory,2,0,0,3,1
1015328_FY2021_020,regulatory,2,4,0,6,0
1015328_FY2021_021,financial,3,4,0,1,0
1015328_FY2021_022,regulatory,38,7,7,45,5
1015328_FY2021_023,regulatory,16,3,0,19,0
1015328_FY2021_024,financial,22,41,0,19,1
1015328_FY2021_025,regulatory,12,6,0,18,1
1015328_FY2021_026,financial,0,9,0,9,0
1015328_FY2021_027,regulatory,33,1,0,34,0
1015328_FY2021_028,regulatory,3,0,1,4,1
1015328_FY2021_029,regulatory,5,0,0,5,0
1015328_FY2021_030,regulatory,20,0,0,20,0
1015328_FY2021_031,regulatory,3,1,0,4,0
1015328_FY2021_032,regulatory,3,2,0,5,0
1015328_FY2021_033,financial,47,50,0,3,0
1015328_FY2021_034,financial,21,39,0,18,3
1015328_FY2021_035,financial,39,39,0,0,0
1015328_FY2021_036,financial,14,14,0,0,0
1015328_FY2021_037,financial,17,18,0,1,0
1015328_FY2021_038,financial,6,12,6,0,0
1015328_FY2021_039,financial,5,8,0,3,0
1015328_FY2021_040,financial,38,44,6,5,2
1015328_FY2021_041,financial,27,27,0,0,0
1015328_FY2021_042,financial,5,6,0,1,0
1015328_FY2021_043,financial,48,50,0,2,1
1015328_FY2021_044,financial,17,19,0,2,0
1015328_FY2021_045,financial,6,8,2,1,2
1015328_FY2021_046,financial,1,1,0,0,0
1015328_FY2021_047,strategic,5,2,0,3,8
1015328_FY2021_048,financial,36,41,1,1,5
1015328_FY2021_049,financial,5,10,0,5,0
1015328_FY2021_050,financial,47,51,0,4,0
1015328_FY2021_051,operational,0,0,1,1,0
1015328_FY2021_052,operational,80,5,102,16,22
1015328_FY2021_053,operational,8,0,9,0,1
1015328_FY2021_054,operational,11,0,12,0,1
1015328_FY2021_055,financial,0,0,0,0,0
1015328_FY2021_056,financial,6,17,11,0,3
1015328_FY2021_057,financial,2,6,1,4,0
1015328_FY2021_058,regulatory,4,1,2,9,5
1015328_FY2022_000,financial,5,5,0,0,0
1015328_FY2022_001,strategic,11,0,0,0,11
1015328_FY2022_002,strategic,10,0,0,1,11
1015328_FY2022_003,regulatory,22,5,3,27,0
1015328_FY2022_004,financial,15,17,1,2,0
1015328_FY2022_005,financial,3,3,0,0,0
1015328_FY2022_006,financial,7,8,0,0,1
1015328_FY2022_007,operational,5,0,6,1,0
1015328_FY2022_008,financial,1,2,0,1,0
1015328_FY2022_009,financial,45,51,0,6,0
1015328_FY2022_010,financial,12,12,0,0,0
1015328_FY2022_011,financial,4,10,1,1,6
1015328_FY2022_012,financial,16,21,5,4,1
1015328_FY2022_013,strategic,20,12,2,6,32
1015328_FY2022_014,strategic,5,2,7,15,20
1015328_FY2022_015,financial,8,8,0,0,0
1015328_FY2022_016,financial,7,7,0,0,0
1015328_FY2022_017,strategic,31,2,3,8,39
1015328_FY2022_018,strategic,20,0,1,2,22
1015328_FY2022_019,regulatory,2,0,0,3,1
1015328_FY2022_020,regulatory,2,4,0,6,0
1015328_FY2022_021,financial,3,8,0,5,0
1015328_FY2022_022,regulatory,27,7,0,34,5
1015328_FY2022_023,regulatory,21,0,50,71,4
1015328_FY2022_024,regulatory,17,3,0,20,0
1015328_FY2022_025,financial,22,41,0,19,1
1015328_FY2022_026,regulatory,12,6,0,18,1
1015328_FY2022_027,financial,0,11,0,11,0
1015328_FY2022_028,regulatory,32,1,0,33,0
1015328_FY2022_029,regulatory,3,0,1,4,1
1015328_FY2022_030,regulatory,5,0,0,5,0
1015328_FY2022_031,regulatory,20,0,0,20,0
1015328_FY2022_032,regulatory,3,1,0,4,0
1015328_FY2022_033,regulatory,3,2,0,5,0
1015328_FY2022_034,financial,47,50,0,3,0
1015328_FY2022_035,financial,15,22,0,7,2
1015328_FY2022_036,financial,39,39,0,0,0
1015328_FY2022_037,financial,14,14,0,0,0
1015328_FY2022_038,financial,17,18,0,1,0
1015328_FY2022_039,financial,6,12,6,0,0
1015328_FY2022_040,financial,5,8,0,3,0
1015328_FY2022_041,financial,35,40,5,5,2
1015328_FY2022_042,financial,27,27,0,0,0
1015328_FY2022_043,financial,5,6,0,1,0
1015328_FY2022_044,financial,47,49,0,2,1
1015328_FY2022_045,financial,17,19,0,2,0
1015328_FY2022_046,financial,6,8,2,1,2
1015328_FY2022_047,financial,1,1,0,0,0
1015328_FY2022_048,strategic,5,2,0,3,8
1015328_FY2022_049,financial,36,41,1,1,5
1015328_FY2022_050,financial,5,10,0,5,0
1015328_FY2022_051,financial,38,44,0,6,0
1015328_FY2022_052,operational,0,0,1,1,0
1015328_FY2022_053,operational,24,4,41,6,17
1015328_FY2022_054,operational,97,1,115,18,13
1015328_FY2022_055,operational,8,0,9,0,1
1015328_FY2022_056,financial,0,0,0,0,0
1015328_FY2022_057,financial,4,18,14,0,4
1015328_FY2022_058,financial,2,6,1,4,0
1015328_FY2022_059,regulatory,4,1,2,9,5
1015328_FY2023_000,financial,5,5,0,0,0
1015328_FY2023_001,strategic,11,0,0,0,11
1015328_FY2023_002,strategic,10,0,0,1,11
1015328_FY2023_003,regulatory,22,5,3,27,0
1015328_FY2023_004,financial,15,17,1,2,0
1015328_FY2023_005,financial,3,3,0,0,0
1015328_FY2023_006,financial,8,9,0,0,1
1015328_FY2023_007,operational,5,0,6,1,0
1015328_FY2023_008,financial,1,2,0,1,0
1015328_FY2023_009,financial,45,51,0,6,0
1015328_FY2023_010,financial,12,12,0,0,0
1015328_FY2023_011,financial,4,10,1,1,6
1015328_FY2023_012,operational,4,1,5,0,1
1015328_FY2023_013,strategic,20,12,2,6,32
1015328_FY2023_014,strategic,11,2,9,16,27
1015328_FY2023_015,financial,8,8,0,0,0
1015328_FY2023_016,financial,25,31,0,3,6
1015328_FY2023_017,strategic,22,3,3,16,38
1015328_FY2023_018,strategic,20,0,1,2,22
1015328_FY2023_019,regulatory,2,0,0,3,1
1015328_FY2023_020,regulatory,2,4,0,6,0
1015328_FY2023_021,financial,4,9,0,5,1
1015328_FY2023_022,regulatory,28,7,0,35,5
1015328_FY2023_023,regulatory,21,0,50,71,4
1015328_FY2023_024,regulatory,17,3,0,20,0
1015328_FY2023_025,financial,22,41,0,19,1
1015328_FY2023_026,regulatory,12,6,0,18,1
1015328_FY2023_027,regulatory,8,5,0,13,0
1015328_FY2023_028,regulatory,33,1,0,34,0
1015328_FY2023_029,regulatory,3,0,1,4,1
1015328_FY2023_030,regulatory,5,0,0,5,0
1015328_FY2023_031,regulatory,19,0,0,19,0
1015328_FY2023_032,regulatory,4,0,0,4,0
1015328_FY2023_033,regulatory,8,0,0,8,0
1015328_FY2023_034,financial,47,50,0,3,0
1015328_FY2023_035,financial,19,27,0,8,2
1015328_FY2023_036,financial,37,37,0,0,0
1015328_FY2023_037,financial,22,30,1,8,0
1015328_FY2023_038,financial,17,18,0,1,0
1015328_FY2023_039,financial,6,12,6,0,0
1015328_FY2023_040,financial,5,8,0,3,0
1015328_FY2023_041,financial,35,40,5,5,2
1015328_FY2023_042,financial,27,27,0,0,0
1015328_FY2023_043,financial,5,6,0,1,0
1015328_FY2023_044,financial,47,49,0,2,1
1015328_FY2023_045,financial,17,19,0,2,0
1015328_FY2023_046,financial,6,8,2,1,2
1015328_FY2023_047,financial,31,35,0,1,4
1015328_FY2023_048,financial,1,1,0,0,0
1015328_FY2023_049,strategic,2,7,0,4,9
1015328_FY2023_050,financial,36,41,1,1,5
1015328_FY2023_051,financial,5,10,0,5,0
1015328_FY2023_052,operational,0,0,1,1,0
1015328_FY2023_053,operational,24,4,41,6,17
1015328_FY2023_054,operational,97,1,115,18,13
1015328_FY2023_055,operational,8,0,9,0,1
1015328_FY2023_056,financial,0,0,0,0,0
1015328_FY2023_057,financial,4,18,14,0,4
1015328_FY2023_058,financial,2,6,1,4,0
1015328_FY2023_059,regulatory,4,1,2,9,5
1015328_FY2024_000,financial,5,5,0,0,0
1015328_FY2024_001,strategic,11,0,0,0,11
1015328_FY2024_002,strategic,10,0,0,1,11
1015328_FY2024_003,regulatory,22,5,3,27,0
1015328_FY2024_004,financial,13,14,1,1,0
1015328_FY2024_005,financial,3,3,0,0,0
1015328_FY2024_006,financial,8,9,0,0,1
1015328_FY2024_007,operational,6,0,7,1,0
1015328_FY2024_008,financial,1,2,0,1,0
1015328_FY2024_009,financial,45,51,0,6,0
1015328_FY2024_010,financial,12,12,0,0,0
1015328_FY2024_011,financial,3,9,2,1,6
1015328_FY2024_012,strategic,18,10,1,6,28
1015328_FY2024_013,regulatory,0,0,9,15,15
1015328_FY2024_014,strategic,18,1,0,7,25
1015328_FY2024_015,financial,8,8,0,0,0
1015328_FY2024_016,financial,17,20,0,2,3
1015328_FY2024_017,strategic,12,3,3,17,29
1015328_FY2024_018,strategic,20,0,2,2,22
1015328_FY2024_019,regulatory,2,0,0,3,1
1015328_FY2024_020,regulatory,2,4,0,6,0
1015328_FY2024_021,financial,4,9,0,5,1
1015328_FY2024_022,regulatory,17,0,0,20,3
1015328_FY2024_023,regulatory,21,0,50,71,4
1015328_FY2024_024,regulatory,17,3,0,20,0
1015328_FY2024_025,financial,22,41,0,19,1
1015328_FY2024_026,regulatory,12,6,0,18,1
1015328_FY2024_027,regulatory,9,5,0,14,0
1015328_FY2024_028,regulatory,33,1,0,34,0
1015328_FY2024_029,regulatory,3,0,1,4,1
1015328_FY2024_030,regulatory,5,0,0,5,0
1015328_FY2024_031,regulatory,19,0,0,19,0
1015328_FY2024_032,regulatory,4,0,0,4,0
1015328_FY2024_033,regulatory,8,0,0,8,0
1015328_FY2024_034,financial,47,50,0,3,0
1015328_FY2024_035,financial,37,37,0,0,0
1015328_FY2024_036,financial,22,30,1,8,0
1015328_FY2024_037,financial,17,18,0,1,0
1015328_FY2024_038,financial,6,12,6,0,0
1015328_FY2024_039,financial,5,8,0,3,3
1015328_FY2024_040,financial,35,40,5,5,2
1015328_FY2024_041,financial,27,27,0,0,0
1015328_FY2024_042,financial,5,6,0,1,0
1015328_FY2024_043,financial,50,52,0,2,1
1015328_FY2024_044,financial,17,19,0,2,0
1015328_FY2024_045,financial,6,8,2,1,2
1015328_FY2024_046,financial,31,35,0,1,4
1015328_FY2024_047,financial,1,1,0,0,0
1015328_FY2024_048,strategic,2,7,0,4,9
1015328_FY2024_049,financial,36,41,1,1,5
1015328_FY2024_050,financial,5,10,0,5,0
1015328_FY2024_051,operational,0,0,1,1,0
1015328_FY2024_052,operational,24,4,41,6,17
1015328_FY2024_053,operational,97,1,115,18,13
1015328_FY2024_054,operational,15,0,17,0,2
1015328_FY2024_055,operational,8,0,9,0,1
1015328_FY2024_056,financial,0,0,0,0,0
1015328_FY2024_057,financial,4,18,14,0,4
1015328_FY2024_058,financial,2,6,1,4,0
1015328_FY2024_059,regulatory,4,1,2,9,5
1015328_FY2025_000,financial,5,5,0,0,0
1015328_FY2025_001,strategic,11,0,0,0,11
1015328_FY2025_002,strategic,10,0,0,1,11
1015328_FY2025_003,regulatory,22,5,3,27,0
1015328_FY2025_004,financial,13,14,1,1,0
1015328_FY2025_005,financial,3,3,0,0,0
1015328_FY2025_006,financial,8,9,0,0,1
1015328_FY2025_007,operational,6,0,7,1,0
1015328_FY2025_008,financial,1,2,0,1,0
1015328_FY2025_009,financial,45,51,0,6,0
1015328_FY2025_010,financial,12,12,0,0,0
1015328_FY2025_011,financial,3,9,2,1,6
1015328_FY2025_012,strategic,23,11,1,7,34
1015328_FY2025_013,regulatory,0,0,9,15,15
1015328_FY2025_014,strategic,14,1,0,11,25
1015328_FY2025_015,financial,7,8,0,0,1
1015328_FY2025_016,financial,17,20,0,2,3
1015328_FY2025_017,strategic,15,2,3,12,27
1015328_FY2025_018,strategic,20,0,2,2,22
1015328_FY2025_019,regulatory,3,0,0,4,1
1015328_FY2025_020,regulatory,2,4,0,6,0
1015328_FY2025_021,financial,3,7,0,4,1
1015328_FY2025_022,regulatory,28,0,1,32,4
1015328_FY2025_023,regulatory,21,0,50,71,4
1015328_FY2025_024,regulatory,17,3,0,20,0
1015328_FY2025_025,financial,22,42,0,20,1
1015328_FY2025_026,regulatory,12,6,0,18,1
1015328_FY2025_027,regulatory,7,5,0,12,0
1015328_FY2025_028,regulatory,46,0,0,46,0
1015328_FY2025_029,regulatory,3,0,1,4,1
1015328_FY2025_030,regulatory,5,0,0,5,0
1015328_FY2025_031,regulatory,19,0,0,19,0
1015328_FY2025_032,regulatory,4,0,0,4,0
1015328_FY2025_033,regulatory,8,0,0,8,0
1015328_FY2025_034,financial,47,50,0,3,0
1015328_FY2025_035,financial,37,37,0,0,0
1015328_FY2025_036,financial,22,30,1,8,0
1015328_FY2025_037,financial,17,18,0,1,0
1015328_FY2025_038,financial,6,12,6,0,0
1015328_FY2025_039,financial,5,8,0,3,3
1015328_FY2025_040,financial,35,40,5,5,2
1015328_FY2025_041,financial,27,27,0,0,0
1015328_FY2025_042,financial,5,6,0,1,0
1015328_FY2025_043,financial,50,51,0,1,1
1015328_FY2025_044,financial,17,19,0,2,0
1015328_FY2025_045,financial,6,8,2,1,2
1015328_FY2025_046,financial,29,36,0,1,7
1015328_FY2025_047,financial,1,1,0,0,0
1015328_FY2025_048,strategic,2,7,0,4,9
1015328_FY2025_049,financial,36,41,1,1,5
1015328_FY2025_050,financial,5,10,0,5,0
1015328_FY2025_051,operational,0,0,1,1,0
1015328_FY2025_052,operational,28,4,45,6,17
1015328_FY2025_053,operational,117,1,132,15,13
1015328_FY2025_054,regulatory,1,0,9,10,5
1015328_FY2025_055,operational,15,0,17,0,2
1015328_FY2025_056,operational,8,0,9,0,1
1015328_FY2025_057,financial,0,0,0,0,0
1015328_FY2025_058,financial,4,18,14,0,4
1015328_FY2025_059,financial,2,6,1,4,0
1015328_FY2025_060,regulatory,4,1,2,9,5
1068851_FY2021_000,financial,45,49,0,4,0
1068851_FY2021_001,financial,23,27,2,3,4
1068851_FY2021_002,financial,52,54,1,2,2
1068851_FY2021_003,financial,37,43,0,6,1
1068851_FY2021_004,financial,25,28,0,0,3
1068851_FY2021_005,financial,31,31,0,0,0
1068851_FY2021_006,financial,69,71,0,1,2
1068851_FY2021_007,financial,15,17,0,2,1
1068851_FY2021_008,financial,0,1,0,1,0
1068851_FY2021_009,financial,20,28,1,8,0
1068851_FY2021_010,financial,6,11,5,0,0
1068851_FY2021_011,financial,1,8,0,7,0
1068851_FY2021_012,financial,14,15,0,1,1
1068851_FY2021_013,financial,26,30,0,1,4
1068851_FY2021_014,financial,3,6,0,3,2
1068851_FY2021_015,strategic,13,1,0,1,14
1068851_FY2021_016,strategic,10,2,1,1,12
1068851_FY2021_017,strategic,21,1,5,0,26
1068851_FY2021_018,regulatory,13,1,0,23,10
1068851_FY2021_019,financial,3,8,0,0,5
1068851_FY2021_020,operational,4,3,7,0,0
1068851_FY2021_021,operational,19,7,26,3,4
1068851_FY2021_022,operational,0,2,4,2,4
1068851_FY2021_023,operational,17,0,21,0,4
1068851_FY2021_024,operational,5,0,7,0,2
1068851_FY2021_025,operational,14,0,15,0,1
1068851_FY2021_026,regulatory,1,2,1,3,2
1068851_FY2021_027,strategic,2,1,0,5,7
1068851_FY2021_028,strategic,13,8,0,3,21
1068851_FY2021_029,financial,6,6,0,0,0
1068851_FY2021_030,strategic,14,0,1,2,16
1068851_FY2021_031,regulatory,40,4,0,44,2
1068851_FY2021_032,regulatory,2,0,6,8,3
1068851_FY2021_033,regulatory,2,0,0,3,1
1068851_FY2021_034,strategic,5,0,0,8,13
1068851_FY2021_035,financial,0,8,0,8,0
1068851_FY2021_036,regulatory,18,8,8,26,7
1068851_FY2021_037,regulatory,1,0,2,4,3
1068851_FY2021_038,financial,8,12,0,4,0
1068851_FY2021_039,strategic,4,6,3,2,10
1068851_FY2022_000,financial,46,50,0,4,0
1068851_FY2022_001,financial,27,35,0,8,4
1068851_FY2022_002,financial,58,62,2,4,2
1068851_FY2022_003,financial,39,45,0,6,1
1068851_FY2022_004,financial,25,28,0,0,3
1068851_FY2022_005,financial,31,31,0,0,0
1068851_FY2022_006,financial,69,71,0,1,2
1068851_FY2022_007,financial,15,17,0,2,1
1068851_FY2022_008,financial,0,1,0,1,0
1068851_FY2022_009,financial,20,28,1,8,0
1068851_FY2022_010,financial,6,11,5,0,0
1068851_FY2022_011,financial,1,8,0,7,0
1068851_FY2022_012,financial,14,15,0,1,1
1068851_FY2022_013,financial,25,33,0,1,8
1068851_FY2022_014,financial,3,6,0,3,2
1068851_FY2022_015,strategic,13,1,0,1,14
1068851_FY2022_016,strategic,10,2,1,1,12
1068851_FY2022_017,strategic,22,1,5,0,27
1068851_FY2022_018,regulatory,13,1,0,23,10
1068851_FY2022_019,financial,3,8,0,0,5
1068851_FY2022_020,operational,4,3,7,0,0
1068851_FY2022_021,operational,21,7,28,4,4
1068851_FY2022_022,operational,0,2,4,1,4
1068851_FY2022_023,operational,15,0,19,0,4
1068851_FY2022_024,operational,5,0,7,0,2
1068851_FY2022_025,operational,14,0,15,1,1
1068851_FY2022_026,regulatory,1,2,1,3,2
1068851_FY2022_027,regulatory,2,0,6,8,3
1068851_FY2022_028,regulatory,40,4,0,44,2
1068851_FY2022_029,regulatory,2,0,6,8,3
1068851_FY2022_030,regulatory,2,0,0,3,1
1068851_FY2022_031,financial,6,7,0,1,0
1068851_FY2022_032,financial,13,19,3,3,6
1068851_FY2022_033,regulatory,1,5,0,11,10
1068851_FY2022_034,operational,3,3,6,2,1
1068851_FY2022_035,strategic,2,1,0,5,7
1068851_FY2022_036,strategic,16,8,0,3,24
1068851_FY2022_037,financial,6,6,0,0,0
1068851_FY2022_038,strategic,14,0,1,2,16
1068851_FY2022_039,regulatory,1,0,2,4,3
1068851_FY2022_040,financial,8,12,0,4,0
1068851_FY2022_041,strategic,4,6,3,2,10
1068851_FY2023_000,financial,62,70,0,8,0
1068851_FY2023_001,financial,66,71,2,5,2
1068851_FY2023_002,financial,37,41,0,4,0
1068851_FY2023_003,financial,25,28,0,0,3
1068851_FY2023_004,financial,32,32,0,0,0
1068851_FY2023_005,financial,67,69,0,1,2
1068851_FY2023_006,financial,15,17,0,2,1
1068851_FY2023_007,financial,0,1,0,1,0
1068851_FY2023_008,financial,20,28,1,8,0
1068851_FY2023_009,operational,13,2,15,0,2
1068851_FY2023_010,financial,6,18,12,0,2
1068851_FY2023_011,regulatory,7,0,0,7,0
1068851_FY2023_012,financial,1,8,0,7,0
1068851_FY2023_013,financial,15,16,0,1,1
1068851_FY2023_014,financial,25,33,0,1,8
1068851_FY2023_015,financial,9,11,0,2,0
1068851_FY2023_016,financial,3,6,0,3,2
1068851_FY2023_017,financial,23,23,0,0,0
1068851_FY2023_018,strategic,13,1,0,1,14
1068851_FY2023_019,strategic,10,2,1,1,12
1068851_FY2023_020,strategic,25,3,5,1,30
1068851_FY2023_021,regulatory,18,2,0,31,13
1068851_FY2023_022,financial,3,8,0,0,5
1068851_FY2023_023,operational,4,3,7,0,0
1068851_FY2023_024,operational,25,7,38,13,8
1068851_FY2023_025,strategic,1,2,4,1,5
1068851_FY2023_026,operational,15,0,19,0,4
1068851_FY2023_027,operational,5,0,7,0,2
1068851_FY2023_028,operational,14,0,15,1,1
1068851_FY2023_029,regulatory,1,2,1,3,2
1068851_FY2023_030,regulatory,2,0,6,8,3
1068851_FY2023_031,regulatory,36,13,0,49,2
1068851_FY2023_032,regulatory,2,0,6,8,3
1068851_FY2023_033,regulatory,2,0,0,3,1
1068851_FY2023_034,financial,6,7,0,1,0
1068851_FY2023_035,financial,12,18,3,3,6
1068851_FY2023_036,regulatory,1,5,0,11,10
1068851_FY2023_037,regulatory,1,0,2,4,3
1068851_FY2023_038,financial,8,12,0,4,0
1068851_FY2023_039,strategic,2,8,3,2,10
1068851_FY2023_040,strategic,9,1,2,8,17
1068851_FY2023_041,strategic,17,8,0,3,25
1068851_FY2023_042,financial,6,6,0,0,0
1068851_FY2023_043,strategic,14,0,1,2,16
1068851_FY2024_000,financial,64,72,0,8,0
1068851_FY2024_001,financial,68,72,2,4,2
1068851_FY2024_002,financial,37,41,0,4,0
1068851_FY2024_003,financial,25,28,0,0,3
1068851_FY2024_004,financial,32,32,0,0,0
1068851_FY2024_005,financial,69,71,0,1,2
1068851_FY2024_006,financial,15,17,0,2,1
1068851_FY2024_007,financial,0,1,0,1,0
1068851_FY2024_008,financial,25,27,1,2,0
1068851_FY2024_009,financial,6,18,12,0,2
1068851_FY2024_010,financial,1,8,0,7,0
1068851_FY2024_011,financial,15,16,0,1,1
1068851_FY2024_012,financial,25,33,0,1,8
1068851_FY2024_013,financial,8,12,0,4,0
1068851_FY2024_014,financial,3,6,0,3,2
1068851_FY2024_015,financial,23,23,0,0,0
1068851_FY2024_016,strategic,13,1,0,1,14
1068851_FY2024_017,strategic,10,2,1,1,12
1068851_FY2024_018,strategic,24,3,5,1,29
1068851_FY2024_019,regulatory,18,2,0,31,13
1068851_FY2024_020,financial,3,8,0,0,5
1068851_FY2024_021,operational,4,3,7,0,0
1068851_FY2024_022,operational,27,7,38,11,7
1068851_FY2024_023,strategic,1,2,4,1,5
1068851_FY2024_024,operational,15,0,19,0,4
1068851_FY2024_025,operational,5,0,7,0,2
1068851_FY2024_026,operational,18,0,19,1,0
1068851_FY2024_027,operational,13,2,15,0,2
1068851_FY2024_028,regulatory,1,2,1,3,2
1068851_FY2024_029,regulatory,2,0,6,8,3
1068851_FY2024_030,regulatory,3,0,6,13,10
1068851_FY2024_031,regulatory,41,4,0,45,2
1068851_FY2024_032,regulatory,2,0,6,8,3
1068851_FY2024_033,regulatory,2,0,0,3,1
1068851_FY2024_034,regulatory,7,0,0,7,0
1068851_FY2024_035,financial,6,7,0,1,0
1068851_FY2024_036,financial,12,18,3,3,6
1068851_FY2024_037,strategic,7,5,0,11,18
1068851_FY2024_038,regulatory,1,0,2,4,3
1068851_FY2024_039,financial,8,12,0,4,0
1068851_FY2024_040,strategic,2,8,3,2,10
1068851_FY2024_041,strategic,3,1,0,5,8
1068851_FY2024_042,strategic,17,8,0,3,25
1068851_FY2024_043,financial,6,6,0,0,0
1068851_FY2024_044,strategic,14,0,1,2,16
1068851_FY2025_000,financial,73,83,0,10,0
1068851_FY2025_001,financial,70,74,3,4,4
1068851_FY2025_002,financial,37,41,0,4,0
1068851_FY2025_003,financial,25,28,0,0,3
1068851_FY2025_004,financial,32,32,0,0,0
1068851_FY2025_005,financial,69,71,0,1,2
1068851_FY2025_006,financial,15,17,0,2,1
1068851_FY2025_007,financial,0,1,0,1,0
1068851_FY2025_008,financial,25,27,1,2,0
1068851_FY2025_009,financial,6,18,12,0,2
1068851_FY2025_010,financial,1,8,0,7,0
1068851_FY2025_011,financial,15,16,0,1,1
1068851_FY2025_012,financial,25,33,0,1,8
1068851_FY2025_013,financial,8,12,0,4,0
1068851_FY2025_014,financial,3,6,0,3,2
1068851_FY2025_015,financial,23,23,0,0,0
1068851_FY2025_016,strategic,13,1,0,1,14
1068851_FY2025_017,strategic,10,2,1,1,12
1068851_FY2025_018,strategic,15,1,2,3,18
1068851_FY2025_019,strategic,25,3,5,1,30
1068851_FY2025_020,regulatory,18,2,0,29,11
1068851_FY2025_021,financial,3,8,0,0,5
1068851_FY2025_022,operational,4,3,7,0,0
1068851_FY2025_023,operational,20,7,34,14,7
1068851_FY2025_024,strategic,1,2,4,1,5
1068851_FY2025_025,operational,15,0,19,0,4
1068851_FY2025_026,operational,5,0,7,0,2
1068851_FY2025_027,operational,18,0,19,1,0
1068851_FY2025_028,operational,13,2,15,0,2
1068851_FY2025_029,regulatory,1,2,1,3,2
1068851_FY2025_030,regulatory,2,0,6,8,3
1068851_FY2025_031,regulatory,3,0,6,13,10
1068851_FY2025_032,regulatory,41,4,0,45,2
1068851_FY2025_033,regulatory,2,0,6,8,3
1068851_FY2025_034,regulatory,2,0,0,3,1
1068851_FY2025_035,regulatory,7,0,0,7,0
1068851_FY2025_036,financial,6,7,0,1,0
1068851_FY2025_037,financial,10,21,3,11,6
1068851_FY2025_038,strategic,7,5,0,11,18
1068851_FY2025_039,regulatory,1,0,2,4,3
1068851_FY2025_040,financial,8,12,0,4,0
1068851_FY2025_041,strategic,2,8,3,2,10
1068851_FY2025_042,strategic,3,1,0,5,8
1068851_FY2025_043,strategic,17,8,0,3,25
1068851_FY2025_044,financial,6,6,0,0,0
1068851_FY2025_045,strategic,14,0,1,2,16
1069157_FY2021_000,financial,20,25,0,5,3
1069157_FY2021_001,regulatory,9,10,0,19,1
1069157_FY2021_002,financial,29,31,0,0,2
1069157_FY2021_003,financial,4,4,0,0,0
1069157_FY2021_004,regulatory,13,1,1,14,0
1069157_FY2021_005,financial,20,20,0,0,0
1069157_FY2021_006,financial,3,9,1,6,0
1069157_FY2021_007,financial,27,36,0,9,0
1069157_FY2021_008,financial,45,47,0,1,2
1069157_FY2021_009,financial,27,33,2,6,5
1069157_FY2021_010,financial,1,8,0,7,0
1069157_FY2021_011,financial,0,0,0,0,0
1069157_FY2021_012,regulatory,12,4,0,16,0
1069157_FY2021_013,financial,7,21,0,14,0
1069157_FY2021_014,financial,20,22,0,0,2
1069157_FY2021_015,financial,14,15,0,1,0
1069157_FY2021_016,financial,66,70,0,4,0
1069157_FY2021_017,financial,38,38,0,0,0
1069157_FY2021_018,operational,44,10,57,8,13
1069157_FY2021_019,operational,11,0,14,0,3
1069157_FY2021_020,financial,7,7,0,0,0
1069157_FY2021_021,operational,0,0,2,2,0
1069157_FY2021_022,operational,8,1,11,0,3
1069157_FY2021_023,strategic,5,12,0,0,17
1069157_FY2021_024,strategic,12,1,1,0,13
1069157_FY2021_025,regulatory,50,1,0,67,17
1069157_FY2021_026,regulatory,36,2,2,38,2
1069157_FY2021_027,regulatory,16,1,0,24,8
1069157_FY2021_028,regulatory,9,0,0,9,0
1069157_FY2021_029,financial,3,4,1,1,0
1069157_FY2021_030,regulatory,15,1,0,16,0
1069157_FY2021_031,regulatory,3,0,0,3,0
1069157_FY2021_032,strategic,3,0,3,4,7
1069157_FY2021_033,operational,2,0,11,6,9
1069157_FY2021_034,financial,0,6,2,2,6
1069157_FY2021_035,financial,7,8,0,0,1
1069157_FY2022_000,financial,27,30,0,1,3
1069157_FY2022_001,financial,4,4,0,0,0
1069157_FY2022_002,regulatory,13,1,1,14,0
1069157_FY2022_003,financial,13,14,0,0,1
1069157_FY2022_004,financial,4,10,1,6,1
1069157_FY2022_005,financial,27,36,0,9,0
1069157_FY2022_006,financial,46,48,0,2,2
1069157_FY2022_007,financial,14,17,0,3,0
1069157_FY2022_008,financial,14,14,0,0,0
1069157_FY2022_009,financial,12,15,2,3,3
1069157_FY2022_010,financial,1,8,0,7,0
1069157_FY2022_011,regulatory,5,3,0,8,0
1069157_FY2022_012,financial,0,0,0,0,0
1069157_FY2022_013,regulatory,12,4,0,16,0
1069157_FY2022_014,financial,7,21,0,14,0
1069157_FY2022_015,financial,20,22,0,0,2
1069157_FY2022_016,financial,14,15,0,1,0
1069157_FY2022_017,financial,50,50,0,0,0
1069157_FY2022_018,financial,40,40,0,0,0
1069157_FY2022_019,operational,52,10,70,10,18
1069157_FY2022_020,operational,11,0,14,0,3
1069157_FY2022_021,regulatory,5,0,3,12,7
1069157_FY2022_022,financial,7,7,0,0,0
1069157_FY2022_023,operational,0,0,2,2,0
1069157_FY2022_024,operational,7,1,10,0,3
1069157_FY2022_025,strategic,5,12,0,0,17
1069157_FY2022_026,strategic,12,1,1,0,13
1069157_FY2022_027,regulatory,3,0,0,3,0
1069157_FY2022_028,regulatory,46,0,0,58,12
1069157_FY2022_029,regulatory,15,1,0,16,0
1069157_FY2022_030,regulatory,35,2,2,37,2
1069157_FY2022_031,regulatory,17,1,0,25,8
1069157_FY2022_032,regulatory,9,0,0,9,0
1069157_FY2022_033,financial,4,5,1,1,0
1069157_FY2022_034,financial,7,8,0,0,1
1069157_FY2022_035,strategic,3,0,3,4,7
1069157_FY2022_036,operational,2,0,11,6,9
1069157_FY2022_037,strategic,10,1,1,5,15
1069157_FY2022_038,financial,0,6,2,2,6
1069157_FY2023_000,financial,27,30,0,2,3
1069157_FY2023_001,financial,4,4,0,0,0
1069157_FY2023_002,regulatory,11,1,1,14,3
1069157_FY2023_003,financial,12,14,2,0,1
1069157_FY2023_004,financial,7,13,2,6,5
1069157_FY2023_005,financial,27,36,0,9,0
1069157_FY2023_006,financial,49,51,0,2,2
1069157_FY2023_007,financial,16,17,1,1,1
1069157_FY2023_008,financial,1,8,0,7,0
1069157_FY2023_009,regulatory,4,3,0,7,0
1069157_FY2023_010,financial,0,0,0,0,0
1069157_FY2023_011,regulatory,12,4,0,16,0
1069157_FY2023_012,financial,9,23,0,14,0
1069157_FY2023_013,financial,20,22,0,0,2
1069157_FY2023_014,financial,15,16,0,1,0
1069157_FY2023_015,financial,27,31,0,4,0
1069157_FY2023_016,financial,43,43,0,0,0
1069157_FY2023_017,financial,40,40,0,0,0
1069157_FY2023_018,operational,60,10,79,10,19
1069157_FY2023_019,operational,11,0,14,0,3
1069157_FY2023_020,regulatory,5,0,3,12,7
1069157_FY2023_021,financial,6,14,0,8,4
1069157_FY2023_022,operational,0,0,2,2,0
1069157_FY2023_023,strategic,3,1,2,1,5
1069157_FY2023_024,operational,7,1,10,0,3
1069157_FY2023_025,strategic,5,12,0,0,17
1069157_FY2023_026,strategic,12,1,1,0,13
1069157_FY2023_027,strategic,8,0,0,4,12
1069157_FY2023_028,regulatory,3,0,0,3,0
1069157_FY2023_029,regulatory,50,0,0,61,11
1069157_FY2023_030,regulatory,16,1,0,17,0
1069157_FY2023_031,regulatory,36,2,2,38,2
1069157_FY2023_032,regulatory,21,1,0,29,8
1069157_FY2023_033,regulatory,9,0,0,9,0
1069157_FY2023_034,financial,4,5,1,1,0
1069157_FY2023_035,financial,7,8,0,0,1
1069157_FY2023_036,strategic,3,0,3,4,7
1069157_FY2023_037,operational,2,0,11,6,9
1069157_FY2023_038,strategic,7,1,1,9,16
1069157_FY2023_039,financial,0,6,2,2,6
1069157_FY2024_000,financial,27,30,0,2,3
1069157_FY2024_001,regulatory,6,5,1,11,3
1069157_FY2024_002,financial,17,21,1,4,3
1069157_FY2024_003,financial,30,39,0,9,0
1069157_FY2024_004,financial,49,51,0,2,2
1069157_FY2024_005,financial,17,19,1,2,1
1069157_FY2024_006,financial,1,8,0,7,0
1069157_FY2024_007,regulatory,2,4,0,6,0
1069157_FY2024_008,financial,0,0,0,0,0
1069157_FY2024_009,regulatory,12,4,0,16,0
1069157_FY2024_010,financial,8,15,0,7,0
1069157_FY2024_011,financial,22,24,0,0,2
1069157_FY2024_012,financial,14,15,0,1,0
1069157_FY2024_013,financial,27,31,0,4,0
1069157_FY2024_014,financial,36,36,0,0,0
1069157_FY2024_015,financial,42,42,0,0,0
1069157_FY2024_016,operational,42,8,56,10,14
1069157_FY2024_017,operational,11,0,14,0,3
1069157_FY2024_018,financial,3,11,0,8,3
1069157_FY2024_019,operational,0,0,2,2,0
1069157_FY2024_020,strategic,3,1,2,1,5
1069157_FY2024_021,operational,12,0,14,0,2
1069157_FY2024_022,strategic,5,12,0,0,17
1069157_FY2024_023,strategic,14,1,1,0,15
1069157_FY2024_024,strategic,8,0,0,4,12
1069157_FY2024_025,regulatory,3,0,0,3,0
1069157_FY2024_026,regulatory,56,1,2,68,12
1069157_FY2024_027,regulatory,16,0,0,16,0
1069157_FY2024_028,regulatory,36,2,2,38,2
1069157_FY2024_029,regulatory,5,0,3,12,7
1069157_FY2024_030,regulatory,21,1,1,29,8
1069157_FY2024_031,regulatory,10,0,0,10,0
1069157_FY2024_032,financial,4,5,1,1,0
1069157_FY2024_033,financial,7,8,0,0,1
1069157_FY2024_034,strategic,3,0,3,4,7
1069157_FY2024_035,operational,2,0,11,6,9
1069157_FY2024_036,strategic,11,1,1,9,20
1069157_FY2024_037,financial,0,6,3,2,6
1069157_FY2025_000,financial,27,30,0,2,3
1069157_FY2025_001,regulatory,9,6,1,15,3
1069157_FY2025_002,financial,17,21,1,4,3
1069157_FY2025_003,financial,29,38,0,9,0
1069157_FY2025_004,financial,51,53,0,2,2
1069157_FY2025_005,financial,14,15,1,0,1
1069157_FY2025_006,financial,0,8,1,8,0
1069157_FY2025_007,regulatory,2,4,0,6,0
1069157_FY2025_008,financial,0,0,0,0,0
1069157_FY2025_009,regulatory,11,3,0,14,0
1069157_FY2025_010,financial,8,15,0,7,0
1069157_FY2025_011,financial,22,24,0,0,2
1069157_FY2025_012,financial,14,15,0,1,0
1069157_FY2025_013,financial,28,32,0,4,0
1069157_FY2025_014,financial,30,30,0,0,0
1069157_FY2025_015,financial,48,48,0,0,0
1069157_FY2025_016,operational,42,8,56,10,14
1069157_FY2025_017,operational,10,0,15,0,5
1069157_FY2025_018,financial,4,12,0,8,3
1069157_FY2025_019,strategic,2,1,3,1,5
1069157_FY2025_020,operational,12,0,14,0,2
1069157_FY2025_021,strategic,6,13,0,0,19
1069157_FY2025_022,strategic,14,1,1,0,15
1069157_FY2025_023,strategic,8,0,0,4,12
1069157_FY2025_024,regulatory,3,0,0,4,1
1069157_FY2025_025,regulatory,51,0,0,62,11
1069157_FY2025_026,regulatory,17,1,0,18,0
1069157_FY2025_027,regulatory,36,2,2,38,2
1069157_FY2025_028,regulatory,8,0,5,15,7
1069157_FY2025_029,regulatory,21,1,1,29,8
1069157_FY2025_030,regulatory,10,0,0,10,0
1069157_FY2025_031,financial,4,5,1,1,0
1069157_FY2025_032,financial,7,8,0,0,1
1069157_FY2025_033,strategic,3,0,3,4,7
1069157_FY2025_034,operational,2,0,11,6,9
1069157_FY2025_035,financial,0,6,3,2,6
109380_FY2021_000,financial,7,7,0,0,0
109380_FY2021_001,financial,36,38,0,2,1
109380_FY2021_002,financial,13,14,0,0,1
109380_FY2021_003,financial,8,11,0,0,3
109380_FY2021_004,financial,14,17,0,3,1
109380_FY2021_005,financial,25,27,1,2,0
109380_FY2021_006,financial,10,10,0,0,0
109380_FY2021_007,financial,9,12,0,3,3
109380_FY2021_008,financial,6,6,0,0,0
109380_FY2021_009,operational,8,9,18,6,10
109380_FY2021_010,financial,4,7,0,3,1
109380_FY2021_011,strategic,3,1,4,2,7
109380_FY2021_012,operational,4,0,5,1,0
109380_FY2021_013,operational,6,0,6,0,0
109380_FY2021_014,operational,4,6,10,0,0
109380_FY2021_015,operational,16,0,16,0,0
109380_FY2021_016,strategic,8,0,0,0,8
109380_FY2021_017,operational,11,1,12,1,1
109380_FY2021_018,operational,30,0,36,6,3
109380_FY2021_019,regulatory,9,8,0,17,0
109380_FY2021_020,regulatory,4,1,0,5,1
109380_FY2021_021,regulatory,14,1,0,15,0
109380_FY2021_022,financial,3,3,0,0,0
109380_FY2021_023,regulatory,31,1,2,33,0
109380_FY2021_024,regulatory,20,0,1,21,1
109380_FY2021_025,regulatory,9,10,0,19,0
109380_FY2021_026,strategic,14,0,0,5,19
109380_FY2021_027,strategic,1,1,0,3,4
109380_FY2021_028,strategic,1,0,0,7,8
109380_FY2021_029,financial,2,6,4,4,3
109380_FY2021_030,regulatory,7,0,0,11,4
109380_FY2022_000,financial,8,8,0,0,0
109380_FY2022_001,financial,34,36,0,2,0
109380_FY2022_002,financial,12,13,0,0,1
109380_FY2022_003,financial,12,12,0,0,0
109380_FY2022_004,financial,13,16,0,3,1
109380_FY2022_005,financial,16,17,0,1,0
109380_FY2022_006,financial,18,23,0,2,5
109380_FY2022_007,financial,12,12,0,0,0
109380_FY2022_008,financial,6,6,0,0,0
109380_FY2022_009,operational,6,5,14,6,8
109380_FY2022_010,strategic,5,1,2,2,7
109380_FY2022_011,operational,5,0,6,1,0
109380_FY2022_012,operational,6,0,6,0,0
109380_FY2022_013,financial,4,8,0,4,1
109380_FY2022_014,operational,4,6,10,0,0
109380_FY2022_015,operational,16,1,17,0,0
109380_FY2022_016,strategic,8,0,0,0,8
109380_FY2022_017,operational,12,1,13,1,1
109380_FY2022_018,operational,36,0,42,6,3
109380_FY2022_019,regulatory,7,8,0,15,0
109380_FY2022_020,regulatory,4,1,0,5,1
109380_FY2022_021,regulatory,15,0,0,15,0
109380_FY2022_022,financial,0,2,0,2,0
109380_FY2022_023,regulatory,3,1,0,4,0
109380_FY2022_024,regulatory,31,1,2,33,0
109380_FY2022_025,regulatory,23,0,1,24,1
109380_FY2022_026,regulatory,9,10,0,19,0
109380_FY2022_027,strategic,14,0,0,5,19
109380_FY2022_028,strategic,1,1,0,3,4
109380_FY2022_029,strategic,1,0,0,7,8
109380_FY2022_030,operational,1,3,5,2,4
109380_FY2022_031,financial,1,5,3,2,4
109380_FY2022_032,regulatory,10,3,0,17,7
109380_FY2023_000,financial,8,8,0,0,0
109380_FY2023_001,financial,42,44,0,2,0
109380_FY2023_002,financial,12,13,0,0,1
109380_FY2023_003,financial,12,12,0,0,0
109380_FY2023_004,financial,19,22,0,3,1
109380_FY2023_005,financial,42,49,0,7,6
109380_FY2023_006,financial,12,12,0,0,0
109380_FY2023_007,financial,7,8,0,0,1
109380_FY2023_008,operational,6,5,14,6,8
109380_FY2023_009,strategic,9,0,1,0,10
109380_FY2023_010,strategic,5,0,2,2,7
109380_FY2023_011,operational,5,0,6,1,0
109380_FY2023_012,operational,6,0,6,0,0
109380_FY2023_013,financial,4,8,0,4,1
109380_FY2023_014,operational,2,10,12,0,0
109380_FY2023_015,operational,17,1,18,0,0
109380_FY2023_016,operational,12,1,13,1,1
109380_FY2023_017,operational,33,0,40,7,3
109380_FY2023_018,regulatory,7,8,0,15,0
109380_FY2023_019,regulatory,13,1,0,14,1
109380_FY2023_020,regulatory,15,0,0,15,0
109380_FY2023_021,financial,0,2,0,2,0
109380_FY2023_022,regulatory,3,1,0,4,0
109380_FY2023_023,regulatory,31,1,2,33,0
109380_FY2023_024,regulatory,36,0,0,36,0
109380_FY2023_025,regulatory,23,0,1,24,1
109380_FY2023_026,regulatory,9,10,0,19,0
109380_FY2023_027,strategic,14,0,0,5,19
109380_FY2023_028,strategic,1,1,0,3,4
109380_FY2023_029,strategic,1,0,0,7,8
109380_FY2023_030,operational,0,3,4,2,4
109380_FY2023_031,regulatory,20,3,0,23,2
109380_FY2023_032,financial,4,11,0,7,1
109380_FY2024_000,financial,8,8,0,0,0
109380_FY2024_001,financial,9,9,0,0,0
109380_FY2024_002,financial,41,43,0,2,0
109380_FY2024_003,financial,14,15,0,0,1
109380_FY2024_004,financial,10,11,0,1,0
109380_FY2024_005,financial,20,23,0,3,1
109380_FY2024_006,financial,21,26,0,4,5
109380_FY2024_007,financial,12,12,0,0,0
109380_FY2024_008,financial,7,8,0,0,1
109380_FY2024_009,operational,7,7,15,6,8
109380_FY2024_010,strategic,9,0,1,0,10
109380_FY2024_011,strategic,5,0,3,2,8
109380_FY2024_012,operational,5,0,6,1,0
109380_FY2024_013,operational,6,0,6,0,0
109380_FY2024_014,financial,4,8,0,4,1
109380_FY2024_015,operational,2,10,12,0,0
109380_FY2024_016,operational,10,2,12,0,0
109380_FY2024_017,operational,16,1,17,1,1
109380_FY2024_018,operational,40,0,45,5,3
109380_FY2024_019,regulatory,7,8,0,15,0
109380_FY2024_020,regulatory,10,4,0,14,1
109380_FY2024_021,regulatory,15,0,0,15,0
109380_FY2024_022,financial,0,2,0,2,0
109380_FY2024_023,regulatory,3,1,0,4,0
109380_FY2024_024,regulatory,27,1,2,29,0
109380_FY2024_025,regulatory,14,2,2,16,0
109380_FY2024_026,regulatory,36,0,0,36,0
109380_FY2024_027,regulatory,23,0,1,24,1
109380_FY2024_028,regulatory,9,10,0,19,0
109380_FY2024_029,strategic,14,0,0,5,19
109380_FY2024_030,strategic,1,1,0,3,4
109380_FY2024_031,strategic,1,0,0,7,8
109380_FY2024_032,operational,0,3,4,2,4
109380_FY2024_033,regulatory,10,4,0,22,12
109380_FY2024_034,financial,5,11,0,6,0
109380_FY2025_000,financial,9,9,0,0,0
109380_FY2025_001,financial,9,9,0,0,0
109380_FY2025_002,financial,35,36,0,1,0
109380_FY2025_003,financial,11,12,0,0,1
109380_FY2025_004,financial,10,12,0,2,0
109380_FY2025_005,financial,24,27,0,3,1
109380_FY2025_006,financial,26,31,0,4,5
109380_FY2025_007,financial,14,14,0,0,0
109380_FY2025_008,financial,7,8,0,1,1
109380_FY2025_009,operational,4,5,10,6,5
109380_FY2025_010,operational,4,0,5,0,1
109380_FY2025_011,strategic,12,2,1,1,14
109380_FY2025_012,strategic,9,0,0,0,9
109380_FY2025_013,strategic,6,0,3,2,9
109380_FY2025_014,operational,4,0,7,1,3
109380_FY2025_015,operational,7,0,8,0,1
109380_FY2025_016,financial,4,7,0,3,1
109380_FY2025_017,operational,3,8,11,1,0
109380_FY2025_018,operational,11,2,14,0,3
109380_FY2025_019,operational,9,1,11,0,2
109380_FY2025_020,operational,5,1,13,8,2
109380_FY2025_021,operational,43,0,50,7,4
109380_FY2025_022,regulatory,9,8,0,17,0
109380_FY2025_023,regulatory,9,4,0,13,3
109380_FY2025_024,regulatory,11,0,0,11,0
109380_FY2025_025,financial,0,2,0,2,0
109380_FY2025_026,regulatory,3,1,0,4,0
109380_FY2025_027,regulatory,27,4,2,31,1
109380_FY2025_028,regulatory,7,0,2,9,1
109380_FY2025_029,regulatory,31,0,0,31,0
109380_FY2025_030,regulatory,22,0,1,23,1
109380_FY2025_031,regulatory,12,10,0,22,0
109380_FY2025_032,strategic,5,0,0,8,13
109380_FY2025_033,strategic,3,1,0,3,6
109380_FY2025_034,regulatory,1,0,0,7,6
109380_FY2025_035,strategic,2,3,4,1,6
109380_FY2025_036,regulatory,5,1,2,20,15
109380_FY2025_037,financial,3,10,0,7,2
1169770_FY2021_000,financial,10,13,0,0,3
1169770_FY2021_001,financial,14,28,14,5,6
1169770_FY2021_002,strategic,16,0,4,2,20
1169770_FY2021_003,operational,20,0,28,8,4
1169770_FY2021_004,operational,3,0,4,1,0
1169770_FY2021_005,operational,13,0,16,3,1
1169770_FY2021_006,operational,19,2,21,0,1
1169770_FY2021_007,strategic,23,1,1,2,25
1169770_FY2021_008,operational,15,0,15,0,0
1169770_FY2021_009,operational,1,3,6,4,5
1169770_FY2021_010,strategic,3,0,8,5,11
1169770_FY2021_011,operational,5,0,5,0,0
1169770_FY2021_012,operational,7,0,9,0,2
1169770_FY2021_013,financial,2,2,0,0,0
1169770_FY2021_014,financial,94,98,3,4,0
1169770_FY2021_015,financial,42,42,0,0,0
1169770_FY2021_016,financial,33,33,0,0,0
1169770_FY2021_017,financial,21,21,0,0,0
1169770_FY2021_018,financial,36,39,3,0,0
1169770_FY2021_019,financial,60,66,0,6,0
1169770_FY2021_020,financial,50,50,0,0,0
1169770_FY2021_021,financial,5,8,0,1,3
1169770_FY2021_022,financial,26,26,0,0,0
1169770_FY2021_023,financial,51,56,5,0,0
1169770_FY2021_024,financial,51,53,0,2,0
1169770_FY2021_025,financial,22,23,0,0,1
1169770_FY2021_026,financial,71,71,0,0,0
1169770_FY2021_027,financial,25,26,0,1,0
1169770_FY2021_028,financial,52,56,0,4,0
1169770_FY2021_029,financial,22,27,1,0,5
1169770_FY2021_030,financial,14,15,0,1,1
1169770_FY2021_031,financial,2,3,0,1,1
1169770_FY2021_032,financial,15,20,0,5,0
1169770_FY2021_033,financial,1,10,0,9,0
1169770_FY2021_034,regulatory,9,1,0,10,0
1169770_FY2021_035,regulatory,6,11,0,17,4
1169770_FY2021_036,regulatory,45,21,2,66,3
1169770_FY2021_037,regulatory,23,7,0,30,4
1169770_FY2021_038,regulatory,58,0,0,59,1
1169770_FY2021_039,financial,0,3,0,3,1
1169770_FY2021_040,financial,12,23,3,11,10
1169770_FY2021_041,financial,7,9,2,1,0
1169770_FY2021_042,financial,30,31,0,0,1
1169770_FY2021_043,strategic,16,1,0,0,17
1169770_FY2021_044,strategic,6,1,1,1,7
1169770_FY2021_045,regulatory,3,9,2,12,6
1169770_FY2022_000,financial,3,6,0,0,3
1169770_FY2022_001,strategic,18,0,4,2,22
1169770_FY2022_002,regulatory,2,0,0,4,2
1169770_FY2022_003,operational,15,0,32,17,4
1169770_FY2022_004,operational,3,0,4,1,0
1169770_FY2022_005,operational,15,0,18,3,1
1169770_FY2022_006,operational,22,2,24,0,1
1169770_FY2022_007,strategic,23,1,1,2,25
1169770_FY2022_008,regulatory,10,0,3,13,2
1169770_FY2022_009,operational,4,0,4,0,0
1169770_FY2022_010,operational,1,0,1,0,0
1169770_FY2022_011,operational,15,0,15,0,0
1169770_FY2022_012,operational,1,3,6,4,5
1169770_FY2022_013,strategic,3,0,8,5,11
1169770_FY2022_014,operational,5,0,5,0,0
1169770_FY2022_015,operational,7,0,9,0,2
1169770_FY2022_016,financial,2,2,0,0,0
1169770_FY2022_017,financial,72,73,1,1,0
1169770_FY2022_018,financial,30,30,0,0,0
1169770_FY2022_019,financial,12,12,0,0,0
1169770_FY2022_020,financial,27,28,1,0,1
1169770_FY2022_021,financial,33,33,0,0,0
1169770_FY2022_022,financial,21,21,0,0,0
1169770_FY2022_023,financial,34,36,2,0,0
1169770_FY2022_024,financial,64,66,0,2,0
1169770_FY2022_025,financial,50,50,0,0,0
1169770_FY2022_026,financial,5,8,0,1,3
1169770_FY2022_027,financial,13,13,0,0,0
1169770_FY2022_028,financial,13,13,0,0,0
1169770_FY2022_029,financial,51,56,5,0,0
1169770_FY2022_030,financial,43,43,0,0,0
1169770_FY2022_031,financial,6,8,0,2,0
1169770_FY2022_032,financial,24,25,0,0,1
1169770_FY2022_033,financial,71,71,0,0,0
1169770_FY2022_034,financial,25,26,0,1,0
1169770_FY2022_035,financial,44,51,0,7,0
1169770_FY2022_036,financial,23,28,1,0,5
1169770_FY2022_037,financial,14,15,0,1,1
1169770_FY2022_038,financial,2,3,0,1,1
1169770_FY2022_039,financial,15,20,0,5,0
1169770_FY2022_040,financial,1,10,0,9,0
1169770_FY2022_041,regulatory,9,1,0,10,0
1169770_FY2022_042,regulatory,6,12,0,18,4
1169770_FY2022_043,regulatory,45,21,2,66,3
1169770_FY2022_044,regulatory,23,7,0,30,4
1169770_FY2022_045,regulatory,58,0,0,59,1
1169770_FY2022_046,financial,1,3,0,2,1
1169770_FY2022_047,financial,12,23,3,11,10
1169770_FY2022_048,financial,14,20,6,4,2
1169770_FY2022_049,financial,15,16,0,0,1
1169770_FY2022_050,financial,5,5,0,0,0
1169770_FY2022_051,strategic,13,6,0,0,19
1169770_FY2022_052,strategic,6,1,1,1,7
1169770_FY2022_053,regulatory,3,9,2,12,6
1169770_FY2023_000,financial,42,44,1,2,0
1169770_FY2023_001,financial,9,12,0,3,0
1169770_FY2023_002,regulatory,34,1,0,35,0
1169770_FY2023_003,financial,0,3,0,1,3
1169770_FY2023_004,strategic,18,0,4,6,24
1169770_FY2023_005,operational,18,0,35,17,4
1169770_FY2023_006,operational,3,0,4,1,0
1169770_FY2023_007,operational,15,0,18,3,1
1169770_FY2023_008,operational,22,2,24,0,1
1169770_FY2023_009,strategic,26,1,1,4,30
1169770_FY2023_010,regulatory,10,0,3,13,2
1169770_FY2023_011,operational,5,0,5,0,0
1169770_FY2023_012,operational,18,0,18,0,0
1169770_FY2023_013,operational,1,3,6,4,5
1169770_FY2023_014,strategic,3,0,8,5,11
1169770_FY2023_015,operational,4,0,5,0,1
1169770_FY2023_016,operational,9,0,18,9,2
1169770_FY2023_017,financial,2,2,0,0,0
1169770_FY2023_018,financial,1,5,0,0,4
1169770_FY2023_019,strategic,9,3,0,0,12
1169770_FY2023_020,financial,77,79,1,2,1
1169770_FY2023_021,financial,16,16,0,0,0
1169770_FY2023_022,financial,41,41,0,0,0
1169770_FY2023_023,financial,13,23,0,10,1
1169770_FY2023_024,financial,29,30,1,0,1
1169770_FY2023_025,financial,24,24,0,0,0
1169770_FY2023_026,financial,21,21,0,0,0
1169770_FY2023_027,financial,27,29,2,0,0
1169770_FY2023_028,financial,50,50,0,0,0
1169770_FY2023_029,financial,5,8,0,1,3
1169770_FY2023_030,financial,26,26,0,0,0
1169770_FY2023_031,financial,51,56,5,0,0
1169770_FY2023_032,financial,49,51,0,2,0
1169770_FY2023_033,financial,77,79,0,2,2
1169770_FY2023_034,financial,25,26,0,1,0
1169770_FY2023_035,financial,6,7,0,0,1
1169770_FY2023_036,financial,5,5,0,0,0
1169770_FY2023_037,financial,31,39,0,2,8
1169770_FY2023_038,financial,26,28,0,2,1
1169770_FY2023_039,financial,3,12,0,9,2
1169770_FY2023_040,regulatory,10,4,0,14,2
1169770_FY2023_041,regulatory,2,0,0,2,0
1169770_FY2023_042,regulatory,2,6,0,8,1
1169770_FY2023_043,financial,7,14,0,7,0
1169770_FY2023_044,financial,3,15,0,12,0
1169770_FY2023_045,regulatory,29,22,4,51,9
1169770_FY2023_046,regulatory,5,1,0,10,5
1169770_FY2023_047,regulatory,6,11,0,17,4
1169770_FY2023_048,regulatory,31,3,0,35,4
1169770_FY2023_049,regulatory,39,0,0,39,0
1169770_FY2023_050,regulatory,48,3,1,52,4
1169770_FY2023_051,regulatory,55,0,0,57,2
1169770_FY2023_052,financial,8,12,4,1,1
1169770_FY2023_053,regulatory,8,4,0,12,1
1169770_FY2023_054,financial,30,31,0,0,1
1169770_FY2023_055,financial,5,5,0,0,0
1169770_FY2023_056,strategic,13,6,0,0,19
1169770_FY2024_000,financial,51,53,1,2,0
1169770_FY2024_001,financial,10,13,0,3,0
1169770_FY2024_002,regulatory,34,1,0,35,0
1169770_FY2024_003,financial,2,5,0,0,3
1169770_FY2024_004,strategic,18,0,4,6,24
1169770_FY2024_005,operational,20,0,38,18,4
1169770_FY2024_006,operational,3,0,4,1,0
1169770_FY2024_007,operational,26,2,29,3,1
1169770_FY2024_008,operational,10,0,13,3,2
1169770_FY2024_009,strategic,26,1,1,4,30
1169770_FY2024_010,regulatory,11,0,2,13,2
1169770_FY2024_011,operational,5,0,5,0,0
1169770_FY2024_012,operational,18,0,18,0,0
1169770_FY2024_013,operational,1,3,6,4,5
1169770_FY2024_014,strategic,4,0,10,6,14
1169770_FY2024_015,operational,5,0,5,0,0
1169770_FY2024_016,operational,9,0,18,9,2
1169770_FY2024_017,financial,2,2,0,0,0
1169770_FY2024_018,financial,5,8,0,0,3
1169770_FY2024_019,strategic,2,3,0,0,5
1169770_FY2024_020,financial,90,92,1,2,1
1169770_FY2024_021,financial,41,41,0,0,0
1169770_FY2024_022,financial,4,29,0,25,1
1169770_FY2024_023,financial,26,27,1,0,1
1169770_FY2024_024,financial,26,26,0,0,0
1169770_FY2024_025,financial,16,19,0,0,3
1169770_FY2024_026,financial,21,21,0,0,0
1169770_FY2024_027,financial,27,29,2,0,0
1169770_FY2024_028,financial,50,50,0,0,0
1169770_FY2024_029,financial,5,8,0,1,3
1169770_FY2024_030,financial,26,26,0,0,0
1169770_FY2024_031,financial,51,56,5,0,0
1169770_FY2024_032,financial,49,51,0,2,0
1169770_FY2024_033,financial,77,79,0,2,2
1169770_FY2024_034,financial,36,38,0,2,0
1169770_FY2024_035,financial,5,5,0,0,0
1169770_FY2024_036,financial,8,8,0,0,0
1169770_FY2024_037,financial,32,40,0,2,8
1169770_FY2024_038,financial,26,28,0,2,1
1169770_FY2024_039,financial,3,12,0,9,2
1169770_FY2024_040,regulatory,10,4,0,14,2
1169770_FY2024_041,regulatory,2,0,0,2,0
1169770_FY2024_042,regulatory,2,6,0,8,1
1169770_FY2024_043,financial,7,14,0,7,0
1169770_FY2024_044,financial,3,15,0,12,0
1169770_FY2024_045,regulatory,38,20,4,58,9
1169770_FY2024_046,regulatory,8,1,0,10,2
1169770_FY2024_047,regulatory,6,11,0,17,4
1169770_FY2024_048,regulatory,36,4,0,42,6
1169770_FY2024_049,regulatory,39,0,0,39,0
1169770_FY2024_050,regulatory,48,3,1,52,4
1169770_FY2024_051,regulatory,55,0,0,57,2
1169770_FY2024_052,financial,8,12,4,1,1
1169770_FY2024_053,financial,30,31,0,0,1
1169770_FY2024_054,financial,5,5,0,0,0
1169770_FY2024_055,strategic,11,6,0,0,17
1169770_FY2025_000,strategic,18,0,4,6,24
1169770_FY2025_001,operational,20,0,36,16,4
1169770_FY2025_002,operational,3,0,4,1,0
1169770_FY2025_003,operational,26,2,29,3,1
1169770_FY2025_004,operational,5,0,9,4,3
1169770_FY2025_005,strategic,18,1,1,4,22
1169770_FY2025_006,operational,13,0,20,7,1
1169770_FY2025_007,strategic,2,0,10,6,12
1169770_FY2025_008,operational,5,0,5,0,0
1169770_FY2025_009,financial,2,2,0,0,0
1169770_FY2025_010,financial,21,30,0,0,9
1169770_FY2025_011,strategic,3,2,0,0,5
1169770_FY2025_012,financial,80,82,1,2,1
1169770_FY2025_013,financial,41,41,0,0,0
1169770_FY2025_014,financial,4,29,0,25,1
1169770_FY2025_015,financial,26,27,1,0,1
1169770_FY2025_016,financial,26,26,0,0,0
1169770_FY2025_017,financial,12,15,0,0,3
1169770_FY2025_018,financial,21,21,0,0,0
1169770_FY2025_019,financial,27,29,2,0,0
1169770_FY2025_020,financial,50,50,0,0,0
1169770_FY2025_021,financial,5,8,0,1,3
1169770_FY2025_022,financial,25,25,0,0,0
1169770_FY2025_023,financial,51,56,5,0,0
1169770_FY2025_024,financial,39,41,0,2,0
1169770_FY2025_025,financial,75,76,0,1,0
1169770_FY2025_026,financial,32,34,0,2,0
1169770_FY2025_027,financial,5,5,0,0,0
1169770_FY2025_028,financial,31,36,0,2,5
1169770_FY2025_029,financial,26,28,0,2,1
1169770_FY2025_030,financial,9,10,0,0,1
1169770_FY2025_031,regulatory,10,4,0,14,2
1169770_FY2025_032,regulatory,2,0,0,2,0
1169770_FY2025_033,regulatory,2,6,0,8,1
1169770_FY2025_034,financial,7,14,0,7,0
1169770_FY2025_035,financial,6,14,0,8,0
1169770_FY2025_036,regulatory,50,10,4,60,9
1169770_FY2025_037,regulatory,6,1,0,8,2
1169770_FY2025_038,regulatory,9,6,0,15,4
1169770_FY2025_039,regulatory,36,4,0,42,6
1169770_FY2025_040,regulatory,39,0,0,39,0
1169770_FY2025_041,regulatory,36,3,0,40,4
1169770_FY2025_042,regulatory,55,0,0,57,2
1169770_FY2025_043,financial,8,10,2,1,1
1169770_FY2025_044,financial,33,34,0,0,1
1169770_FY2025_045,strategic,11,6,0,0,17
1178970_FY2021_000,regulatory,1,2,0,3,0
1178970_FY2021_001,financial,35,38,0,0,3
1178970_FY2021_002,financial,36,38,0,2,0
1178970_FY2021_003,financial,53,57,0,4,0
1178970_FY2021_004,regulatory,35,10,2,45,0
1178970_FY2021_005,regulatory,20,0,0,20,0
1178970_FY2021_006,financial,25,33,0,8,2
1178970_FY2021_007,regulatory,12,1,0,21,9
1178970_FY2021_008,financial,21,23,2,1,1
1178970_FY2021_009,financial,7,17,0,10,0
1178970_FY2021_010,financial,19,23,4,4,1
1178970_FY2021_011,regulatory,6,12,0,18,0
1178970_FY2021_012,financial,30,31,0,1,1
1178970_FY2021_013,financial,15,15,0,0,0
1178970_FY2021_014,financial,8,13,5,1,2
1178970_FY2021_015,financial,11,11,0,0,0
1178970_FY2021_016,regulatory,26,0,2,28,2
1178970_FY2021_017,financial,14,18,0,2,4
1178970_FY2021_018,strategic,18,5,24,16,42
1178970_FY2021_019,operational,18,2,32,4,14
1178970_FY2021_020,strategic,2,0,0,0,2
1178970_FY2022_000,regulatory,1,2,0,3,1
1178970_FY2022_001,regulatory,0,0,0,19,19
1178970_FY2022_002,strategic,15,0,1,1,16
1178970_FY2022_003,financial,10,17,0,0,7
1178970_FY2022_004,strategic,18,1,3,0,21
1178970_FY2022_005,regulatory,8,5,0,16,8
1178970_FY2022_006,strategic,9,3,0,0,12
1178970_FY2022_007,operational,4,0,13,0,9
1178970_FY2022_008,strategic,5,0,2,0,7
1178970_FY2022_009,strategic,8,0,1,1,9
1178970_FY2022_010,regulatory,2,0,0,14,12
1178970_FY2022_011,operational,11,2,13,0,0
1178970_FY2022_012,strategic,20,0,0,3,23
1178970_FY2022_013,financial,36,39,0,1,3
1178970_FY2022_014,financial,16,17,0,1,0
1178970_FY2022_015,financial,36,38,0,2,0
1178970_FY2022_016,financial,53,57,0,4,0
1178970_FY2022_017,regulatory,35,10,2,45,0
1178970_FY2022_018,regulatory,20,0,0,20,0
1178970_FY2022_019,financial,27,36,0,9,2
1178970_FY2022_020,regulatory,12,1,0,21,9
1178970_FY2022_021,financial,20,22,2,1,1
1178970_FY2022_022,financial,7,17,0,10,0
1178970_FY2022_023,operational,1,1,3,2,0
1178970_FY2022_024,financial,30,31,0,1,1
1178970_FY2022_025,financial,32,37,0,5,0
1178970_FY2022_026,financial,8,13,5,1,2
1178970_FY2022_027,regulatory,26,0,2,28,2
1178970_FY2022_028,financial,14,18,0,2,4
1178970_FY2022_029,strategic,26,4,1,1,30
1178970_FY2022_030,operational,30,2,44,14,8
1178970_FY2022_031,operational,18,2,32,4,14
1178970_FY2022_032,strategic,2,0,0,0,2
1178970_FY2023_000,regulatory,1,2,0,3,1
1178970_FY2023_001,regulatory,2,0,0,20,18
1178970_FY2023_002,strategic,5,0,2,0,7
1178970_FY2023_003,strategic,32,3,0,5,37
1178970_FY2023_004,strategic,8,0,1,1,9
1178970_FY2023_005,operational,11,2,13,0,0
1178970_FY2023_006,strategic,12,0,1,4,16
1178970_FY2023_007,strategic,18,1,3,1,21
1178970_FY2023_008,regulatory,8,5,0,16,8
1178970_FY2023_009,strategic,2,0,18,16,20
1178970_FY2023_010,financial,38,41,0,3,3
1178970_FY2023_011,financial,17,18,0,1,1
1178970_FY2023_012,financial,36,38,0,2,0
1178970_FY2023_013,financial,57,61,0,4,0
1178970_FY2023_014,financial,20,30,0,10,0
1178970_FY2023_015,regulatory,33,13,2,46,0
1178970_FY2023_016,regulatory,29,0,0,29,0
1178970_FY2023_017,financial,34,47,0,13,2
1178970_FY2023_018,regulatory,12,1,0,21,9
1178970_FY2023_019,financial,20,22,2,1,1
1178970_FY2023_020,financial,4,18,0,14,0
1178970_FY2023_021,financial,15,16,0,1,0
1178970_FY2023_022,financial,7,13,6,1,2
1178970_FY2023_023,regulatory,26,0,2,28,2
1178970_FY2023_024,financial,39,47,0,8,7
1178970_FY2023_025,strategic,27,4,1,1,31
1178970_FY2023_026,operational,35,2,51,16,11
1178970_FY2023_027,operational,18,2,32,4,14
1178970_FY2023_028,operational,7,0,9,0,2
1178970_FY2024_000,regulatory,1,2,0,3,1
1178970_FY2024_001,strategic,15,1,5,1,20
1178970_FY2024_002,regulatory,7,1,0,13,6
1178970_FY2024_003,regulatory,11,5,0,16,4
1178970_FY2024_004,operational,15,0,18,0,3
1178970_FY2024_005,financial,37,40,0,2,3
1178970_FY2024_006,financial,11,11,0,0,0
1178970_FY2024_007,financial,36,38,0,2,0
1178970_FY2024_008,financial,59,63,0,4,0
1178970_FY2024_009,financial,19,27,0,8,0
1178970_FY2024_010,regulatory,33,13,2,46,0
1178970_FY2024_011,regulatory,27,0,0,27,0
1178970_FY2024_012,financial,6,21,0,15,2
1178970_FY2024_013,financial,34,47,0,13,2
1178970_FY2024_014,regulatory,12,1,0,21,9
1178970_FY2024_015,financial,20,22,2,1,2
1178970_FY2024_016,financial,4,17,0,13,1
1178970_FY2024_017,strategic,11,0,3,2,14
1178970_FY2024_018,financial,15,16,0,1,0
1178970_FY2024_019,financial,7,13,6,1,3
1178970_FY2024_020,regulatory,25,0,3,28,2
1178970_FY2024_021,financial,40,47,0,7,7
1178970_FY2024_022,strategic,27,4,1,1,31
1178970_FY2024_023,operational,19,1,21,2,1
1178970_FY2024_024,operational,14,3,31,17,11
1178970_FY2024_025,operational,18,2,32,4,14
1178970_FY2024_026,operational,7,0,9,0,2
1178970_FY2024_027,regulatory,3,0,1,4,1
1178970_FY2024_028,financial,4,5,0,1,0
1178970_FY2024_029,financial,8,10,0,2,0
1178970_FY2025_000,regulatory,1,2,0,3,1
1178970_FY2025_001,regulatory,7,1,0,13,6
1178970_FY2025_002,regulatory,10,6,0,16,4
1178970_FY2025_003,financial,37,40,0,2,3
1178970_FY2025_004,financial,11,11,0,0,0
1178970_FY2025_005,regulatory,6,2,0,8,0
1178970_FY2025_006,financial,36,38,0,2,0
1178970_FY2025_007,financial,59,63,0,4,0
1178970_FY2025_008,financial,4,15,0,11,3
1178970_FY2025_009,regulatory,33,13,2,46,0
1178970_FY2025_010,regulatory,9,0,0,9,0
1178970_FY2025_011,regulatory,27,0,0,27,0
1178970_FY2025_012,financial,5,21,0,16,2
1178970_FY2025_013,financial,32,45,0,13,2
1178970_FY2025_014,regulatory,12,1,0,21,9
1178970_FY2025_015,financial,20,22,2,1,2
1178970_FY2025_016,financial,0,12,0,12,1
1178970_FY2025_017,strategic,11,0,3,2,14
1178970_FY2025_018,financial,15,16,0,1,0
1178970_FY2025_019,financial,7,13,6,1,3
1178970_FY2025_020,regulatory,25,0,3,28,2
1178970_FY2025_021,financial,39,46,0,6,7
1178970_FY2025_022,strategic,27,10,1,2,37
1178970_FY2025_023,operational,19,1,21,2,1
1178970_FY2025_024,regulatory,1,2,0,3,1
1178970_FY2025_025,operational,17,1,31,14,14
1178970_FY2025_026,operational,18,2,32,4,14
1178970_FY2025_027,operational,3,0,6,3,0
1178970_FY2025_028,operational,7,0,9,0,2
1178970_FY2025_029,regulatory,3,0,1,4,1
1178970_FY2025_030,financial,4,5,0,1,0
1178970_FY2025_031,financial,8,10,0,2,0
1212545_FY2021_000,financial,2,3,0,1,0
1212545_FY2021_001,financial,14,20,3,6,4
1212545_FY2021_002,financial,28,33,0,3,5
1212545_FY2021_003,financial,46,54,0,4,8
1212545_FY2021_004,financial,8,8,0,0,0
1212545_FY2021_005,financial,46,50,0,4,0
1212545_FY2021_006,financial,7,8,1,0,0
1212545_FY2021_007,financial,17,26,3,9,5
1212545_FY2021_008,financial,5,7,0,1,2
1212545_FY2021_009,financial,44,45,1,1,1
1212545_FY2021_010,financial,22,22,0,0,0
1212545_FY2021_011,regulatory,1,2,0,3,0
1212545_FY2021_012,strategic,19,17,0,1,36
1212545_FY2021_013,strategic,27,1,3,3,30
1212545_FY2021_014,strategic,9,0,1,6,15
1212545_FY2021_015,strategic,11,0,0,8,19
1212545_FY2021_016,operational,15,2,22,0,7
1212545_FY2021_017,financial,0,0,0,0,0
1212545_FY2021_018,financial,43,46,1,2,3
1212545_FY2021_019,financial,22,23,1,0,0
1212545_FY2021_020,financial,10,10,0,0,0
1212545_FY2021_021,financial,12,12,0,0,0
1212545_FY2021_022,operational,27,0,34,2,7
1212545_FY2021_023,operational,14,0,15,0,1
1212545_FY2021_024,operational,11,0,13,0,2
1212545_FY2021_025,operational,4,0,8,4,3
1212545_FY2021_026,financial,32,35,2,3,0
1212545_FY2021_027,operational,1,2,3,2,2
1212545_FY2021_028,operational,3,0,4,1,0
1212545_FY2021_029,strategic,2,0,0,1,3
1212545_FY2021_030,regulatory,70,5,1,75,3
1212545_FY2021_031,regulatory,56,4,0,60,2
1212545_FY2021_032,regulatory,10,0,4,15,5
1212545_FY2021_033,regulatory,28,0,0,28,0
1212545_FY2021_034,strategic,5,0,0,1,6
1212545_FY2021_035,financial,5,9,0,1,4
1212545_FY2021_036,financial,4,5,1,0,1
1212545_FY2021_037,financial,15,18,0,3,0
1212545_FY2021_038,financial,12,13,0,0,1
1212545_FY2021_039,strategic,1,0,3,1,4
1212545_FY2022_000,financial,2,3,0,1,0
1212545_FY2022_001,financial,30,34,0,3,4
1212545_FY2022_002,financial,48,56,0,3,8
1212545_FY2022_003,financial,8,8,0,0,0
1212545_FY2022_004,financial,40,44,0,4,0
1212545_FY2022_005,financial,7,8,1,0,0
1212545_FY2022_006,financial,17,26,3,9,5
1212545_FY2022_007,strategic,2,0,0,10,12
1212545_FY2022_008,financial,2,4,1,0,2
1212545_FY2022_009,financial,5,7,0,1,2
1212545_FY2022_010,financial,41,42,1,1,1
1212545_FY2022_011,financial,22,22,0,0,0
1212545_FY2022_012,regulatory,1,2,0,3,0
1212545_FY2022_013,strategic,20,17,0,1,37
1212545_FY2022_014,strategic,26,1,3,3,29
1212545_FY2022_015,strategic,9,0,1,6,15
1212545_FY2022_016,strategic,10,0,0,8,18
1212545_FY2022_017,operational,11,2,18,0,7
1212545_FY2022_018,financial,0,0,0,0,0
1212545_FY2022_019,regulatory,2,8,0,10,0
1212545_FY2022_020,financial,47,50,1,2,3
1212545_FY2022_021,financial,22,23,1,0,0
1212545_FY2022_022,financial,11,11,0,0,0
1212545_FY2022_023,financial,12,12,0,0,0
1212545_FY2022_024,operational,28,0,35,2,7
1212545_FY2022_025,operational,13,0,14,0,1
1212545_FY2022_026,operational,11,0,13,0,2
1212545_FY2022_027,operational,4,0,8,4,3
1212545_FY2022_028,financial,29,32,2,3,0
1212545_FY2022_029,operational,1,2,3,2,2
1212545_FY2022_030,operational,3,0,4,1,0
1212545_FY2022_031,strategic,2,0,0,1,3
1212545_FY2022_032,regulatory,68,7,1,75,2
1212545_FY2022_033,regulatory,56,4,0,60,2
1212545_FY2022_034,regulatory,10,0,4,15,5
1212545_FY2022_035,regulatory,28,0,0,28,0
1212545_FY2022_036,financial,7,11,0,1,4
1212545_FY2022_037,financial,9,10,1,0,1
1212545_FY2022_038,financial,16,19,0,3,0
1212545_FY2022_039,financial,13,14,0,0,1
1212545_FY2022_040,strategic,1,0,3,1,4
1212545_FY2023_000,financial,2,3,0,1,0
1212545_FY2023_001,financial,35,40,0,5,5
1212545_FY2023_002,financial,57,65,0,4,8
1212545_FY2023_003,financial,8,8,0,0,0
1212545_FY2023_004,financial,42,46,0,4,0
1212545_FY2023_005,financial,7,15,0,8,0
1212545_FY2023_006,financial,7,8,1,0,0
1212545_FY2023_007,financial,11,26,3,15,5
1212545_FY2023_008,strategic,2,0,0,10,12
1212545_FY2023_009,financial,35,41,1,6,4
1212545_FY2023_010,financial,41,42,1,1,1
1212545_FY2023_011,financial,22,22,0,0,0
1212545_FY2023_012,regulatory,1,2,0,3,0
1212545_FY2023_013,strategic,20,17,0,1,37
1212545_FY2023_014,strategic,26,1,3,3,29
1212545_FY2023_015,strategic,9,0,1,6,15
1212545_FY2023_016,strategic,9,0,0,8,17
1212545_FY2023_017,operational,11,2,18,0,7
1212545_FY2023_018,financial,0,0,0,0,0
1212545_FY2023_019,regulatory,3,7,0,10,0
1212545_FY2023_020,financial,62,65,1,2,3
1212545_FY2023_021,financial,22,23,1,0,0
1212545_FY2023_022,financial,11,11,0,0,0
1212545_FY2023_023,financial,12,12,0,0,0
1212545_FY2023_024,operational,30,0,37,2,7
1212545_FY2023_025,operational,13,0,14,0,1
1212545_FY2023_026,operational,11,0,13,0,2
1212545_FY2023_027,operational,4,0,8,4,3
1212545_FY2023_028,financial,28,30,2,2,0
1212545_FY2023_029,operational,1,2,3,2,2
1212545_FY2023_030,operational,3,0,4,1,0
1212545_FY2023_031,strategic,2,0,0,1,3
1212545_FY2023_032,regulatory,68,7,1,75,2
1212545_FY2023_033,regulatory,56,4,0,60,2
1212545_FY2023_034,regulatory,10,0,4,15,5
1212545_FY2023_035,regulatory,25,0,0,25,0
1212545_FY2023_036,financial,7,12,0,1,5
1212545_FY2023_037,financial,9,10,1,0,1
1212545_FY2023_038,financial,16,19,0,3,0
1212545_FY2023_039,financial,14,14,0,0,0
1212545_FY2023_040,strategic,1,0,3,1,4
1212545_FY2024_000,financial,2,3,0,1,0
1212545_FY2024_001,financial,35,40,0,5,5
1212545_FY2024_002,financial,52,60,0,3,8
1212545_FY2024_003,financial,28,30,2,2,0
1212545_FY2024_004,financial,8,8,0,0,0
1212545_FY2024_005,financial,42,46,0,4,0
1212545_FY2024_006,financial,7,15,0,8,0
1212545_FY2024_007,financial,9,10,1,0,0
1212545_FY2024_008,financial,11,26,3,15,5
1212545_FY2024_009,strategic,11,0,0,8,19
1212545_FY2024_010,financial,39,45,1,6,4
1212545_FY2024_011,financial,41,42,1,1,1
1212545_FY2024_012,financial,20,20,0,0,0
1212545_FY2024_013,financial,3,18,0,15,0
1212545_FY2024_014,strategic,20,17,0,1,37
1212545_FY2024_015,strategic,27,3,4,3,31
1212545_FY2024_016,strategic,9,0,1,6,15
1212545_FY2024_017,strategic,7,0,0,8,15
1212545_FY2024_018,operational,10,2,17,0,7
1212545_FY2024_019,financial,0,0,0,0,0
1212545_FY2024_020,regulatory,3,7,0,10,0
1212545_FY2024_021,financial,55,58,1,2,3
1212545_FY2024_022,financial,22,23,1,0,0
1212545_FY2024_023,financial,11,11,0,0,0
1212545_FY2024_024,financial,12,12,0,0,0
1212545_FY2024_025,operational,31,0,38,2,7
1212545_FY2024_026,operational,13,0,14,0,1
1212545_FY2024_027,operational,11,0,13,0,2
1212545_FY2024_028,operational,4,0,8,4,3
1212545_FY2024_029,operational,1,2,3,2,2
1212545_FY2024_030,operational,3,0,4,1,0
1212545_FY2024_031,strategic,2,0,1,1,3
1212545_FY2024_032,regulatory,67,7,1,74,2
1212545_FY2024_033,regulatory,13,5,0,18,0
1212545_FY2024_034,regulatory,57,4,0,61,2
1212545_FY2024_035,regulatory,10,0,4,15,5
1212545_FY2024_036,regulatory,25,0,0,25,0
1212545_FY2024_037,financial,7,16,0,9,5
1212545_FY2024_038,financial,9,10,1,0,1
1212545_FY2024_039,financial,16,19,0,3,0
1212545_FY2024_040,financial,14,14,0,0,0
1212545_FY2024_041,strategic,1,0,3,1,4
1212545_FY2025_000,financial,2,3,0,1,0
1212545_FY2025_001,financial,32,36,0,3,4
1212545_FY2025_002,financial,55,63,0,3,8
1212545_FY2025_003,financial,24,26,2,2,0
1212545_FY2025_004,financial,8,8,0,0,0
1212545_FY2025_005,financial,40,44,0,4,0
1212545_FY2025_006,financial,7,15,0,8,0
1212545_FY2025_007,financial,9,10,1,0,0
1212545_FY2025_008,financial,10,26,4,16,6
1212545_FY2025_009,strategic,9,0,0,14,23
1212545_FY2025_010,financial,39,45,1,6,4
1212545_FY2025_011,financial,50,54,4,2,1
1212545_FY2025_012,financial,20,20,0,0,0
1212545_FY2025_013,financial,3,18,0,15,0
1212545_FY2025_014,strategic,19,17,0,1,36
1212545_FY2025_015,strategic,27,3,4,3,31
1212545_FY2025_016,strategic,9,0,1,6,15
1212545_FY2025_017,strategic,3,0,0,12,15
1212545_FY2025_018,operational,10,2,17,0,7
1212545_FY2025_019,financial,0,0,0,0,0
1212545_FY2025_020,regulatory,3,7,0,10,0
1212545_FY2025_021,financial,55,58,1,2,3
1212545_FY2025_022,financial,22,23,1,0,0
1212545_FY2025_023,financial,11,11,0,0,0
1212545_FY2025_024,financial,12,12,0,0,0
1212545_FY2025_025,operational,33,0,40,2,7
1212545_FY2025_026,operational,8,0,8,0,0
1212545_FY2025_027,operational,1,17,18,2,2
1212545_FY2025_028,operational,4,0,8,4,3
1212545_FY2025_029,operational,1,2,3,2,2
1212545_FY2025_030,operational,3,0,4,1,0
1212545_FY2025_031,strategic,2,0,0,1,3
1212545_FY2025_032,regulatory,4,0,11,15,2
1212545_FY2025_033,regulatory,74,7,1,81,2
1212545_FY2025_034,regulatory,57,4,0,61,2
1212545_FY2025_035,regulatory,13,4,1,17,0
1212545_FY2025_036,regulatory,10,0,4,15,5
1212545_FY2025_037,regulatory,25,0,0,25,0
1212545_FY2025_038,financial,7,16,0,9,5
1212545_FY2025_039,financial,9,10,1,0,1
1212545_FY2025_040,financial,16,19,0,3,0
1212545_FY2025_041,financial,12,14,0,2,0
1212545_FY2025_042,strategic,1,0,3,1,4
1281761_FY2021_000,financial,31,35,0,4,2
1281761_FY2021_001,financial,14,18,3,4,3
1281761_FY2021_002,financial,19,19,0,0,0
1281761_FY2021_003,financial,32,42,0,8,10
1281761_FY2021_004,strategic,15,4,5,1,20
1281761_FY2021_005,financial,56,61,0,5,2
1281761_FY2021_006,financial,10,10,0,0,0
1281761_FY2021_007,financial,17,19,0,2,0
1281761_FY2021_008,financial,14,14,0,0,0
1281761_FY2021_009,financial,6,7,0,1,1
1281761_FY2021_010,strategic,28,13,0,6,41
1281761_FY2021_011,financial,49,52,0,1,3
1281761_FY2021_012,financial,31,36,0,5,0
1281761_FY2021_013,financial,20,21,0,1,0
1281761_FY2021_014,financial,5,8,0,1,3
1281761_FY2021_015,regulatory,3,3,0,6,0
1281761_FY2021_016,financial,9,9,0,0,0
1281761_FY2021_017,operational,4,0,11,4,7
1281761_FY2021_018,operational,19,0,23,2,4
1281761_FY2021_019,strategic,5,2,7,6,12
1281761_FY2021_020,operational,55,0,92,37,13
1281761_FY2021_021,operational,13,0,17,4,3
1281761_FY2021_022,strategic,1,0,0,1,2
1281761_FY2021_023,regulatory,3,0,0,3,0
1281761_FY2021_024,financial,22,22,0,0,0
1281761_FY2021_025,financial,39,41,1,2,0
1281761_FY2021_026,financial,8,8,0,0,0
1281761_FY2021_027,operational,6,3,13,7,1
1281761_FY2021_028,regulatory,4,5,0,9,0
1281761_FY2021_029,regulatory,30,2,0,37,7
1281761_FY2021_030,regulatory,36,8,0,44,1
1281761_FY2021_031,regulatory,6,10,1,16,0
1281761_FY2021_032,regulatory,18,0,1,19,1
1281761_FY2021_033,strategic,12,5,1,7,19
1281761_FY2021_034,regulatory,5,6,0,11,0
1281761_FY2021_035,regulatory,19,2,0,24,5
1281761_FY2021_036,regulatory,5,0,0,5,0
1281761_FY2021_037,financial,14,17,0,3,0
1281761_FY2021_038,financial,6,13,0,7,0
1281761_FY2021_039,financial,0,15,4,15,8
1281761_FY2021_040,financial,1,1,0,0,0
1281761_FY2021_041,financial,3,3,0,0,0
1281761_FY2021_042,financial,7,9,0,2,0
1281761_FY2021_043,financial,3,5,1,0,2
1281761_FY2022_000,financial,41,48,0,7,5
1281761_FY2022_001,financial,52,55,0,3,3
1281761_FY2022_002,financial,24,26,0,2,1
1281761_FY2022_003,financial,51,55,0,4,2
1281761_FY2022_004,financial,20,21,0,1,0
1281761_FY2022_005,financial,9,9,0,0,0
1281761_FY2022_006,financial,16,16,0,0,0
1281761_FY2022_007,financial,20,20,0,0,0
1281761_FY2022_008,financial,19,19,0,0,0
1281761_FY2022_009,operational,92,0,111,19,14
1281761_FY2022_010,regulatory,38,0,48,86,4
1281761_FY2022_011,strategic,4,0,0,0,4
1281761_FY2022_012,strategic,26,13,0,7,39
1281761_FY2022_013,financial,25,25,0,0,0
1281761_FY2022_014,financial,10,10,0,0,0
1281761_FY2022_015,financial,17,19,0,2,0
1281761_FY2022_016,financial,14,14,0,0,0
1281761_FY2022_017,financial,6,7,0,1,0
1281761_FY2022_018,financial,2,4,2,1,2
1281761_FY2022_019,operational,19,0,23,2,4
1281761_FY2022_020,operational,13,0,17,4,3
1281761_FY2022_021,strategic,1,0,0,1,2
1281761_FY2022_022,regulatory,3,0,0,3,0
1281761_FY2022_023,regulatory,2,3,4,6,4
1281761_FY2022_024,operational,2,0,10,8,1
1281761_FY2022_025,strategic,16,4,4,1,20
1281761_FY2022_026,strategic,4,2,7,6,11
1281761_FY2022_027,regulatory,30,2,0,37,7
1281761_FY2022_028,regulatory,36,8,0,44,1
1281761_FY2022_029,financial,39,41,1,2,0
1281761_FY2022_030,regulatory,10,10,1,20,0
1281761_FY2022_031,regulatory,21,0,1,22,1
1281761_FY2022_032,strategic,12,5,1,7,19
1281761_FY2022_033,regulatory,5,7,0,12,0
1281761_FY2022_034,regulatory,19,2,0,24,5
1281761_FY2022_035,financial,14,17,0,3,0
1281761_FY2022_036,financial,6,13,0,7,0
1281761_FY2022_037,financial,0,15,4,15,8
1281761_FY2022_038,regulatory,26,0,10,36,2
1281761_FY2022_039,regulatory,7,0,0,15,8
1281761_FY2022_040,operational,4,0,11,4,7
1281761_FY2022_041,operational,8,0,12,2,4
1281761_FY2022_042,financial,8,8,0,0,0
1281761_FY2022_043,operational,6,3,13,7,1
1281761_FY2022_044,regulatory,1,4,0,5,0
1281761_FY2022_045,financial,4,7,0,1,3
1281761_FY2022_046,financial,6,14,0,8,0
1281761_FY2022_047,financial,10,24,5,8,14
1281761_FY2023_000,financial,43,48,0,5,3
1281761_FY2023_001,financial,61,66,0,4,5
1281761_FY2023_002,financial,13,15,0,2,1
1281761_FY2023_003,financial,51,55,0,4,2
1281761_FY2023_004,financial,20,21,0,1,0
1281761_FY2023_005,financial,7,10,0,3,1
1281761_FY2023_006,financial,16,16,0,0,0
1281761_FY2023_007,financial,20,20,0,0,0
1281761_FY2023_008,financial,31,35,0,1,4
1281761_FY2023_009,financial,19,19,0,0,0
1281761_FY2023_010,operational,78,0,97,19,14
1281761_FY2023_011,regulatory,40,0,47,87,4
1281761_FY2023_012,strategic,4,0,0,0,4
1281761_FY2023_013,strategic,26,13,0,7,39
1281761_FY2023_014,financial,25,25,0,0,0
1281761_FY2023_015,financial,10,10,0,0,0
1281761_FY2023_016,financial,19,21,0,2,0
1281761_FY2023_017,financial,14,14,0,0,0
1281761_FY2023_018,financial,6,7,0,1,0
1281761_FY2023_019,financial,5,7,2,1,2
1281761_FY2023_020,operational,19,0,23,2,4
1281761_FY2023_021,operational,13,0,17,4,3
1281761_FY2023_022,strategic,1,0,0,1,2
1281761_FY2023_023,regulatory,3,0,0,3,0
1281761_FY2023_024,regulatory,2,3,4,6,4
1281761_FY2023_025,operational,2,0,10,8,1
1281761_FY2023_026,strategic,20,4,4,9,29
1281761_FY2023_027,strategic,4,2,7,6,11
1281761_FY2023_028,regulatory,30,2,0,37,7
1281761_FY2023_029,regulatory,37,8,0,45,1
1281761_FY2023_030,financial,39,41,1,2,0
1281761_FY2023_031,regulatory,8,12,0,20,0
1281761_FY2023_032,regulatory,21,0,1,22,1
1281761_FY2023_033,strategic,12,5,1,7,19
1281761_FY2023_034,regulatory,6,7,0,13,0
1281761_FY2023_035,regulatory,19,3,0,24,5
1281761_FY2023_036,financial,14,17,0,3,0
1281761_FY2023_037,financial,6,13,0,7,0
1281761_FY2023_038,regulatory,1,14,4,15,8
1281761_FY2023_039,regulatory,26,0,10,36,2
1281761_FY2023_040,regulatory,7,0,0,15,8
1281761_FY2023_041,operational,4,0,11,4,7
1281761_FY2023_042,operational,8,0,12,2,4
1281761_FY2023_043,financial,8,8,0,0,0
1281761_FY2023_044,operational,6,3,13,7,1
1281761_FY2023_045,regulatory,4,0,0,4,0
1281761_FY2023_046,financial,3,4,0,1,1
1281761_FY2023_047,financial,16,34,2,18,12
1281761_FY2024_000,financial,32,35,0,2,3
1281761_FY2024_001,financial,66,71,0,2,5
1281761_FY2024_002,financial,57,62,0,5,2
1281761_FY2024_003,financial,20,21,0,1,0
1281761_FY2024_004,financial,5,10,0,5,1
1281761_FY2024_005,financial,16,16,0,0,0
1281761_FY2024_006,financial,21,22,0,0,1
1281761_FY2024_007,financial,31,35,0,1,4
1281761_FY2024_008,financial,19,19,0,0,0
1281761_FY2024_009,operational,78,0,96,18,14
1281761_FY2024_010,regulatory,42,0,47,89,4
1281761_FY2024_011,strategic,4,0,0,0,4
1281761_FY2024_012,strategic,26,13,0,7,39
1281761_FY2024_013,financial,25,25,0,0,0
1281761_FY2024_014,financial,20,20,0,0,0
1281761_FY2024_015,financial,61,62,0,1,1
1281761_FY2024_016,financial,14,14,0,0,0
1281761_FY2024_017,financial,6,7,0,1,0
1281761_FY2024_018,financial,4,6,2,1,2
1281761_FY2024_019,operational,19,0,23,2,4
1281761_FY2024_020,operational,13,0,17,4,3
1281761_FY2024_021,strategic,1,0,0,1,2
1281761_FY2024_022,regulatory,3,0,0,3,0
1281761_FY2024_023,regulatory,2,3,4,6,4
1281761_FY2024_024,operational,2,0,10,8,1
1281761_FY2024_025,regulatory,6,1,1,7,0
1281761_FY2024_026,strategic,11,4,3,8,19
1281761_FY2024_027,strategic,4,2,7,6,11
1281761_FY2024_028,regulatory,28,2,0,37,9
1281761_FY2024_029,regulatory,42,8,0,50,1
1281761_FY2024_030,financial,39,41,1,2,0
1281761_FY2024_031,regulatory,10,11,0,21,0
1281761_FY2024_032,regulatory,22,0,1,23,1
1281761_FY2024_033,regulatory,31,13,0,44,3
1281761_FY2024_034,strategic,12,5,1,7,19
1281761_FY2024_035,financial,0,13,0,13,1
1281761_FY2024_036,regulatory,17,2,0,22,5
1281761_FY2024_037,financial,14,17,0,3,0
1281761_FY2024_038,financial,6,13,0,7,0
1281761_FY2024_039,regulatory,1,14,4,15,8
1281761_FY2024_040,regulatory,21,0,16,37,2
1281761_FY2024_041,regulatory,7,0,0,15,8
1281761_FY2024_042,operational,4,0,11,4,7
1281761_FY2024_043,operational,8,0,12,2,4
1281761_FY2024_044,financial,8,8,0,0,0
1281761_FY2024_045,operational,4,3,11,7,1
1281761_FY2024_046,regulatory,4,0,0,4,0
1281761_FY2024_047,financial,18,37,2,19,15
1281761_FY2025_000,financial,34,37,0,2,3
1281761_FY2025_001,financial,66,71,0,2,5
1281761_FY2025_002,financial,55,60,0,5,2
1281761_FY2025_003,financial,20,21,0,1,0
1281761_FY2025_004,financial,7,10,0,3,1
1281761_FY2025_005,financial,16,16,0,0,0
1281761_FY2025_006,financial,21,22,0,0,1
1281761_FY2025_007,financial,31,35,0,1,4
1281761_FY2025_008,financial,19,19,0,0,0
1281761_FY2025_009,operational,78,0,96,18,15
1281761_FY2025_010,regulatory,42,0,47,89,4
1281761_FY2025_011,strategic,4,0,0,0,4
1281761_FY2025_012,operational,4,1,22,18,12
1281761_FY2025_013,strategic,43,23,3,11,66
1281761_FY2025_014,financial,25,29,0,0,4
1281761_FY2025_015,financial,20,20,0,0,0
1281761_FY2025_016,financial,61,62,0,1,1
1281761_FY2025_017,financial,14,14,0,0,0
1281761_FY2025_018,financial,6,7,0,1,0
1281761_FY2025_019,financial,3,13,4,3,10
1281761_FY2025_020,operational,19,0,23,2,4
1281761_FY2025_021,operational,13,0,17,4,3
1281761_FY2025_022,strategic,1,0,0,1,2
1281761_FY2025_023,regulatory,3,0,0,3,0
1281761_FY2025_024,regulatory,2,3,4,6,4
1281761_FY2025_025,operational,2,0,10,8,1
1281761_FY2025_026,financial,1,15,3,13,14
1281761_FY2025_027,strategic,3,3,3,8,11
1281761_FY2025_028,strategic,4,2,7,6,11
1281761_FY2025_029,regulatory,28,2,0,37,9
1281761_FY2025_030,regulatory,59,9,0,68,2
1281761_FY2025_031,financial,39,41,1,2,0
1281761_FY2025_032,regulatory,10,11,0,21,0
1281761_FY2025_033,regulatory,19,0,1,20,1
1281761_FY2025_034,regulatory,32,13,0,45,3
1281761_FY2025_035,strategic,12,5,1,7,19
1281761_FY2025_036,regulatory,1,13,0,14,1
1281761_FY2025_037,regulatory,17,2,0,22,5
1281761_FY2025_038,financial,14,17,0,3,0
1281761_FY2025_039,financial,6,13,0,7,0
1281761_FY2025_040,regulatory,19,14,4,33,8
1281761_FY2025_041,regulatory,21,0,16,37,2
1281761_FY2025_042,regulatory,6,0,0,15,9
1281761_FY2025_043,operational,1,0,9,8,5
1281761_FY2025_044,operational,8,0,12,2,4
1281761_FY2025_045,financial,6,6,0,0,0
1281761_FY2025_046,operational,4,3,11,7,1
1281761_FY2025_047,regulatory,4,0,0,4,0
1331520_FY2021_000,regulatory,39,15,0,54,7
1331520_FY2021_001,regulatory,24,0,0,24,0
1331520_FY2021_002,regulatory,6,8,4,14,0
1331520_FY2021_003,financial,33,49,2,16,4
1331520_FY2021_004,regulatory,8,3,0,11,0
1331520_FY2021_005,financial,20,26,0,6,0
1331520_FY2021_006,financial,30,32,1,2,1
1331520_FY2021_007,financial,15,26,1,11,2
1331520_FY2021_008,financial,69,71,0,2,0
1331520_FY2021_009,financial,87,87,0,0,0
1331520_FY2021_010,financial,17,17,0,0,0
1331520_FY2021_011,financial,21,21,0,0,0
1331520_FY2021_012,financial,25,26,0,1,0
1331520_FY2021_013,financial,30,35,0,0,5
1331520_FY2021_014,operational,7,0,7,0,0
1331520_FY2021_015,financial,37,38,0,1,0
1331520_FY2021_016,strategic,2,1,0,2,4
1331520_FY2021_017,strategic,1,2,0,3,4
1331520_FY2021_018,strategic,31,9,4,7,40
1331520_FY2021_019,strategic,3,16,0,0,19
1331520_FY2021_020,strategic,3,4,2,1,7
1331520_FY2021_021,strategic,19,12,3,2,31
1331520_FY2021_022,strategic,14,0,0,0,14
1331520_FY2021_023,operational,22,2,31,7,9
1331520_FY2021_024,financial,3,7,0,0,4
1331520_FY2021_025,financial,0,2,0,2,2
1331520_FY2021_026,operational,4,0,17,13,2
1331520_FY2021_027,regulatory,1,9,11,12,0
1331520_FY2021_028,regulatory,14,0,0,16,2
1331520_FY2021_029,strategic,9,1,2,0,11
1331520_FY2021_030,strategic,7,0,0,8,15
1331520_FY2021_031,strategic,8,0,1,0,9
1331520_FY2021_032,financial,13,13,0,0,0
1331520_FY2021_033,financial,10,14,0,4,2
1331520_FY2022_000,regulatory,39,15,0,54,7
1331520_FY2022_001,regulatory,30,8,4,38,0
1331520_FY2022_002,financial,23,24,0,0,1
1331520_FY2022_003,financial,16,26,2,10,4
1331520_FY2022_004,regulatory,8,3,0,11,0
1331520_FY2022_005,financial,22,29,0,7,2
1331520_FY2022_006,financial,30,32,1,2,1
1331520_FY2022_007,financial,44,46,0,2,0
1331520_FY2022_008,financial,87,87,0,0,0
1331520_FY2022_009,financial,17,17,0,0,0
1331520_FY2022_010,financial,21,21,0,0,0
1331520_FY2022_011,financial,25,26,0,1,0
1331520_FY2022_012,financial,30,35,0,0,5
1331520_FY2022_013,operational,7,0,7,0,0
1331520_FY2022_014,financial,47,48,0,1,0
1331520_FY2022_015,strategic,2,1,0,2,4
1331520_FY2022_016,strategic,1,2,0,3,4
1331520_FY2022_017,strategic,31,9,4,7,40
1331520_FY2022_018,strategic,2,17,0,0,19
1331520_FY2022_019,strategic,3,4,2,1,7
1331520_FY2022_020,strategic,19,12,3,2,31
1331520_FY2022_021,strategic,14,0,0,0,14
1331520_FY2022_022,operational,24,2,33,7,9
1331520_FY2022_023,financial,3,7,0,0,4
1331520_FY2022_024,financial,0,2,0,2,2
1331520_FY2022_025,operational,4,0,17,13,2
1331520_FY2022_026,regulatory,1,9,11,12,0
1331520_FY2022_027,financial,7,8,0,0,1
1331520_FY2022_028,financial,10,14,0,4,2
1331520_FY2023_000,regulatory,39,15,0,54,7
1331520_FY2023_001,regulatory,30,8,4,38,0
1331520_FY2023_002,financial,23,24,0,0,1
1331520_FY2023_003,financial,16,24,2,8,4
1331520_FY2023_004,regulatory,8,3,0,11,0
1331520_FY2023_005,financial,19,28,0,9,0
1331520_FY2023_006,financial,18,19,1,0,1
1331520_FY2023_007,financial,4,5,0,1,1
1331520_FY2023_008,financial,44,46,0,2,0
1331520_FY2023_009,financial,87,87,0,0,0
1331520_FY2023_010,financial,17,17,0,0,0
1331520_FY2023_011,financial,21,21,0,0,0
1331520_FY2023_012,financial,25,26,0,1,0
1331520_FY2023_013,financial,30,35,0,0,5
1331520_FY2023_014,operational,7,0,7,0,0
1331520_FY2023_015,financial,54,55,0,1,0
1331520_FY2023_016,strategic,2,1,0,2,4
1331520_FY2023_017,strategic,1,2,0,3,4
1331520_FY2023_018,strategic,31,9,4,7,40
1331520_FY2023_019,strategic,2,17,0,0,19
1331520_FY2023_020,strategic,3,4,2,1,7
1331520_FY2023_021,strategic,19,12,3,2,31
1331520_FY2023_022,strategic,13,0,1,1,14
1331520_FY2023_023,operational,23,2,33,9,10
1331520_FY2023_024,financial,6,7,0,0,1
1331520_FY2023_025,financial,0,2,0,2,2
1331520_FY2023_026,operational,4,0,17,13,2
1331520_FY2023_027,regulatory,1,9,11,12,0
1331520_FY2023_028,financial,7,8,0,0,1
1331520_FY2023_029,financial,10,14,0,4,2
1331520_FY2024_000,regulatory,44,14,0,58,6
1331520_FY2024_001,regulatory,31,8,4,39,0
1331520_FY2024_002,financial,23,24,0,0,1
1331520_FY2024_003,regulatory,8,3,0,11,0
1331520_FY2024_004,financial,19,28,0,9,0
1331520_FY2024_005,financial,4,5,0,1,1
1331520_FY2024_006,financial,16,24,2,8,4
1331520_FY2024_007,financial,59,61,0,2,0
1331520_FY2024_008,financial,87,87,0,0,0
1331520_FY2024_009,financial,17,17,0,0,0
1331520_FY2024_010,financial,21,21,0,0,0
1331520_FY2024_011,financial,25,26,0,1,0
1331520_FY2024_012,financial,30,35,0,0,5
1331520_FY2024_013,operational,7,0,7,0,0
1331520_FY2024_014,financial,54,55,0,1,0
1331520_FY2024_015,strategic,2,1,0,2,4
1331520_FY2024_016,strategic,1,2,0,3,4
1331520_FY2024_017,strategic,31,9,4,7,40
1331520_FY2024_018,strategic,1,17,0,0,18
1331520_FY2024_019,strategic,3,4,2,1,7
1331520_FY2024_020,strategic,19,12,3,2,31
1331520_FY2024_021,strategic,13,0,1,1,14
1331520_FY2024_022,operational,23,2,33,9,10
1331520_FY2024_023,financial,6,7,0,0,1
1331520_FY2024_024,financial,0,2,0,2,2
1331520_FY2024_025,operational,4,0,17,13,2
1331520_FY2024_026,regulatory,1,9,11,12,0
1331520_FY2024_027,financial,8,8,0,0,0
1331520_FY2024_028,financial,10,14,0,4,2
1331520_FY2025_000,regulatory,44,14,0,58,6
1331520_FY2025_001,regulatory,31,8,4,39,0
1331520_FY2025_002,financial,23,24,0,0,1
1331520_FY2025_003,regulatory,8,3,0,11,0
1331520_FY2025_004,financial,19,28,0,9,0
1331520_FY2025_005,financial,4,5,0,1,1
1331520_FY2025_006,financial,16,24,2,8,4
1331520_FY2025_007,financial,44,46,0,2,0
1331520_FY2025_008,financial,87,87,0,0,0
1331520_FY2025_009,financial,17,17,0,0,0
1331520_FY2025_010,financial,21,21,0,0,0
1331520_FY2025_011,financial,25,26,0,1,0
1331520_FY2025_012,financial,30,35,0,0,5
1331520_FY2025_013,operational,7,0,7,0,0
1331520_FY2025_014,financial,54,55,0,1,0
1331520_FY2025_015,strategic,2,1,0,2,4
1331520_FY2025_016,strategic,1,2,0,3,4
1331520_FY2025_017,strategic,31,9,4,7,40
1331520_FY2025_018,strategic,2,17,0,0,19
1331520_FY2025_019,strategic,3,4,2,1,7
1331520_FY2025_020,strategic,19,12,3,2,31
1331520_FY2025_021,strategic,4,0,1,1,5
1331520_FY2025_022,operational,23,2,33,9,10
1331520_FY2025_023,financial,6,7,0,0,1
1331520_FY2025_024,financial,0,2,0,2,2
1331520_FY2025_025,operational,4,0,17,13,2
1331520_FY2025_026,regulatory,1,9,11,12,1
1331520_FY2025_027,strategic,9,1,2,0,11
1331520_FY2025_028,strategic,1,0,0,13,14
1331520_FY2025_029,strategic,8,0,1,0,9
1331520_FY2025_030,financial,8,8,0,0,0
1331520_FY2025_031,financial,10,14,0,4,2
1488813_FY2021_000,financial,6,13,6,1,7
1488813_FY2021_001,financial,3,7,0,4,0
1488813_FY2021_002,regulatory,24,0,3,27,0
1488813_FY2021_003,financial,3,3,0,0,0
1488813_FY2021_004,financial,39,41,0,1,2
1488813_FY2021_005,financial,19,19,0,0,0
1488813_FY2021_006,financial,21,25,0,4,0
1488813_FY2021_007,financial,50,52,1,0,2
1488813_FY2021_008,financial,59,63,4,0,1
1488813_FY2021_009,regulatory,1,11,0,12,0
1488813_FY2021_010,financial,31,32,0,1,1
1488813_FY2021_011,financial,0,0,0,0,0
1488813_FY2021_012,financial,3,7,0,4,0
1488813_FY2021_013,financial,29,30,0,0,1
1488813_FY2021_014,strategic,1,1,12,3,13
1488813_FY2021_015,strategic,25,17,3,10,42
1488813_FY2021_016,financial,27,34,0,7,0
1488813_FY2021_017,financial,35,45,1,10,0
1488813_FY2021_018,strategic,34,25,17,8,59
1488813_FY2021_019,operational,46,2,53,3,7
1488813_FY2021_020,operational,14,2,21,5,7
1488813_FY2021_021,operational,40,3,58,18,12
1488813_FY2021_022,regulatory,47,6,0,61,14
1488813_FY2021_023,strategic,25,4,2,3,29
1488813_FY2021_024,strategic,2,1,0,15,17
1488813_FY2021_025,financial,0,13,0,0,13
1488813_FY2021_026,strategic,8,11,4,8,19
1488813_FY2021_027,regulatory,2,1,12,14,4
1488813_FY2021_028,financial,55,64,0,2,9
1488813_FY2021_029,financial,47,52,0,1,5
1488813_FY2021_030,strategic,1,13,0,0,14
1488813_FY2021_031,financial,0,1,0,0,1
1488813_FY2021_032,strategic,8,8,0,0,16
1488813_FY2021_033,financial,13,24,0,11,0
1488813_FY2021_034,financial,5,22,3,17,4
1488813_FY2021_035,financial,68,72,4,3,3
1488813_FY2021_036,financial,5,18,0,13,1
1488813_FY2021_037,financial,6,7,1,1,0
1488813_FY2021_038,regulatory,69,18,2,87,5
1488813_FY2021_039,regulatory,35,2,0,38,3
1488813_FY2021_040,operational,8,0,20,12,1
1488813_FY2021_041,regulatory,63,4,0,68,5
1488813_FY2021_042,regulatory,26,4,0,30,2
1488813_FY2021_043,regulatory,7,4,0,11,0
1488813_FY2021_044,regulatory,4,5,0,9,0
1488813_FY2021_045,regulatory,18,5,2,23,0
1488813_FY2021_046,regulatory,30,1,2,35,5
1488813_FY2021_047,financial,21,33,0,12,0
1488813_FY2021_048,financial,5,17,0,12,0
1488813_FY2021_049,regulatory,3,0,0,3,0
1488813_FY2021_050,regulatory,14,1,0,15,0
1488813_FY2021_051,regulatory,9,1,0,10,0
1488813_FY2021_052,financial,6,7,0,1,0
1488813_FY2021_053,financial,10,18,0,8,1
1488813_FY2021_054,financial,10,10,0,0,0
1488813_FY2021_055,financial,13,13,0,0,0
1488813_FY2021_056,regulatory,0,0,0,1,1
1488813_FY2021_057,regulatory,11,2,0,14,3
1488813_FY2021_058,strategic,6,0,0,1,7
1488813_FY2021_059,regulatory,10,3,0,17,7
1488813_FY2021_060,financial,3,3,0,0,0
1488813_FY2021_061,financial,5,8,0,3,0
1488813_FY2021_062,financial,9,9,0,0,0
1488813_FY2021_063,financial,6,13,0,7,0
1488813_FY2021_064,regulatory,5,2,0,7,0
1488813_FY2021_065,regulatory,6,1,0,7,0
1488813_FY2021_066,financial,0,1,0,1,0
1488813_FY2021_067,financial,7,9,0,1,2
1488813_FY2021_068,financial,4,4,0,0,0
1488813_FY2021_069,financial,1,1,0,0,0
1488813_FY2021_070,financial,2,3,0,0,1
1488813_FY2021_071,financial,2,9,0,7,0
1488813_FY2021_072,financial,6,7,0,0,1
1488813_FY2021_073,financial,12,12,0,0,0
1488813_FY2021_074,financial,8,15,1,7,2
1488813_FY2021_075,financial,2,2,0,0,0
1488813_FY2022_000,financial,8,15,7,1,5
1488813_FY2022_001,financial,3,7,0,4,0
1488813_FY2022_002,regulatory,24,0,3,27,0
1488813_FY2022_003,financial,3,3,0,0,0
1488813_FY2022_004,financial,38,40,0,1,2
1488813_FY2022_005,financial,18,18,0,0,0
1488813_FY2022_006,financial,22,27,0,5,0
1488813_FY2022_007,financial,51,52,1,0,1
1488813_FY2022_008,financial,57,61,4,0,1
1488813_FY2022_009,regulatory,1,11,0,12,0
1488813_FY2022_010,financial,31,32,0,1,1
1488813_FY2022_011,financial,0,0,0,0,0
1488813_FY2022_012,financial,3,7,0,4,0
1488813_FY2022_013,financial,29,30,0,0,1
1488813_FY2022_014,strategic,1,2,12,2,13
1488813_FY2022_015,strategic,25,17,3,10,42
1488813_FY2022_016,financial,27,34,0,7,0
1488813_FY2022_017,financial,71,87,1,16,0
1488813_FY2022_018,strategic,29,36,27,10,65
1488813_FY2022_019,operational,74,4,83,3,9
1488813_FY2022_020,operational,12,2,21,7,9
1488813_FY2022_021,operational,45,3,63,18,12
1488813_FY2022_022,regulatory,44,6,0,61,17
1488813_FY2022_023,strategic,25,4,2,3,29
1488813_FY2022_024,strategic,2,1,0,15,17
1488813_FY2022_025,financial,0,13,0,0,13
1488813_FY2022_026,strategic,8,11,4,8,19
1488813_FY2022_027,regulatory,2,1,12,14,4
1488813_FY2022_028,financial,54,63,0,3,9
1488813_FY2022_029,financial,59,63,0,1,4
1488813_FY2022_030,strategic,1,13,0,0,14
1488813_FY2022_031,strategic,1,0,0,0,1
1488813_FY2022_032,financial,0,15,0,0,15
1488813_FY2022_033,financial,18,30,0,12,0
1488813_FY2022_034,financial,5,23,3,18,4
1488813_FY2022_035,financial,61,65,4,4,2
1488813_FY2022_036,financial,5,18,0,13,1
1488813_FY2022_037,financial,6,7,1,1,0
1488813_FY2022_038,regulatory,69,18,2,87,5
1488813_FY2022_039,regulatory,35,2,0,38,3
1488813_FY2022_040,operational,9,0,21,12,1
1488813_FY2022_041,regulatory,63,4,0,68,5
1488813_FY2022_042,regulatory,26,4,0,30,2
1488813_FY2022_043,regulatory,6,6,0,12,0
1488813_FY2022_044,regulatory,4,5,0,9,0
1488813_FY2022_045,regulatory,18,5,2,23,0
1488813_FY2022_046,regulatory,30,1,2,35,5
1488813_FY2022_047,financial,21,33,0,12,0
1488813_FY2022_048,financial,5,17,2,12,0
1488813_FY2022_049,regulatory,7,0,0,7,0
1488813_FY2022_050,regulatory,14,1,0,15,0
1488813_FY2022_051,regulatory,9,1,0,10,0
1488813_FY2022_052,financial,6,7,0,1,0
1488813_FY2022_053,financial,10,18,0,8,1
1488813_FY2022_054,financial,10,10,0,0,0
1488813_FY2022_055,financial,13,13,0,0,0
1488813_FY2022_056,regulatory,0,0,0,1,1
1488813_FY2022_057,regulatory,11,2,0,14,3
1488813_FY2022_058,strategic,6,0,0,1,7
1488813_FY2022_059,regulatory,10,3,0,17,7
1488813_FY2022_060,financial,3,3,0,0,0
1488813_FY2022_061,financial,5,8,0,3,0
1488813_FY2022_062,financial,9,9,0,0,0
1488813_FY2022_063,financial,6,13,0,7,0
1488813_FY2022_064,regulatory,5,2,0,7,0
1488813_FY2022_065,regulatory,6,1,0,7,0
1488813_FY2022_066,financial,0,1,0,1,0
1488813_FY2022_067,financial,7,9,0,1,2
1488813_FY2022_068,financial,4,4,0,0,0
1488813_FY2022_069,financial,1,1,0,0,0
1488813_FY2022_070,financial,55,58,0,3,0
1488813_FY2022_071,financial,2,3,0,0,1
1488813_FY2022_072,financial,2,9,0,7,0
1488813_FY2022_073,financial,6,7,0,0,1
1488813_FY2022_074,financial,12,12,0,0,0
1488813_FY2022_075,financial,8,15,1,7,2
1488813_FY2022_076,financial,2,2,0,0,0
1488813_FY2023_000,financial,9,16,7,1,5
1488813_FY2023_001,financial,3,7,0,4,0
1488813_FY2023_002,regulatory,24,0,3,27,0
1488813_FY2023_003,financial,3,3,0,0,0
1488813_FY2023_004,financial,39,41,0,1,2
1488813_FY2023_005,financial,32,37,0,5,0
1488813_FY2023_006,financial,55,56,1,0,1
1488813_FY2023_007,financial,54,58,4,0,1
1488813_FY2023_008,financial,26,29,0,3,1
1488813_FY2023_009,financial,2,14,0,12,0
1488813_FY2023_010,financial,31,32,0,1,1
1488813_FY2023_011,financial,0,0,0,0,0
1488813_FY2023_012,regulatory,4,0,0,4,0
1488813_FY2023_013,financial,28,33,0,1,5
1488813_FY2023_014,financial,28,28,0,0,0
1488813_FY2023_015,strategic,1,3,12,2,13
1488813_FY2023_016,strategic,26,17,3,11,43
1488813_FY2023_017,financial,28,35,0,7,0
1488813_FY2023_018,strategic,32,37,27,10,69
1488813_FY2023_019,operational,73,2,82,3,9
1488813_FY2023_020,regulatory,12,0,3,15,0
1488813_FY2023_021,operational,12,2,21,7,9
1488813_FY2023_022,operational,47,3,65,18,12
1488813_FY2023_023,strategic,4,3,2,8,12
1488813_FY2023_024,strategic,19,10,5,12,31
1488813_FY2023_025,regulatory,44,6,0,61,17
1488813_FY2023_026,strategic,25,4,2,3,29
1488813_FY2023_027,strategic,2,1,0,15,17
1488813_FY2023_028,financial,0,13,0,0,13
1488813_FY2023_029,strategic,8,11,4,8,19
1488813_FY2023_030,regulatory,2,2,12,14,4
1488813_FY2023_031,financial,52,61,0,3,9
1488813_FY2023_032,financial,67,71,0,1,4
1488813_FY2023_033,strategic,1,13,0,0,14
1488813_FY2023_034,strategic,1,0,0,0,1
1488813_FY2023_035,financial,39,58,0,11,19
1488813_FY2023_036,financial,18,30,0,12,2
1488813_FY2023_037,financial,5,23,2,18,4
1488813_FY2023_038,financial,61,65,4,4,2
1488813_FY2023_039,financial,5,18,0,13,1
1488813_FY2023_040,financial,6,7,1,1,0
1488813_FY2023_041,regulatory,73,18,2,91,5
1488813_FY2023_042,regulatory,35,2,0,38,3
1488813_FY2023_043,operational,9,0,21,12,2
1488813_FY2023_044,regulatory,63,4,0,68,5
1488813_FY2023_045,regulatory,26,4,0,30,2
1488813_FY2023_046,regulatory,5,9,0,14,0
1488813_FY2023_047,regulatory,4,5,0,9,0
1488813_FY2023_048,regulatory,16,5,2,21,0
1488813_FY2023_049,regulatory,30,1,2,35,5
1488813_FY2023_050,financial,21,33,0,12,0
1488813_FY2023_051,financial,5,17,2,12,0
1488813_FY2023_052,regulatory,9,1,0,10,0
1488813_FY2023_053,regulatory,10,0,0,10,0
1488813_FY2023_054,regulatory,14,0,0,14,0
1488813_FY2023_055,financial,6,7,0,1,0
1488813_FY2023_056,financial,10,18,0,8,1
1488813_FY2023_057,financial,10,10,0,0,0
1488813_FY2023_058,financial,13,13,0,0,0
1488813_FY2023_059,regulatory,0,0,0,1,1
1488813_FY2023_060,regulatory,11,2,0,14,3
1488813_FY2023_061,strategic,6,0,0,1,7
1488813_FY2023_062,regulatory,10,3,0,17,7
1488813_FY2023_063,financial,3,3,0,0,0
1488813_FY2023_064,financial,5,8,0,3,0
1488813_FY2023_065,financial,9,9,0,0,0
1488813_FY2023_066,financial,6,13,0,7,0
1488813_FY2023_067,regulatory,5,2,0,7,0
1488813_FY2023_068,regulatory,6,1,0,7,0
1488813_FY2023_069,financial,0,1,0,1,0
1488813_FY2023_070,financial,7,9,0,1,2
1488813_FY2023_071,financial,4,4,0,0,0
1488813_FY2023_072,financial,1,1,0,0,0
1488813_FY2023_073,financial,2,3,0,0,1
1488813_FY2023_074,financial,2,9,0,7,0
1488813_FY2023_075,financial,6,7,0,0,1
1488813_FY2023_076,financial,12,12,0,0,0
1488813_FY2023_077,financial,8,15,1,7,2
1488813_FY2023_078,financial,2,2,0,0,0
1488813_FY2024_000,financial,10,21,11,5,7
1488813_FY2024_001,financial,9,11,0,2,1
1488813_FY2024_002,regulatory,35,0,3,38,0
1488813_FY2024_003,financial,3,4,0,1,0
1488813_FY2024_004,financial,39,41,0,1,2
1488813_FY2024_005,financial,32,37,2,5,0
1488813_FY2024_006,financial,50,51,1,0,1
1488813_FY2024_007,financial,52,57,5,0,1
1488813_FY2024_008,financial,26,29,0,3,1
1488813_FY2024_009,financial,5,17,0,12,0
1488813_FY2024_010,financial,32,33,0,1,1
1488813_FY2024_011,financial,0,0,0,0,0
1488813_FY2024_012,regulatory,4,0,0,4,0
1488813_FY2024_013,financial,28,30,0,0,2
1488813_FY2024_014,financial,32,32,0,0,0
1488813_FY2024_015,strategic,1,3,12,3,13
1488813_FY2024_016,strategic,27,17,3,13,44
1488813_FY2024_017,financial,28,35,0,7,0
1488813_FY2024_018,strategic,40,24,26,8,66
1488813_FY2024_019,operational,73,2,82,5,9
1488813_FY2024_020,regulatory,12,0,3,15,1
1488813_FY2024_021,operational,13,2,22,7,9
1488813_FY2024_022,operational,47,3,65,18,12
1488813_FY2024_023,strategic,3,4,2,8,11
1488813_FY2024_024,regulatory,1,10,5,12,11
1488813_FY2024_025,regulatory,44,6,0,61,17
1488813_FY2024_026,strategic,25,4,2,3,29
1488813_FY2024_027,strategic,2,1,0,15,17
1488813_FY2024_028,financial,0,13,0,0,13
1488813_FY2024_029,strategic,9,11,4,10,20
1488813_FY2024_030,regulatory,3,2,12,15,4
1488813_FY2024_031,financial,52,61,0,3,9
1488813_FY2024_032,financial,47,51,0,1,4
1488813_FY2024_033,strategic,1,13,0,0,14
1488813_FY2024_034,strategic,1,0,0,0,1
1488813_FY2024_035,financial,43,62,0,13,19
1488813_FY2024_036,financial,21,34,0,13,2
1488813_FY2024_037,financial,61,65,4,4,2
1488813_FY2024_038,financial,1,18,0,17,1
1488813_FY2024_039,financial,6,7,1,1,0
1488813_FY2024_040,regulatory,65,30,2,95,5
1488813_FY2024_041,regulatory,49,0,0,49,0
1488813_FY2024_042,operational,9,0,21,12,1
1488813_FY2024_043,regulatory,63,4,0,68,5
1488813_FY2024_044,regulatory,45,3,0,48,3
1488813_FY2024_045,regulatory,5,11,0,16,0
1488813_FY2024_046,regulatory,4,5,0,9,0
1488813_FY2024_047,regulatory,16,5,2,21,0
1488813_FY2024_048,regulatory,38,1,2,44,6
1488813_FY2024_049,financial,21,33,0,12,0
1488813_FY2024_050,financial,5,17,2,12,0
1488813_FY2024_051,regulatory,9,1,0,10,0
1488813_FY2024_052,regulatory,10,0,0,10,0
1488813_FY2024_053,regulatory,14,0,0,14,0
1488813_FY2024_054,financial,6,7,0,1,0
1488813_FY2024_055,financial,10,18,0,8,1
1488813_FY2024_056,financial,10,10,0,0,0
1488813_FY2024_057,financial,13,13,0,0,0
1488813_FY2024_058,regulatory,0,0,0,1,1
1488813_FY2024_059,regulatory,11,2,0,14,3
1488813_FY2024_060,strategic,6,0,0,1,7
1488813_FY2024_061,regulatory,10,3,0,17,7
1488813_FY2024_062,financial,3,3,0,0,0
1488813_FY2024_063,financial,5,8,0,3,0
1488813_FY2024_064,financial,9,9,0,0,0
1488813_FY2024_065,financial,6,13,0,7,0
1488813_FY2024_066,regulatory,5,2,0,7,0
1488813_FY2024_067,regulatory,6,1,0,7,0
1488813_FY2024_068,financial,0,1,0,1,0
1488813_FY2024_069,financial,7,9,0,1,2
1488813_FY2024_070,financial,4,4,0,0,0
1488813_FY2024_071,financial,1,1,0,0,0
1488813_FY2024_072,financial,2,3,0,0,1
1488813_FY2024_073,financial,2,9,0,7,0
1488813_FY2024_074,financial,6,7,0,0,1
1488813_FY2024_075,financial,12,12,0,0,0
1488813_FY2024_076,financial,8,15,1,7,2
1488813_FY2024_077,financial,2,2,0,0,0
1488813_FY2025_000,financial,10,21,11,5,6
1488813_FY2025_001,financial,9,11,0,2,1
1488813_FY2025_002,regulatory,21,2,3,24,0
1488813_FY2025_003,financial,39,41,0,1,2
1488813_FY2025_004,financial,29,31,2,2,0
1488813_FY2025_005,financial,53,54,1,0,1
1488813_FY2025_006,financial,56,61,5,0,1
1488813_FY2025_007,financial,39,42,0,3,1
1488813_FY2025_008,financial,7,20,0,13,0
1488813_FY2025_009,financial,32,34,0,2,1
1488813_FY2025_010,financial,0,0,0,0,0
1488813_FY2025_011,regulatory,4,0,0,4,0
1488813_FY2025_012,financial,28,30,0,0,2
1488813_FY2025_013,financial,34,36,2,0,2
1488813_FY2025_014,operational,2,3,16,4,14
1488813_FY2025_015,strategic,23,23,4,14,46
1488813_FY2025_016,financial,28,35,0,7,0
1488813_FY2025_017,strategic,39,29,28,14,68
1488813_FY2025_018,operational,83,2,92,5,9
1488813_FY2025_019,regulatory,12,0,3,15,1
1488813_FY2025_020,operational,17,2,26,7,9
1488813_FY2025_021,operational,48,3,68,20,13
1488813_FY2025_022,strategic,3,4,2,8,11
1488813_FY2025_023,regulatory,3,10,5,15,12
1488813_FY2025_024,strategic,25,4,2,3,29
1488813_FY2025_025,strategic,2,1,0,15,17
1488813_FY2025_026,financial,7,18,0,0,11
1488813_FY2025_027,strategic,9,11,5,10,20
1488813_FY2025_028,regulatory,3,2,12,15,4
1488813_FY2025_029,financial,48,57,0,3,9
1488813_FY2025_030,financial,45,52,0,1,7
1488813_FY2025_031,strategic,2,13,0,0,15
1488813_FY2025_032,financial,18,27,0,9,5
1488813_FY2025_033,financial,14,25,0,11,2
1488813_FY2025_034,financial,62,66,4,4,2
1488813_FY2025_035,financial,5,18,0,13,1
1488813_FY2025_036,financial,6,7,1,1,0
1488813_FY2025_037,regulatory,62,29,1,91,7
1488813_FY2025_038,regulatory,51,0,0,51,0
1488813_FY2025_039,operational,9,0,21,12,1
1488813_FY2025_040,regulatory,63,4,0,68,5
1488813_FY2025_041,regulatory,51,3,0,54,3
1488813_FY2025_042,regulatory,6,11,0,17,0
1488813_FY2025_043,regulatory,4,5,0,9,0
1488813_FY2025_044,financial,2,5,0,3,1
1488813_FY2025_045,regulatory,4,5,0,9,0
1488813_FY2025_046,regulatory,38,1,2,44,6
1488813_FY2025_047,financial,21,33,0,12,0
1488813_FY2025_048,financial,5,17,2,12,0
1488813_FY2025_049,regulatory,9,1,0,10,0
1488813_FY2025_050,regulatory,10,0,0,10,0
1488813_FY2025_051,regulatory,17,0,0,17,0
1488813_FY2025_052,financial,6,7,0,1,0
1488813_FY2025_053,financial,8,16,0,8,1
1488813_FY2025_054,financial,10,10,0,0,0
1488813_FY2025_055,financial,13,13,0,0,0
1488813_FY2025_056,regulatory,0,0,0,1,1
1488813_FY2025_057,regulatory,11,2,0,14,3
1488813_FY2025_058,strategic,6,0,0,1,7
1488813_FY2025_059,regulatory,10,3,0,17,7
1488813_FY2025_060,financial,2,3,0,0,1
1488813_FY2025_061,financial,2,9,0,7,0
1488813_FY2025_062,financial,6,7,0,0,1
1488813_FY2025_063,financial,12,12,0,0,0
1488813_FY2025_064,financial,8,15,1,7,2
1488813_FY2025_065,financial,2,2,0,0,0
1504008_FY2021_000,financial,4,18,5,14,3
1504008_FY2021_001,strategic,13,13,0,2,26
1504008_FY2021_002,strategic,16,14,1,4,30
1504008_FY2021_003,financial,5,9,0,1,4
1504008_FY2021_004,operational,1,0,8,0,7
1504008_FY2021_005,financial,4,12,0,8,2
1504008_FY2021_006,strategic,6,1,3,4,10
1504008_FY2021_007,financial,18,18,0,0,0
1504008_FY2021_008,financial,25,27,2,1,0
1504008_FY2021_009,financial,0,0,0,0,0
1504008_FY2021_010,financial,26,32,0,6,0
1504008_FY2021_011,financial,8,14,0,6,0
1504008_FY2021_012,financial,24,25,0,0,1
1504008_FY2021_013,financial,3,6,0,3,1
1504008_FY2021_014,financial,52,55,0,3,1
1504008_FY2021_015,financial,24,27,0,3,0
1504008_FY2021_016,financial,26,28,0,2,2
1504008_FY2021_017,financial,14,18,4,3,2
1504008_FY2021_018,strategic,12,0,3,0,15
1504008_FY2021_019,operational,12,0,16,4,3
1504008_FY2021_020,operational,14,8,22,1,3
1504008_FY2021_021,operational,31,2,34,0,3
1504008_FY2021_022,operational,30,0,34,1,4
1504008_FY2021_023,financial,5,12,1,0,7
1504008_FY2021_024,financial,2,2,0,0,0
1504008_FY2021_025,regulatory,52,2,0,56,4
1504008_FY2021_026,strategic,6,0,0,16,22
1504008_FY2021_027,regulatory,39,1,2,41,2
1504008_FY2021_028,regulatory,22,7,0,29,3
1504008_FY2021_029,regulatory,2,6,0,8,0
1504008_FY2021_030,regulatory,25,0,9,34,4
1504008_FY2021_031,strategic,10,3,1,3,13
1504008_FY2021_032,financial,0,0,0,0,0
1504008_FY2021_033,financial,11,11,0,0,0
1504008_FY2021_034,regulatory,1,0,0,1,0
1504008_FY2021_035,regulatory,9,0,0,9,0
1504008_FY2021_036,operational,3,0,4,1,0
1504008_FY2021_037,financial,3,4,0,1,1
1504008_FY2021_038,operational,3,0,6,0,3
1504008_FY2022_000,strategic,13,14,0,2,27
1504008_FY2022_001,strategic,17,14,1,4,31
1504008_FY2022_002,financial,5,9,0,1,4
1504008_FY2022_003,financial,4,12,0,8,2
1504008_FY2022_004,operational,1,0,8,0,7
1504008_FY2022_005,strategic,6,1,3,4,10
1504008_FY2022_006,strategic,2,0,0,0,2
1504008_FY2022_007,financial,18,18,0,0,0
1504008_FY2022_008,financial,25,27,2,1,0
1504008_FY2022_009,financial,0,0,0,0,0
1504008_FY2022_010,financial,26,32,0,6,0
1504008_FY2022_011,financial,8,14,0,6,0
1504008_FY2022_012,financial,24,25,0,0,1
1504008_FY2022_013,financial,2,6,0,4,1
1504008_FY2022_014,financial,58,62,0,4,1
1504008_FY2022_015,financial,29,31,0,2,0
1504008_FY2022_016,financial,26,29,0,3,2
1504008_FY2022_017,financial,37,38,0,1,1
1504008_FY2022_018,financial,15,19,4,3,2
1504008_FY2022_019,strategic,12,0,3,0,15
1504008_FY2022_020,operational,12,0,16,4,3
1504008_FY2022_021,operational,15,8,23,1,3
1504008_FY2022_022,operational,31,2,34,0,3
1504008_FY2022_023,operational,32,0,36,1,4
1504008_FY2022_024,financial,5,12,1,0,7
1504008_FY2022_025,financial,2,2,0,0,0
1504008_FY2022_026,regulatory,51,3,0,56,5
1504008_FY2022_027,strategic,6,0,0,16,22
1504008_FY2022_028,regulatory,39,1,2,41,2
1504008_FY2022_029,regulatory,22,7,0,29,3
1504008_FY2022_030,regulatory,2,6,0,8,0
1504008_FY2022_031,regulatory,25,0,9,34,4
1504008_FY2022_032,strategic,10,3,1,3,13
1504008_FY2022_033,financial,0,0,0,0,0
1504008_FY2022_034,financial,12,12,0,0,0
1504008_FY2022_035,regulatory,1,0,0,1,0
1504008_FY2022_036,regulatory,9,0,0,9,0
1504008_FY2022_037,operational,3,0,4,1,0
1504008_FY2022_038,financial,3,4,0,1,1
1504008_FY2022_039,operational,3,0,6,0,3
1504008_FY2022_040,regulatory,1,2,1,3,0
1504008_FY2023_000,strategic,19,7,1,1,26
1504008_FY2023_001,strategic,27,7,1,4,34
1504008_FY2023_002,financial,5,9,0,3,4
1504008_FY2023_003,regulatory,1,13,0,14,2
1504008_FY2023_004,operational,4,0,11,0,7
1504008_FY2023_005,strategic,5,1,6,8,13
1504008_FY2023_006,financial,7,9,0,0,2
1504008_FY2023_007,financial,7,8,0,1,0
1504008_FY2023_008,financial,18,18,0,0,0
1504008_FY2023_009,financial,25,27,2,1,0
1504008_FY2023_010,financial,0,0,0,0,0
1504008_FY2023_011,financial,39,45,0,6,0
1504008_FY2023_012,financial,8,14,0,6,0
1504008_FY2023_013,financial,21,22,0,0,1
1504008_FY2023_014,financial,8,9,0,1,0
1504008_FY2023_015,financial,68,72,0,4,1
1504008_FY2023_016,financial,27,30,0,3,2
1504008_FY2023_017,financial,20,21,0,0,1
1504008_FY2023_018,financial,6,14,0,8,0
1504008_FY2023_019,financial,24,26,0,1,2
1504008_FY2023_020,financial,31,32,1,0,1
1504008_FY2023_021,financial,15,19,4,3,2
1504008_FY2023_022,strategic,13,0,3,0,16
1504008_FY2023_023,operational,13,0,16,3,3
1504008_FY2023_024,operational,15,8,23,1,3
1504008_FY2023_025,operational,33,2,37,0,4
1504008_FY2023_026,operational,55,0,62,7,4
1504008_FY2023_027,financial,5,12,1,0,7
1504008_FY2023_028,financial,2,2,0,0,0
1504008_FY2023_029,regulatory,59,4,0,66,7
1504008_FY2023_030,strategic,9,0,0,15,24
1504008_FY2023_031,regulatory,35,1,1,37,2
1504008_FY2023_032,regulatory,22,7,0,29,3
1504008_FY2023_033,financial,0,12,0,12,0
1504008_FY2023_034,regulatory,35,0,11,46,4
1504008_FY2023_035,strategic,10,3,1,3,13
1504008_FY2023_036,financial,0,0,0,0,0
1504008_FY2023_037,financial,13,13,0,0,0
1504008_FY2023_038,regulatory,1,0,0,1,0
1504008_FY2023_039,regulatory,9,0,0,9,0
1504008_FY2023_040,financial,1,2,0,1,1
1504008_FY2023_041,operational,3,0,5,0,2
1504008_FY2023_042,regulatory,1,4,0,5,0
1504008_FY2024_000,strategic,19,8,1,2,27
1504008_FY2024_001,strategic,21,16,1,8,37
1504008_FY2024_002,regulatory,4,14,0,18,2
1504008_FY2024_003,operational,5,0,12,0,7
1504008_FY2024_004,financial,4,6,0,0,2
1504008_FY2024_005,regulatory,0,2,0,3,3
1504008_FY2024_006,financial,7,8,0,1,0
1504008_FY2024_007,strategic,13,0,4,6,19
1504008_FY2024_008,financial,18,18,0,0,0
1504008_FY2024_009,financial,25,27,2,1,0
1504008_FY2024_010,financial,0,0,0,0,0
1504008_FY2024_011,financial,39,47,0,8,0
1504008_FY2024_012,financial,8,14,0,6,0
1504008_FY2024_013,financial,18,20,0,2,1
1504008_FY2024_014,financial,8,9,0,1,0
1504008_FY2024_015,financial,68,72,0,4,1
1504008_FY2024_016,financial,27,29,0,2,2
1504008_FY2024_017,financial,13,14,0,0,1
1504008_FY2024_018,financial,20,24,0,4,0
1504008_FY2024_019,financial,24,26,0,1,2
1504008_FY2024_020,financial,31,32,1,0,1
1504008_FY2024_021,financial,15,19,4,3,2
1504008_FY2024_022,strategic,15,0,3,0,18
1504008_FY2024_023,operational,13,0,16,3,3
1504008_FY2024_024,operational,15,8,23,1,6
1504008_FY2024_025,operational,33,2,37,0,4
1504008_FY2024_026,operational,53,4,70,9,17
1504008_FY2024_027,financial,2,2,0,0,0
1504008_FY2024_028,regulatory,56,4,0,63,7
1504008_FY2024_029,strategic,10,0,0,12,22
1504008_FY2024_030,regulatory,35,1,1,37,2
1504008_FY2024_031,regulatory,22,7,0,29,3
1504008_FY2024_032,financial,2,10,0,8,0
1504008_FY2024_033,regulatory,36,0,10,46,4
1504008_FY2024_034,financial,20,20,0,0,0
1504008_FY2024_035,strategic,11,3,1,3,14
1504008_FY2024_036,financial,0,0,0,0,0
1504008_FY2024_037,regulatory,1,0,0,1,0
1504008_FY2024_038,regulatory,9,0,0,9,0
1504008_FY2024_039,financial,1,2,0,1,1
1504008_FY2024_040,regulatory,1,4,0,5,0
1504008_FY2025_000,strategic,19,8,1,2,27
1504008_FY2025_001,strategic,22,16,1,7,38
1504008_FY2025_002,regulatory,3,8,2,17,14
1504008_FY2025_003,operational,2,0,9,0,7
1504008_FY2025_004,financial,4,6,0,0,2
1504008_FY2025_005,regulatory,0,2,0,3,3
1504008_FY2025_006,financial,7,8,0,1,0
1504008_FY2025_007,financial,18,18,0,0,0
1504008_FY2025_008,financial,25,27,2,1,0
1504008_FY2025_009,financial,0,0,0,0,0
1504008_FY2025_010,financial,39,47,0,8,0
1504008_FY2025_011,financial,8,14,0,6,0
1504008_FY2025_012,financial,18,20,0,2,1
1504008_FY2025_013,financial,8,9,0,1,0
1504008_FY2025_014,financial,70,74,0,4,1
1504008_FY2025_015,financial,27,29,0,2,2
1504008_FY2025_016,financial,13,14,0,0,1
1504008_FY2025_017,financial,21,24,0,3,0
1504008_FY2025_018,financial,24,26,0,1,2
1504008_FY2025_019,financial,31,32,1,0,1
1504008_FY2025_020,financial,16,20,4,3,2
1504008_FY2025_021,strategic,15,0,3,0,18
1504008_FY2025_022,operational,13,0,16,3,3
1504008_FY2025_023,operational,15,8,23,1,6
1504008_FY2025_024,operational,33,2,37,0,4
1504008_FY2025_025,operational,48,8,70,10,22
1504008_FY2025_026,financial,2,2,0,0,0
1504008_FY2025_027,regulatory,56,3,0,61,5
1504008_FY2025_028,strategic,10,0,0,12,22
1504008_FY2025_029,regulatory,35,1,1,37,2
1504008_FY2025_030,regulatory,22,7,0,29,3
1504008_FY2025_031,financial,2,10,0,8,0
1504008_FY2025_032,regulatory,36,0,10,46,4
1504008_FY2025_033,financial,20,20,0,0,0
1504008_FY2025_034,strategic,11,3,1,3,14
1504008_FY2025_035,financial,0,0,0,0,0
1504008_FY2025_036,regulatory,1,0,0,1,0
1504008_FY2025_037,regulatory,9,0,0,9,0
1504008_FY2025_038,financial,1,2,0,1,1
1810546_FY2021_000,financial,12,17,1,5,0
1810546_FY2021_001,strategic,13,0,2,0,15
1810546_FY2021_002,financial,18,40,20,22,3
1810546_FY2021_003,regulatory,7,1,1,8,1
1810546_FY2021_004,regulatory,2,2,0,4,0
1810546_FY2021_005,regulatory,7,0,0,8,1
1810546_FY2021_006,financial,5,7,0,2,0
1810546_FY2021_007,financial,15,15,0,0,0
1810546_FY2021_008,financial,20,25,0,5,0
1810546_FY2021_009,financial,22,23,0,1,0
1810546_FY2021_010,financial,30,31,1,0,0
1810546_FY2021_011,financial,7,8,0,1,0
1810546_FY2021_012,financial,6,9,0,3,0
1810546_FY2021_013,financial,2,4,2,1,0
1810546_FY2021_014,operational,5,0,9,0,4
1810546_FY2021_015,financial,17,28,0,11,6
1810546_FY2021_016,strategic,9,0,0,0,9
1810546_FY2021_017,strategic,9,0,1,0,10
1810546_FY2021_018,financial,1,9,0,0,8
1810546_FY2021_019,strategic,13,0,0,0,13
1810546_FY2021_020,strategic,39,5,3,17,56
1810546_FY2021_021,strategic,16,0,0,0,16
1810546_FY2021_022,financial,39,45,0,6,1
1810546_FY2021_023,financial,47,49,0,2,1
1810546_FY2021_024,financial,23,28,0,5,1
1810546_FY2021_025,financial,18,18,0,0,0
1810546_FY2021_026,financial,5,5,0,0,0
1810546_FY2021_027,financial,58,63,0,5,1
1810546_FY2021_028,strategic,2,0,12,5,14
1810546_FY2021_029,operational,32,0,38,6,5
1810546_FY2021_030,operational,25,0,26,1,0
1810546_FY2021_031,strategic,16,6,0,3,22
1810546_FY2021_032,strategic,10,12,1,6,22
1810546_FY2021_033,strategic,6,9,3,0,15
1810546_FY2021_034,strategic,17,2,0,0,19
1810546_FY2021_035,operational,6,0,17,2,11
1810546_FY2021_036,financial,29,29,0,0,0
1810546_FY2021_037,financial,47,49,0,0,2
1810546_FY2021_038,financial,6,15,0,9,0
1810546_FY2021_039,financial,44,46,0,2,0
1810546_FY2021_040,financial,30,30,0,0,0
1810546_FY2021_041,financial,53,62,0,9,0
1810546_FY2021_042,financial,19,20,0,1,0
1810546_FY2021_043,strategic,15,0,2,2,17
1810546_FY2021_044,strategic,2,5,0,0,7
1810546_FY2021_045,regulatory,1,3,0,4,1
1810546_FY2021_046,regulatory,13,0,0,18,5
1810546_FY2021_047,financial,2,2,0,0,0
1810546_FY2021_048,financial,45,51,0,0,6
1810546_FY2021_049,financial,28,28,0,0,0
1810546_FY2021_050,regulatory,1,2,5,6,0
1810546_FY2021_051,operational,8,0,9,0,1
1810546_FY2021_052,operational,2,1,15,13,5
1810546_FY2021_053,financial,6,7,0,1,0
1810546_FY2021_054,operational,5,0,6,1,0
1810546_FY2021_055,regulatory,3,0,0,3,0
1810546_FY2021_056,financial,1,1,0,0,0
1810546_FY2021_057,operational,0,0,3,2,3
1810546_FY2021_058,financial,23,24,0,0,1
1810546_FY2021_059,financial,5,9,0,2,4
1810546_FY2021_060,regulatory,4,0,1,5,0
1810546_FY2021_061,financial,9,9,0,0,0
1810546_FY2021_062,strategic,2,0,0,0,2
1810546_FY2021_063,financial,0,0,0,0,0
1810546_FY2021_064,regulatory,3,0,0,7,4
1810546_FY2021_065,financial,0,0,0,0,0
1810546_FY2021_066,financial,3,4,1,0,0
1810546_FY2021_067,financial,2,2,0,0,0
1810546_FY2021_068,financial,2,10,0,8,0
1810546_FY2021_069,strategic,7,7,5,0,14
1810546_FY2021_070,financial,2,14,0,12,2
1810546_FY2021_071,regulatory,48,6,5,54,3
1810546_FY2021_072,financial,6,9,0,3,0
1810546_FY2021_073,regulatory,36,7,0,43,3
1810546_FY2021_074,regulatory,38,0,2,40,1
1810546_FY2021_075,regulatory,33,0,0,34,1
1810546_FY2021_076,regulatory,7,4,0,11,0
1810546_FY2021_077,regulatory,8,0,1,9,0
1810546_FY2021_078,regulatory,2,2,0,4,0
1810546_FY2021_079,regulatory,15,0,2,17,2
1810546_FY2021_080,regulatory,33,0,0,33,0
1810546_FY2021_081,operational,2,2,7,3,5
1810546_FY2021_082,operational,1,0,1,0,0
1810546_FY2021_083,operational,0,0,6,6,1
1810546_FY2021_084,regulatory,2,0,2,8,6
1810546_FY2021_085,operational,0,1,7,7,0
1810546_FY2021_086,regulatory,6,1,1,7,0
1810546_FY2022_000,financial,14,16,0,2,0
1810546_FY2022_001,strategic,13,0,2,0,15
1810546_FY2022_002,financial,16,38,20,22,5
1810546_FY2022_003,regulatory,7,1,1,8,1
1810546_FY2022_004,regulatory,1,1,0,2,0
1810546_FY2022_005,regulatory,3,5,0,8,0
1810546_FY2022_006,financial,23,23,0,0,0
1810546_FY2022_007,financial,26,27,1,0,0
1810546_FY2022_008,financial,1,1,0,0,0
1810546_FY2022_009,financial,1,3,0,1,2
1810546_FY2022_010,financial,1,9,0,0,8
1810546_FY2022_011,strategic,13,0,0,0,13
1810546_FY2022_012,strategic,35,5,3,16,51
1810546_FY2022_013,strategic,16,0,0,0,16
1810546_FY2022_014,financial,62,67,0,5,1
1810546_FY2022_015,financial,43,45,0,2,0
1810546_FY2022_016,financial,58,63,0,5,1
1810546_FY2022_017,strategic,2,0,12,5,14
1810546_FY2022_018,operational,32,0,38,6,5
1810546_FY2022_019,operational,25,0,26,1,0
1810546_FY2022_020,strategic,14,6,0,3,20
1810546_FY2022_021,strategic,10,10,1,6,20
1810546_FY2022_022,strategic,7,7,3,0,14
1810546_FY2022_023,strategic,17,2,0,0,19
1810546_FY2022_024,operational,6,0,17,2,11
1810546_FY2022_025,financial,36,36,0,0,0
1810546_FY2022_026,financial,47,49,0,0,2
1810546_FY2022_027,financial,3,12,0,9,0
1810546_FY2022_028,financial,42,44,0,2,0
1810546_FY2022_029,financial,30,30,0,0,0
1810546_FY2022_030,financial,26,32,0,6,0
1810546_FY2022_031,financial,19,20,0,1,0
1810546_FY2022_032,strategic,15,0,2,2,17
1810546_FY2022_033,strategic,2,5,0,0,7
1810546_FY2022_034,regulatory,1,3,0,4,1
1810546_FY2022_035,regulatory,13,0,0,18,5
1810546_FY2022_036,financial,2,2,0,0,0
1810546_FY2022_037,financial,46,56,0,0,10
1810546_FY2022_038,financial,26,35,0,0,9
1810546_FY2022_039,financial,28,28,0,0,0
1810546_FY2022_040,regulatory,1,2,5,6,0
1810546_FY2022_041,operational,8,0,9,0,1
1810546_FY2022_042,operational,2,1,15,13,5
1810546_FY2022_043,financial,4,5,0,1,0
1810546_FY2022_044,operational,5,0,6,1,0
1810546_FY2022_045,regulatory,3,0,0,3,0
1810546_FY2022_046,financial,1,1,0,0,0
1810546_FY2022_047,operational,0,0,3,2,3
1810546_FY2022_048,financial,23,24,0,0,1
1810546_FY2022_049,financial,5,9,0,2,4
1810546_FY2022_050,regulatory,4,0,1,5,0
1810546_FY2022_051,financial,9,9,0,0,0
1810546_FY2022_052,strategic,2,0,0,0,2
1810546_FY2022_053,financial,0,0,0,0,0
1810546_FY2022_054,regulatory,3,0,0,7,4
1810546_FY2022_055,financial,0,0,0,0,0
1810546_FY2022_056,financial,3,4,1,0,0
1810546_FY2022_057,financial,2,2,0,0,0
1810546_FY2022_058,financial,0,8,0,8,0
1810546_FY2022_059,strategic,7,8,5,4,15
1810546_FY2022_060,financial,2,14,0,12,2
1810546_FY2022_061,regulatory,48,6,5,54,3
1810546_FY2022_062,financial,6,9,0,3,0
1810546_FY2022_063,regulatory,36,7,0,43,3
1810546_FY2022_064,regulatory,38,0,2,40,1
1810546_FY2022_065,regulatory,33,0,0,34,1
1810546_FY2022_066,regulatory,6,6,0,12,0
1810546_FY2022_067,regulatory,8,0,1,9,0
1810546_FY2022_068,regulatory,2,2,0,4,0
1810546_FY2022_069,regulatory,15,0,2,17,2
1810546_FY2022_070,regulatory,33,0,0,33,0
1810546_FY2022_071,operational,2,2,7,3,5
1810546_FY2022_072,regulatory,37,0,1,38,0
1810546_FY2022_073,operational,1,0,1,0,0
1810546_FY2022_074,operational,0,0,6,6,1
1810546_FY2022_075,regulatory,2,0,2,8,6
1810546_FY2022_076,operational,0,1,7,7,0
1810546_FY2022_077,regulatory,5,1,1,6,0
1810546_FY2023_000,strategic,19,0,2,2,21
1810546_FY2023_001,financial,9,32,20,23,3
1810546_FY2023_002,regulatory,5,1,0,6,0
1810546_FY2023_003,strategic,4,0,0,1,5
1810546_FY2023_004,strategic,11,2,3,1,14
1810546_FY2023_005,operational,1,0,13,0,12
1810546_FY2023_006,strategic,9,0,4,3,13
1810546_FY2023_007,strategic,5,0,0,10,15
1810546_FY2023_008,strategic,11,0,1,1,12
1810546_FY2023_009,strategic,1,1,0,18,19
1810546_FY2023_010,strategic,13,0,0,0,13
1810546_FY2023_011,strategic,21,5,3,10,31
1810546_FY2023_012,financial,58,63,0,5,1
1810546_FY2023_013,financial,39,41,0,2,0
1810546_FY2023_014,financial,59,62,0,3,1
1810546_FY2023_015,strategic,2,0,12,5,14
1810546_FY2023_016,operational,32,0,38,6,5
1810546_FY2023_017,operational,25,0,26,1,0
1810546_FY2023_018,strategic,15,6,0,3,21
1810546_FY2023_019,strategic,14,4,1,6,20
1810546_FY2023_020,strategic,7,7,3,0,14
1810546_FY2023_021,strategic,17,2,0,0,19
1810546_FY2023_022,operational,7,0,17,1,10
1810546_FY2023_023,financial,20,20,0,0,0
1810546_FY2023_024,financial,50,52,0,0,2
1810546_FY2023_025,financial,10,12,0,2,0
1810546_FY2023_026,financial,38,38,0,0,0
1810546_FY2023_027,financial,29,30,0,1,0
1810546_FY2023_028,financial,16,17,0,1,0
1810546_FY2023_029,strategic,11,0,2,2,13
1810546_FY2023_030,strategic,2,5,0,0,7
1810546_FY2023_031,regulatory,9,4,0,13,1
1810546_FY2023_032,regulatory,13,0,0,18,5
1810546_FY2023_033,financial,2,2,0,0,0
1810546_FY2023_034,financial,41,50,0,0,9
1810546_FY2023_035,financial,24,33,0,0,9
1810546_FY2023_036,financial,24,24,0,0,0
1810546_FY2023_037,regulatory,1,2,5,6,0
1810546_FY2023_038,operational,7,0,8,0,1
1810546_FY2023_039,operational,2,1,15,13,5
1810546_FY2023_040,financial,7,8,0,1,0
1810546_FY2023_041,operational,1,0,6,5,0
1810546_FY2023_042,regulatory,3,0,0,3,0
1810546_FY2023_043,financial,1,1,0,0,0
1810546_FY2023_044,operational,0,0,3,2,3
1810546_FY2023_045,financial,23,24,0,0,1
1810546_FY2023_046,regulatory,4,0,1,5,0
1810546_FY2023_047,financial,9,9,0,0,0
1810546_FY2023_048,strategic,2,0,0,0,2
1810546_FY2023_049,financial,0,0,0,0,0
1810546_FY2023_050,financial,5,9,0,2,4
1810546_FY2023_051,financial,2,2,0,0,0
1810546_FY2023_052,financial,0,8,0,8,0
1810546_FY2023_053,strategic,8,7,4,4,15
1810546_FY2023_054,financial,12,14,1,2,1
1810546_FY2023_055,financial,3,14,0,11,2
1810546_FY2023_056,regulatory,42,8,5,50,3
1810546_FY2023_057,regulatory,33,12,0,45,3
1810546_FY2023_058,regulatory,38,0,2,40,1
1810546_FY2023_059,regulatory,33,0,0,34,1
1810546_FY2023_060,regulatory,3,11,0,14,0
1810546_FY2023_061,regulatory,8,0,1,9,0
1810546_FY2023_062,regulatory,1,2,0,3,0
1810546_FY2023_063,regulatory,18,0,2,20,2
1810546_FY2023_064,regulatory,33,0,0,33,0
1810546_FY2023_065,operational,0,0,6,1,6
1810546_FY2023_066,regulatory,37,0,1,38,0
1810546_FY2023_067,operational,1,0,1,0,0
1810546_FY2023_068,regulatory,0,0,2,6,6
1810546_FY2023_069,regulatory,1,1,6,7,0
1810546_FY2023_070,regulatory,3,1,0,4,0
1810546_FY2024_000,strategic,18,1,2,0,20
1810546_FY2024_001,financial,10,33,20,23,3
1810546_FY2024_002,regulatory,5,1,0,6,0
1810546_FY2024_003,strategic,16,2,3,1,19
1810546_FY2024_004,operational,7,0,16,0,9
1810546_FY2024_005,strategic,11,0,3,0,14
1810546_FY2024_006,strategic,7,2,0,16,23
1810546_FY2024_007,strategic,27,7,3,11,38
1810546_FY2024_008,strategic,13,0,0,0,13
1810546_FY2024_009,financial,62,68,0,6,1
1810546_FY2024_010,financial,39,41,0,2,0
1810546_FY2024_011,financial,59,62,0,3,1
1810546_FY2024_012,strategic,2,1,12,5,14
1810546_FY2024_013,operational,32,0,38,6,5
1810546_FY2024_014,operational,25,0,26,1,0
1810546_FY2024_015,strategic,15,6,0,3,21
1810546_FY2024_016,strategic,14,4,1,6,20
1810546_FY2024_017,strategic,7,7,3,0,14
1810546_FY2024_018,strategic,17,2,0,0,19
1810546_FY2024_019,operational,7,0,17,1,10
1810546_FY2024_020,financial,20,20,0,0,0
1810546_FY2024_021,financial,52,54,0,0,2
1810546_FY2024_022,financial,10,12,0,2,0
1810546_FY2024_023,financial,38,38,0,0,0
1810546_FY2024_024,financial,29,30,0,1,0
1810546_FY2024_025,financial,16,17,0,1,0
1810546_FY2024_026,strategic,11,0,2,2,13
1810546_FY2024_027,strategic,2,5,0,0,7
1810546_FY2024_028,regulatory,9,4,0,13,1
1810546_FY2024_029,regulatory,13,0,0,18,5
1810546_FY2024_030,financial,2,2,0,0,0
1810546_FY2024_031,financial,42,51,0,0,9
1810546_FY2024_032,financial,24,33,0,0,9
1810546_FY2024_033,financial,24,24,0,0,0
1810546_FY2024_034,regulatory,1,2,5,6,0
1810546_FY2024_035,operational,7,0,8,0,1
1810546_FY2024_036,operational,2,1,15,13,5
1810546_FY2024_037,financial,8,9,0,1,0
1810546_FY2024_038,operational,1,0,6,5,0
1810546_FY2024_039,regulatory,3,0,0,3,0
1810546_FY2024_040,financial,1,1,0,0,0
1810546_FY2024_041,operational,0,0,3,2,3
1810546_FY2024_042,financial,26,27,0,0,1
1810546_FY2024_043,regulatory,4,0,1,5,0
1810546_FY2024_044,financial,9,9,0,0,0
1810546_FY2024_045,strategic,2,0,0,0,2
1810546_FY2024_046,financial,0,0,0,0,0
1810546_FY2024_047,financial,5,9,0,2,4
1810546_FY2024_048,financial,2,2,0,0,0
1810546_FY2024_049,financial,0,8,0,8,0
1810546_FY2024_050,strategic,8,7,4,4,15
1810546_FY2024_051,financial,8,9,1,0,0
1810546_FY2024_052,financial,3,14,0,11,2
1810546_FY2024_053,regulatory,42,8,5,50,3
1810546_FY2024_054,regulatory,33,12,0,45,3
1810546_FY2024_055,regulatory,38,0,2,40,2
1810546_FY2024_056,regulatory,33,0,0,34,1
1810546_FY2024_057,regulatory,3,11,0,14,0
1810546_FY2024_058,regulatory,8,0,1,9,0
1810546_FY2024_059,regulatory,1,2,0,3,0
1810546_FY2024_060,regulatory,18,0,2,20,2
1810546_FY2024_061,regulatory,33,0,0,33,0
1810546_FY2024_062,operational,3,0,8,1,5
1810546_FY2024_063,regulatory,30,0,0,30,0
1810546_FY2024_064,regulatory,0,0,0,2,2
1810546_FY2024_065,strategic,5,2,0,2,7
1810546_FY2024_066,operational,1,0,1,0,0
1810546_FY2024_067,regulatory,0,0,2,6,6
1810546_FY2024_068,regulatory,1,1,6,7,0
1810546_FY2024_069,regulatory,4,1,0,5,0
1810546_FY2025_000,financial,11,34,20,23,3
1810546_FY2025_001,strategic,12,1,2,0,14
1810546_FY2025_002,regulatory,5,1,0,6,0
1810546_FY2025_003,strategic,16,2,3,1,19
1810546_FY2025_004,operational,4,0,10,0,6
1810546_FY2025_005,strategic,10,0,3,0,13
1810546_FY2025_006,regulatory,0,0,0,9,9
1810546_FY2025_007,strategic,30,8,3,9,39
1810546_FY2025_008,financial,56,60,0,4,1
1810546_FY2025_009,financial,39,41,0,2,0
1810546_FY2025_010,financial,59,62,0,3,1
1810546_FY2025_011,strategic,2,1,12,5,14
1810546_FY2025_012,operational,35,0,41,6,5
1810546_FY2025_013,strategic,11,1,1,4,15
1810546_FY2025_014,regulatory,14,1,9,23,5
1810546_FY2025_015,operational,28,0,29,1,0
1810546_FY2025_016,strategic,15,6,0,3,21
1810546_FY2025_017,strategic,6,7,3,0,13
1810546_FY2025_018,strategic,17,2,0,0,19
1810546_FY2025_019,strategic,7,2,2,2,9
1810546_FY2025_020,operational,7,0,17,1,10
1810546_FY2025_021,financial,20,20,0,0,0
1810546_FY2025_022,financial,53,55,0,2,2
1810546_FY2025_023,financial,10,12,0,2,0
1810546_FY2025_024,financial,38,38,0,0,0
1810546_FY2025_025,financial,29,30,0,1,0
1810546_FY2025_026,financial,16,17,0,1,0
1810546_FY2025_027,strategic,11,0,2,2,13
1810546_FY2025_028,strategic,2,5,0,0,7
1810546_FY2025_029,regulatory,9,4,0,13,1
1810546_FY2025_030,regulatory,12,0,0,18,6
1810546_FY2025_031,financial,2,2,0,0,0
1810546_FY2025_032,financial,42,51,0,0,9
1810546_FY2025_033,financial,24,33,0,0,9
1810546_FY2025_034,financial,19,19,0,0,0
1810546_FY2025_035,operational,7,0,8,0,1
1810546_FY2025_036,operational,2,1,15,13,5
1810546_FY2025_037,financial,8,9,0,1,0
1810546_FY2025_038,operational,1,0,6,5,0
1810546_FY2025_039,regulatory,3,0,0,3,0
1810546_FY2025_040,financial,1,1,0,0,0
1810546_FY2025_041,operational,1,0,4,2,3
1810546_FY2025_042,financial,26,27,0,0,1
1810546_FY2025_043,regulatory,4,0,1,5,0
1810546_FY2025_044,financial,9,9,0,0,0
1810546_FY2025_045,strategic,2,0,0,0,2
1810546_FY2025_046,financial,0,0,0,0,0
1810546_FY2025_047,financial,5,9,0,2,4
1810546_FY2025_048,financial,2,2,0,0,0
1810546_FY2025_049,financial,0,8,0,8,0
1810546_FY2025_050,strategic,7,7,4,0,14
1810546_FY2025_051,financial,9,9,0,0,0
1810546_FY2025_052,financial,0,14,0,14,2
1810546_FY2025_053,regulatory,42,8,5,50,3
1810546_FY2025_054,regulatory,31,12,0,43,3
1810546_FY2025_055,regulatory,38,0,2,40,2
1810546_FY2025_056,regulatory,33,0,0,34,1
1810546_FY2025_057,regulatory,1,9,0,10,0
1810546_FY2025_058,regulatory,8,0,1,9,0
1810546_FY2025_059,regulatory,1,2,0,3,0
1810546_FY2025_060,regulatory,18,0,2,20,2
1810546_FY2025_061,regulatory,33,0,0,33,0
1810546_FY2025_062,operational,3,0,8,1,5
1810546_FY2025_063,regulatory,30,0,0,30,0
1810546_FY2025_064,regulatory,0,0,0,2,2
1810546_FY2025_065,strategic,2,0,0,1,3
1810546_FY2025_066,regulatory,0,0,2,6,6
1810546_FY2025_067,regulatory,1,1,6,7,0
1810546_FY2025_068,regulatory,4,1,0,5,0
203596_FY2021_000,financial,7,10,1,1,3
203596_FY2021_001,financial,31,32,0,1,0
203596_FY2021_002,financial,6,10,0,4,0
203596_FY2021_003,regulatory,43,10,0,53,3
203596_FY2021_004,financial,13,16,3,2,2
203596_FY2021_005,financial,46,51,0,5,2
203596_FY2021_006,financial,21,32,0,11,0
203596_FY2021_007,financial,19,21,0,0,2
203596_FY2021_008,financial,32,37,1,5,1
203596_FY2021_009,financial,6,8,0,2,0
203596_FY2021_010,financial,23,23,0,0,0
203596_FY2021_011,financial,0,4,0,4,0
203596_FY2021_012,financial,24,33,0,9,1
203596_FY2021_013,financial,1,4,0,1,3
203596_FY2021_014,financial,1,21,0,2,20
203596_FY2021_015,strategic,4,1,0,1,5
203596_FY2021_016,strategic,16,2,3,0,19
203596_FY2021_017,strategic,9,0,8,4,17
203596_FY2021_018,operational,10,1,14,0,4
203596_FY2021_019,financial,18,22,0,4,0
203596_FY2021_020,strategic,4,2,1,1,6
203596_FY2021_021,financial,1,4,0,1,3
203596_FY2021_022,strategic,1,1,1,2,3
203596_FY2021_023,operational,17,2,26,9,5
203596_FY2021_024,operational,10,3,13,0,3
203596_FY2021_025,strategic,4,0,0,0,4
203596_FY2021_026,financial,17,17,0,0,0
203596_FY2021_027,financial,10,14,0,4,0
203596_FY2021_028,financial,2,4,0,2,0
203596_FY2022_000,financial,7,10,1,1,3
203596_FY2022_001,financial,31,32,0,1,0
203596_FY2022_002,regulatory,43,10,0,53,3
203596_FY2022_003,financial,13,16,3,2,2
203596_FY2022_004,financial,50,53,0,3,2
203596_FY2022_005,financial,28,43,0,15,0
203596_FY2022_006,financial,19,21,0,0,2
203596_FY2022_007,financial,27,31,1,4,1
203596_FY2022_008,financial,6,8,0,2,0
203596_FY2022_009,financial,23,23,0,0,0
203596_FY2022_010,financial,0,4,0,4,0
203596_FY2022_011,financial,24,30,0,6,1
203596_FY2022_012,financial,1,4,0,1,3
203596_FY2022_013,financial,1,21,0,2,20
203596_FY2022_014,strategic,4,1,0,1,5
203596_FY2022_015,strategic,16,2,3,0,19
203596_FY2022_016,strategic,9,0,8,4,17
203596_FY2022_017,operational,10,1,14,0,4
203596_FY2022_018,financial,18,22,0,4,0
203596_FY2022_019,strategic,4,2,1,1,6
203596_FY2022_020,financial,1,4,0,1,3
203596_FY2022_021,strategic,1,1,1,2,3
203596_FY2022_022,operational,17,2,26,9,5
203596_FY2022_023,operational,10,3,13,0,3
203596_FY2022_024,strategic,4,0,0,0,4
203596_FY2022_025,financial,17,17,0,0,0
203596_FY2022_026,financial,10,14,0,4,0
203596_FY2022_027,financial,2,4,0,2,0
203596_FY2023_000,financial,2,10,1,2,8
203596_FY2023_001,financial,31,32,0,1,0
203596_FY2023_002,regulatory,43,10,0,53,3
203596_FY2023_003,financial,13,16,3,2,2
203596_FY2023_004,financial,50,53,0,3,2
203596_FY2023_005,financial,19,21,0,0,2
203596_FY2023_006,financial,27,31,1,4,1
203596_FY2023_007,financial,6,8,0,2,0
203596_FY2023_008,financial,23,23,0,0,0
203596_FY2023_009,financial,1,5,0,4,0
203596_FY2023_010,financial,24,33,0,9,1
203596_FY2023_011,financial,1,4,0,1,3
203596_FY2023_012,financial,1,21,0,2,20
203596_FY2023_013,strategic,4,1,0,1,5
203596_FY2023_014,strategic,16,2,3,0,19
203596_FY2023_015,strategic,9,0,8,4,17
203596_FY2023_016,operational,10,1,14,0,4
203596_FY2023_017,financial,18,22,0,4,0
203596_FY2023_018,strategic,4,2,1,1,6
203596_FY2023_019,financial,1,4,0,1,3
203596_FY2023_020,strategic,1,1,1,2,3
203596_FY2023_021,operational,17,2,26,9,5
203596_FY2023_022,operational,10,3,13,0,3
203596_FY2023_023,strategic,4,0,0,0,4
203596_FY2023_024,financial,17,17,0,0,0
203596_FY2023_025,financial,10,14,0,4,0
203596_FY2023_026,financial,2,4,0,2,0
203596_FY2024_000,financial,2,10,1,2,8
203596_FY2024_001,financial,31,32,0,1,0
203596_FY2024_002,regulatory,43,10,0,53,3
203596_FY2024_003,financial,13,16,3,2,2
203596_FY2024_004,financial,44,47,0,3,2
203596_FY2024_005,financial,19,21,0,0,2
203596_FY2024_006,financial,27,31,1,4,1
203596_FY2024_007,financial,6,8,0,2,0
203596_FY2024_008,financial,23,23,0,0,0
203596_FY2024_009,financial,1,5,0,4,0
203596_FY2024_010,financial,24,33,0,9,1
203596_FY2024_011,financial,4,7,0,2,3
203596_FY2024_012,strategic,16,0,5,0,21
203596_FY2024_013,strategic,6,1,0,2,8
203596_FY2024_014,strategic,6,1,0,0,7
203596_FY2024_015,strategic,6,0,0,0,6
203596_FY2024_016,financial,1,21,0,2,20
203596_FY2024_017,strategic,4,1,0,1,5
203596_FY2024_018,strategic,16,2,3,0,19
203596_FY2024_019,strategic,9,0,8,4,17
203596_FY2024_020,operational,10,1,14,0,4
203596_FY2024_021,financial,18,22,0,4,0
203596_FY2024_022,strategic,4,2,1,1,6
203596_FY2024_023,financial,1,4,0,1,3
203596_FY2024_024,strategic,1,1,1,2,3
203596_FY2024_025,operational,17,2,26,9,5
203596_FY2024_026,operational,10,3,13,0,3
203596_FY2024_027,strategic,3,0,1,0,4
203596_FY2024_028,financial,17,17,0,0,0
203596_FY2024_029,financial,10,14,0,4,0
203596_FY2024_030,financial,2,4,0,2,0
203596_FY2025_000,financial,3,10,1,2,7
203596_FY2025_001,financial,31,32,0,1,0
203596_FY2025_002,regulatory,43,10,0,53,3
203596_FY2025_003,financial,13,16,3,2,2
203596_FY2025_004,financial,44,47,0,3,2
203596_FY2025_005,financial,19,21,0,0,2
203596_FY2025_006,financial,27,31,1,4,1
203596_FY2025_007,financial,6,8,0,2,0
203596_FY2025_008,financial,23,23,0,0,0
203596_FY2025_009,financial,1,5,0,4,0
203596_FY2025_010,financial,26,35,0,9,1
203596_FY2025_011,financial,4,7,0,2,3
203596_FY2025_012,financial,1,21,0,2,20
203596_FY2025_013,strategic,4,1,0,1,5
203596_FY2025_014,strategic,16,2,3,0,19
203596_FY2025_015,strategic,9,0,8,4,17
203596_FY2025_016,operational,10,1,14,0,4
203596_FY2025_017,financial,18,22,0,4,0
203596_FY2025_018,strategic,4,2,1,1,6
203596_FY2025_019,financial,1,4,0,1,3
203596_FY2025_020,strategic,1,1,1,2,3
203596_FY2025_021,operational,17,2,26,9,5
203596_FY2025_022,operational,10,3,13,0,3
203596_FY2025_023,strategic,3,0,1,0,4
203596_FY2025_024,financial,17,17,0,0,0
203596_FY2025_025,financial,10,14,0,4,0
203596_FY2025_026,financial,2,4,0,2,0
22356_FY2021_000,financial,26,28,0,1,2
22356_FY2021_001,financial,4,4,0,0,0
22356_FY2021_002,strategic,10,2,2,2,12
22356_FY2021_003,financial,14,14,0,0,0
22356_FY2021_004,regulatory,25,4,0,29,3
22356_FY2021_005,financial,4,8,0,4,0
22356_FY2021_006,financial,16,22,0,6,1
22356_FY2021_007,financial,7,8,0,1,0
22356_FY2021_008,financial,34,40,2,6,0
22356_FY2021_009,financial,16,22,6,0,1
22356_FY2021_010,operational,9,0,13,2,4
22356_FY2021_011,operational,5,5,10,4,2
22356_FY2021_012,financial,35,38,0,3,0
22356_FY2021_013,financial,19,20,0,1,0
22356_FY2021_014,strategic,13,0,1,2,15
22356_FY2021_015,operational,9,0,14,5,5
22356_FY2021_016,operational,0,0,3,0,3
22356_FY2021_017,operational,4,0,6,0,2
22356_FY2021_018,financial,15,19,4,2,2
22356_FY2021_019,regulatory,5,10,0,15,0
22356_FY2022_000,financial,27,31,0,2,4
22356_FY2022_001,financial,4,4,0,0,0
22356_FY2022_002,strategic,10,2,2,2,12
22356_FY2022_003,financial,14,14,0,0,0
22356_FY2022_004,regulatory,25,4,0,29,3
22356_FY2022_005,financial,4,8,0,4,0
22356_FY2022_006,financial,17,23,0,6,0
22356_FY2022_007,financial,7,8,0,1,0
22356_FY2022_008,financial,35,41,1,6,0
22356_FY2022_009,financial,10,16,6,0,0
22356_FY2022_010,financial,5,6,0,0,1
22356_FY2022_011,operational,9,0,13,2,4
22356_FY2022_012,financial,35,36,0,1,0
22356_FY2022_013,financial,19,20,0,1,0
22356_FY2022_014,strategic,13,0,1,2,15
22356_FY2022_015,operational,17,0,22,5,5
22356_FY2022_016,operational,4,1,8,0,4
22356_FY2022_017,operational,4,0,6,0,2
22356_FY2022_018,financial,7,8,0,0,1
22356_FY2022_019,regulatory,5,10,0,15,0
22356_FY2023_000,financial,33,36,0,1,3
22356_FY2023_001,financial,4,4,0,0,0
22356_FY2023_002,strategic,10,2,2,2,12
22356_FY2023_003,regulatory,27,6,0,33,3
22356_FY2023_004,financial,4,8,0,4,0
22356_FY2023_005,regulatory,1,1,1,8,7
22356_FY2023_006,financial,20,27,0,7,2
22356_FY2023_007,financial,36,40,0,1,4
22356_FY2023_008,financial,7,8,0,1,0
22356_FY2023_009,financial,16,22,6,0,1
22356_FY2023_010,operational,9,0,13,2,4
22356_FY2023_011,financial,35,36,0,1,0
22356_FY2023_012,financial,23,24,0,1,0
22356_FY2023_013,financial,13,13,0,0,0
22356_FY2023_014,strategic,13,0,1,2,15
22356_FY2023_015,operational,17,0,22,5,5
22356_FY2023_016,operational,2,0,6,0,4
22356_FY2023_017,operational,3,0,5,0,2
22356_FY2023_018,financial,7,8,0,0,1
22356_FY2023_019,regulatory,5,10,0,15,0
22356_FY2024_000,financial,32,35,0,1,3
22356_FY2024_001,financial,4,4,0,0,0
22356_FY2024_002,strategic,10,2,2,2,12
22356_FY2024_003,regulatory,26,8,0,34,3
22356_FY2024_004,financial,4,8,0,4,0
22356_FY2024_005,regulatory,0,1,1,7,7
22356_FY2024_006,financial,18,26,0,8,0
22356_FY2024_007,financial,37,41,0,0,4
22356_FY2024_008,financial,7,8,0,1,0
22356_FY2024_009,financial,16,22,6,0,1
22356_FY2024_010,operational,9,0,13,2,4
22356_FY2024_011,financial,35,36,0,1,0
22356_FY2024_012,financial,23,24,0,1,0
22356_FY2024_013,financial,13,13,0,0,0
22356_FY2024_014,strategic,13,0,1,2,15
22356_FY2024_015,operational,17,0,22,5,5
22356_FY2024_016,operational,2,0,6,0,4
22356_FY2024_017,operational,3,0,5,0,2
22356_FY2024_018,financial,5,6,0,0,1
22356_FY2024_019,regulatory,5,10,0,15,0
22356_FY2025_000,financial,25,28,0,1,3
22356_FY2025_001,financial,4,4,0,0,0
22356_FY2025_002,strategic,10,2,2,2,12
22356_FY2025_003,regulatory,26,8,0,34,3
22356_FY2025_004,financial,4,8,0,4,0
22356_FY2025_005,regulatory,1,1,1,8,7
22356_FY2025_006,financial,16,26,0,10,0
22356_FY2025_007,financial,37,41,0,0,4
22356_FY2025_008,financial,7,8,0,1,0
22356_FY2025_009,financial,16,22,6,0,1
22356_FY2025_010,operational,9,0,13,2,4
22356_FY2025_011,strategic,14,2,1,10,24
22356_FY2025_012,strategic,7,0,1,2,9
22356_FY2025_013,operational,10,0,13,0,3
22356_FY2025_014,financial,35,36,0,1,0
22356_FY2025_015,financial,23,24,0,1,0
22356_FY2025_016,financial,13,13,0,0,0
22356_FY2025_017,strategic,13,0,1,2,15
22356_FY2025_018,operational,19,0,26,5,7
22356_FY2025_019,operational,2,0,6,0,4
22356_FY2025_020,operational,3,0,5,0,2
22356_FY2025_021,financial,5,6,0,0,1
22356_FY2025_022,regulatory,5,10,0,15,0
351569_FY2021_000,financial,20,25,5,4,1
351569_FY2021_001,financial,21,21,0,0,0
351569_FY2021_002,financial,17,17,0,0,0
351569_FY2021_003,operational,38,0,44,6,4
351569_FY2021_004,financial,15,15,0,0,0
351569_FY2021_005,financial,32,33,0,1,0
351569_FY2021_006,financial,15,15,0,0,0
351569_FY2021_007,financial,18,20,1,2,1
351569_FY2021_008,financial,6,25,4,19,0
351569_FY2021_009,regulatory,20,7,0,27,4
351569_FY2021_010,strategic,22,1,2,14,36
351569_FY2021_011,financial,7,10,0,3,0
351569_FY2021_012,regulatory,23,0,0,23,0
351569_FY2021_013,strategic,16,1,0,1,17
351569_FY2021_014,financial,3,13,0,10,1
351569_FY2021_015,financial,0,2,0,0,2
351569_FY2021_016,strategic,4,0,0,0,4
351569_FY2021_017,financial,19,21,0,1,2
351569_FY2021_018,operational,6,0,11,4,5
351569_FY2021_019,financial,0,0,0,0,0
351569_FY2021_020,strategic,12,1,0,7,19
351569_FY2021_021,operational,0,0,2,0,2
351569_FY2021_022,strategic,18,2,4,1,22
351569_FY2021_023,financial,10,13,3,2,0
351569_FY2021_024,strategic,1,6,0,3,7
351569_FY2021_025,financial,0,6,0,6,0
351569_FY2021_026,financial,7,7,0,0,0
351569_FY2021_027,financial,19,19,0,0,0
351569_FY2021_028,financial,6,6,0,0,0
351569_FY2021_029,financial,2,2,0,0,0
351569_FY2022_000,financial,21,21,0,0,0
351569_FY2022_001,financial,18,18,0,0,0
351569_FY2022_002,operational,38,0,44,6,4
351569_FY2022_003,operational,9,4,15,6,2
351569_FY2022_004,financial,15,15,0,0,0
351569_FY2022_005,financial,32,33,0,1,0
351569_FY2022_006,financial,15,15,0,0,0
351569_FY2022_007,financial,18,20,1,2,1
351569_FY2022_008,regulatory,20,7,0,27,4
351569_FY2022_009,strategic,22,1,2,14,36
351569_FY2022_010,financial,7,10,0,3,0
351569_FY2022_011,regulatory,23,0,0,23,0
351569_FY2022_012,strategic,16,1,0,1,17
351569_FY2022_013,financial,3,13,0,10,1
351569_FY2022_014,financial,0,2,0,0,2
351569_FY2022_015,strategic,4,0,0,0,4
351569_FY2022_016,financial,31,37,2,6,3
351569_FY2022_017,operational,6,0,11,4,5
351569_FY2022_018,financial,0,0,0,0,0
351569_FY2022_019,strategic,12,1,0,7,19
351569_FY2022_020,operational,0,0,2,0,2
351569_FY2022_021,strategic,18,2,4,1,22
351569_FY2022_022,financial,10,13,3,2,0
351569_FY2022_023,strategic,1,6,0,3,7
351569_FY2022_024,financial,0,6,0,6,0
351569_FY2022_025,financial,7,7,0,0,0
351569_FY2022_026,financial,19,19,0,0,0
351569_FY2022_027,financial,6,6,0,0,0
351569_FY2022_028,financial,2,2,0,0,0
351569_FY2023_000,financial,21,21,0,0,0
351569_FY2023_001,financial,19,19,0,0,0
351569_FY2023_002,financial,41,41,0,0,0
351569_FY2023_003,financial,57,58,0,1,0
351569_FY2023_004,financial,14,17,0,3,1
351569_FY2023_005,financial,39,43,0,2,4
351569_FY2023_006,financial,24,26,0,2,0
351569_FY2023_007,operational,38,0,44,6,4
351569_FY2023_008,financial,15,15,0,0,0
351569_FY2023_009,financial,18,20,1,2,1
351569_FY2023_010,regulatory,20,7,0,27,4
351569_FY2023_011,strategic,22,1,2,14,36
351569_FY2023_012,financial,7,10,0,3,0
351569_FY2023_013,regulatory,23,0,0,23,0
351569_FY2023_014,strategic,16,1,0,1,17
351569_FY2023_015,financial,3,13,0,10,1
351569_FY2023_016,financial,0,2,0,0,2
351569_FY2023_017,strategic,4,0,0,0,4
351569_FY2023_018,operational,6,0,11,4,5
351569_FY2023_019,financial,0,0,0,0,0
351569_FY2023_020,strategic,12,1,0,7,19
351569_FY2023_021,operational,0,0,2,0,2
351569_FY2023_022,strategic,18,2,4,1,22
351569_FY2023_023,financial,10,13,3,2,0
351569_FY2023_024,strategic,1,6,0,4,7
351569_FY2023_025,financial,0,6,0,6,0
351569_FY2023_026,financial,7,7,0,0,0
351569_FY2023_027,financial,19,19,0,0,0
351569_FY2023_028,financial,6,6,0,0,0
351569_FY2023_029,financial,2,2,0,0,0
351569_FY2024_000,strategic,8,15,0,1,23
351569_FY2024_001,strategic,28,1,2,14,42
351569_FY2024_002,financial,3,13,0,10,1
351569_FY2024_003,strategic,18,2,4,1,22
351569_FY2024_004,financial,21,21,0,0,0
351569_FY2024_005,financial,20,20,0,0,0
351569_FY2024_006,financial,48,52,0,2,4
351569_FY2024_007,financial,26,28,1,2,1
351569_FY2024_008,financial,7,10,0,3,0
351569_FY2024_009,financial,57,58,0,1,0
351569_FY2024_010,financial,24,26,0,2,0
351569_FY2024_011,financial,0,2,0,0,2
351569_FY2024_012,financial,6,6,0,0,0
351569_FY2024_013,financial,19,19,0,0,0
351569_FY2024_014,financial,7,7,0,0,0
351569_FY2024_015,operational,38,0,44,6,4
351569_FY2024_016,operational,6,0,11,4,5
351569_FY2024_017,operational,28,1,31,3,2
351569_FY2024_018,regulatory,1,1,2,3,1
351569_FY2024_019,operational,19,0,23,1,4
351569_FY2024_020,operational,6,1,36,30,5
351569_FY2024_021,financial,0,0,0,0,0
351569_FY2024_022,strategic,1,1,8,0,9
351569_FY2024_023,operational,7,4,11,3,1
351569_FY2024_024,regulatory,28,4,0,32,4
351569_FY2024_025,regulatory,41,0,0,44,3
351569_FY2024_026,regulatory,22,0,2,24,0
351569_FY2024_027,regulatory,13,4,0,17,0
351569_FY2024_028,regulatory,1,4,0,5,1
351569_FY2024_029,regulatory,19,0,0,19,0
351569_FY2024_030,financial,15,15,0,0,0
351569_FY2024_031,financial,41,41,0,0,0
351569_FY2024_032,financial,23,25,0,2,0
351569_FY2024_033,strategic,7,2,8,6,15
351569_FY2024_034,financial,12,13,1,0,1
351569_FY2024_035,financial,10,13,3,2,0
351569_FY2024_036,strategic,4,2,0,3,7
351569_FY2025_000,strategic,11,15,1,1,26
351569_FY2025_001,strategic,28,1,2,14,42
351569_FY2025_002,financial,3,13,0,10,1
351569_FY2025_003,strategic,18,2,4,1,22
351569_FY2025_004,financial,21,21,0,0,0
351569_FY2025_005,financial,20,20,0,0,0
351569_FY2025_006,financial,52,54,0,2,2
351569_FY2025_007,financial,26,28,1,2,1
351569_FY2025_008,financial,8,11,0,3,0
351569_FY2025_009,financial,57,58,0,1,0
351569_FY2025_010,financial,24,26,0,2,0
351569_FY2025_011,financial,0,2,0,0,2
351569_FY2025_012,financial,10,12,0,2,0
351569_FY2025_013,financial,21,21,0,0,0
351569_FY2025_014,financial,7,7,0,0,0
351569_FY2025_015,operational,43,0,49,6,4
351569_FY2025_016,operational,6,0,11,4,5
351569_FY2025_017,operational,28,1,31,3,2
351569_FY2025_018,regulatory,1,1,2,3,1
351569_FY2025_019,operational,17,0,21,0,4
351569_FY2025_020,operational,6,1,36,30,5
351569_FY2025_021,financial,0,0,0,0,0
351569_FY2025_022,strategic,1,1,8,0,9
351569_FY2025_023,operational,7,4,11,3,1
351569_FY2025_024,financial,2,3,1,1,0
351569_FY2025_025,regulatory,23,4,0,27,4
351569_FY2025_026,regulatory,43,0,0,46,3
351569_FY2025_027,regulatory,22,0,2,24,0
351569_FY2025_028,regulatory,1,4,0,5,1
351569_FY2025_029,regulatory,20,1,0,21,0
351569_FY2025_030,financial,15,15,0,0,0
351569_FY2025_031,financial,41,41,0,0,0
351569_FY2025_032,financial,23,25,0,2,0
351569_FY2025_033,strategic,7,2,8,6,15
351569_FY2025_034,financial,12,13,1,0,1
351569_FY2025_035,financial,10,13,3,2,0
351569_FY2025_036,strategic,4,2,0,3,7
351569_FY2025_037,regulatory,1,0,1,3,2
35527_FY2021_000,financial,22,23,0,0,1
35527_FY2021_001,financial,31,31,0,0,0
35527_FY2021_002,financial,11,11,0,0,0
35527_FY2021_003,financial,48,58,0,10,5
35527_FY2021_004,financial,15,15,0,0,0
35527_FY2021_005,financial,36,39,0,0,3
35527_FY2021_006,financial,13,23,0,10,0
35527_FY2021_007,operational,13,2,27,9,14
35527_FY2021_008,operational,44,0,57,12,13
35527_FY2021_009,strategic,11,0,1,3,14
35527_FY2021_010,regulatory,1,1,5,6,4
35527_FY2021_011,regulatory,2,7,6,9,5
35527_FY2021_012,operational,20,0,22,0,2
35527_FY2021_013,operational,4,0,8,2,4
35527_FY2021_014,financial,0,4,1,0,4
35527_FY2021_015,regulatory,63,0,1,66,3
35527_FY2021_016,financial,14,19,5,2,0
35527_FY2021_017,regulatory,59,5,3,64,2
35527_FY2021_018,strategic,2,0,0,1,3
35527_FY2021_019,regulatory,28,5,0,38,10
35527_FY2021_020,regulatory,10,0,9,19,2
35527_FY2021_021,regulatory,13,10,0,23,5
35527_FY2021_022,regulatory,11,6,0,17,0
35527_FY2021_023,financial,3,7,0,4,0
35527_FY2021_024,regulatory,4,0,0,4,0
35527_FY2021_025,financial,49,54,2,5,0
35527_FY2021_026,financial,17,21,0,4,3
35527_FY2021_027,financial,5,5,0,0,0
35527_FY2021_028,financial,37,41,0,4,0
35527_FY2021_029,financial,12,14,0,1,2
35527_FY2021_030,regulatory,1,1,0,3,2
35527_FY2021_031,financial,21,22,1,0,0
35527_FY2021_032,strategic,18,1,3,1,21
35527_FY2021_033,strategic,24,3,0,1,27
35527_FY2021_034,strategic,10,1,0,1,11
35527_FY2021_035,strategic,3,1,3,7,10
35527_FY2021_036,strategic,26,5,5,5,31
35527_FY2021_037,regulatory,6,0,0,6,0
35527_FY2021_038,operational,5,1,7,2,0
35527_FY2021_039,financial,0,0,0,0,0
35527_FY2021_040,financial,15,17,2,1,1
35527_FY2021_041,financial,0,8,0,8,0
35527_FY2021_042,regulatory,18,2,0,20,0
35527_FY2021_043,financial,15,37,13,22,10
35527_FY2022_000,financial,23,24,0,0,1
35527_FY2022_001,financial,35,35,0,0,0
35527_FY2022_002,financial,11,11,0,0,0
35527_FY2022_003,financial,11,12,0,0,1
35527_FY2022_004,financial,48,58,0,10,5
35527_FY2022_005,financial,15,15,0,0,0
35527_FY2022_006,financial,36,39,0,0,3
35527_FY2022_007,financial,13,23,0,10,0
35527_FY2022_008,operational,15,2,29,9,14
35527_FY2022_009,operational,42,0,57,12,15
35527_FY2022_010,strategic,11,0,1,3,14
35527_FY2022_011,regulatory,1,1,5,6,4
35527_FY2022_012,regulatory,2,7,6,9,5
35527_FY2022_013,operational,20,0,22,0,2
35527_FY2022_014,operational,4,0,8,2,4
35527_FY2022_015,financial,0,4,1,0,4
35527_FY2022_016,regulatory,63,0,1,66,3
35527_FY2022_017,financial,14,19,5,2,0
35527_FY2022_018,regulatory,59,9,3,68,2
35527_FY2022_019,strategic,2,0,0,1,3
35527_FY2022_020,regulatory,28,6,0,38,10
35527_FY2022_021,regulatory,10,0,9,19,2
35527_FY2022_022,regulatory,14,9,0,23,5
35527_FY2022_023,regulatory,14,3,0,17,0
35527_FY2022_024,financial,3,7,0,4,0
35527_FY2022_025,regulatory,4,0,0,4,0
35527_FY2022_026,financial,54,65,2,11,0
35527_FY2022_027,financial,11,15,1,4,3
35527_FY2022_028,financial,3,5,0,2,0
35527_FY2022_029,financial,48,51,0,3,0
35527_FY2022_030,financial,12,14,0,1,2
35527_FY2022_031,regulatory,1,1,0,3,2
35527_FY2022_032,financial,22,23,1,0,0
35527_FY2022_033,strategic,18,1,3,1,21
35527_FY2022_034,strategic,24,3,0,1,27
35527_FY2022_035,strategic,10,1,0,1,11
35527_FY2022_036,strategic,4,1,2,4,8
35527_FY2022_037,strategic,26,5,6,5,32
35527_FY2022_038,regulatory,6,0,0,6,0
35527_FY2022_039,operational,5,1,7,2,0
35527_FY2022_040,financial,0,0,0,0,0
35527_FY2022_041,financial,15,17,2,1,1
35527_FY2022_042,financial,1,9,0,8,0
35527_FY2022_043,regulatory,18,2,0,20,0
35527_FY2022_044,operational,0,4,8,8,2
35527_FY2023_000,financial,23,24,0,0,1
35527_FY2023_001,financial,35,35,0,0,0
35527_FY2023_002,financial,11,11,0,0,0
35527_FY2023_003,financial,11,12,0,0,1
35527_FY2023_004,financial,51,61,0,10,5
35527_FY2023_005,financial,15,15,0,0,0
35527_FY2023_006,financial,36,39,0,0,3
35527_FY2023_007,financial,13,23,0,10,0
35527_FY2023_008,operational,22,2,36,9,14
35527_FY2023_009,operational,48,3,63,12,15
35527_FY2023_010,strategic,11,0,1,3,14
35527_FY2023_011,regulatory,1,1,5,6,4
35527_FY2023_012,operational,20,0,22,0,2
35527_FY2023_013,operational,4,0,8,2,4
35527_FY2023_014,financial,0,4,1,0,4
35527_FY2023_015,regulatory,72,0,1,75,3
35527_FY2023_016,financial,14,19,5,2,0
35527_FY2023_017,regulatory,64,9,4,73,2
35527_FY2023_018,strategic,2,0,0,1,3
35527_FY2023_019,regulatory,37,6,0,47,10
35527_FY2023_020,regulatory,10,0,9,19,2
35527_FY2023_021,regulatory,10,9,0,19,5
35527_FY2023_022,financial,1,8,0,7,0
35527_FY2023_023,regulatory,4,0,0,4,0
35527_FY2023_024,financial,11,15,1,4,3
35527_FY2023_025,financial,3,6,0,3,0
35527_FY2023_026,financial,43,47,0,4,0
35527_FY2023_027,financial,12,14,0,1,2
35527_FY2023_028,regulatory,1,1,0,3,2
35527_FY2023_029,financial,21,22,1,0,0
35527_FY2023_030,strategic,18,1,3,1,21
35527_FY2023_031,financial,0,5,5,1,0
35527_FY2023_032,strategic,24,3,0,1,27
35527_FY2023_033,strategic,10,1,0,1,11
35527_FY2023_034,regulatory,4,2,0,6,0
35527_FY2023_035,strategic,5,1,2,4,9
35527_FY2023_036,strategic,28,5,6,5,34
35527_FY2023_037,regulatory,6,0,0,6,0
35527_FY2023_038,operational,5,1,7,2,0
35527_FY2023_039,regulatory,2,7,6,9,5
35527_FY2023_040,financial,0,0,0,0,0
35527_FY2023_041,financial,15,17,2,1,1
35527_FY2023_042,financial,1,9,0,8,0
35527_FY2023_043,regulatory,18,2,0,20,0
35527_FY2023_044,regulatory,1,18,0,19,1
35527_FY2024_000,financial,24,25,0,0,1
35527_FY2024_001,financial,37,37,0,0,0
35527_FY2024_002,financial,11,11,0,0,0
35527_FY2024_003,financial,11,12,0,0,1
35527_FY2024_004,financial,12,14,2,1,1
35527_FY2024_005,financial,53,57,0,3,4
35527_FY2024_006,financial,15,15,0,0,0
35527_FY2024_007,financial,36,39,0,0,3
35527_FY2024_008,financial,13,23,0,10,0
35527_FY2024_009,operational,26,2,40,9,14
35527_FY2024_010,operational,47,4,64,17,17
35527_FY2024_011,strategic,11,0,1,3,14
35527_FY2024_012,regulatory,1,1,5,6,4
35527_FY2024_013,operational,0,0,4,0,4
35527_FY2024_014,operational,20,0,22,0,2
35527_FY2024_015,operational,4,0,8,2,4
35527_FY2024_016,financial,0,4,1,0,4
35527_FY2024_017,regulatory,72,0,1,75,3
35527_FY2024_018,financial,14,19,5,2,0
35527_FY2024_019,regulatory,80,10,4,90,0
35527_FY2024_020,strategic,2,0,0,1,3
35527_FY2024_021,regulatory,37,6,0,47,10
35527_FY2024_022,regulatory,10,0,9,19,2
35527_FY2024_023,regulatory,10,9,0,19,5
35527_FY2024_024,financial,1,10,0,9,0
35527_FY2024_025,regulatory,4,0,0,4,0
35527_FY2024_026,financial,6,8,0,2,0
35527_FY2024_027,financial,15,18,1,3,2
35527_FY2024_028,financial,50,54,0,4,0
35527_FY2024_029,financial,12,14,0,1,2
35527_FY2024_030,financial,0,0,0,0,0
35527_FY2024_031,financial,21,22,1,0,0
35527_FY2024_032,strategic,18,1,3,1,21
35527_FY2024_033,financial,0,5,5,1,0
35527_FY2024_034,strategic,24,3,0,1,27
35527_FY2024_035,strategic,9,1,0,1,10
35527_FY2024_036,regulatory,4,2,0,6,0
35527_FY2024_037,strategic,6,3,2,4,10
35527_FY2024_038,strategic,5,3,3,13,18
35527_FY2024_039,regulatory,6,0,0,6,0
35527_FY2024_040,operational,5,1,7,2,0
35527_FY2024_041,regulatory,3,6,6,9,5
35527_FY2024_042,financial,0,0,0,0,0
35527_FY2024_043,financial,1,9,0,8,0
35527_FY2024_044,regulatory,7,3,0,10,0
35527_FY2025_000,financial,32,32,0,0,0
35527_FY2025_001,financial,11,11,0,0,0
35527_FY2025_002,financial,11,12,0,0,1
35527_FY2025_003,financial,43,47,0,3,4
35527_FY2025_004,financial,12,13,0,0,1
35527_FY2025_005,financial,36,39,0,0,3
35527_FY2025_006,financial,15,21,0,6,0
35527_FY2025_007,operational,38,3,51,12,13
35527_FY2025_008,operational,52,2,68,15,16
35527_FY2025_009,strategic,11,0,1,3,14
35527_FY2025_010,regulatory,2,1,5,7,5
35527_FY2025_011,regulatory,7,0,5,16,9
35527_FY2025_012,operational,19,0,21,0,2
35527_FY2025_013,operational,4,0,8,2,4
35527_FY2025_014,regulatory,65,0,3,68,3
35527_FY2025_015,regulatory,59,4,4,63,0
35527_FY2025_016,strategic,2,0,0,1,3
35527_FY2025_017,regulatory,30,3,0,38,8
35527_FY2025_018,regulatory,6,8,0,14,4
35527_FY2025_019,financial,2,5,0,3,0
35527_FY2025_020,regulatory,3,0,0,3,0
35527_FY2025_021,financial,6,8,0,2,0
35527_FY2025_022,financial,15,19,3,4,3
35527_FY2025_023,financial,33,36,0,3,0
35527_FY2025_024,financial,12,14,0,1,2
35527_FY2025_025,financial,0,0,0,0,0
35527_FY2025_026,financial,28,31,3,1,0
35527_FY2025_027,strategic,16,1,1,2,18
35527_FY2025_028,financial,0,5,5,1,0
35527_FY2025_029,strategic,5,0,0,0,5
35527_FY2025_030,strategic,27,0,0,1,28
35527_FY2025_031,strategic,6,1,0,0,7
35527_FY2025_032,strategic,4,0,0,1,5
35527_FY2025_033,strategic,8,3,2,3,11
35527_FY2025_034,strategic,1,3,1,12,13
35527_FY2025_035,regulatory,6,0,0,6,0
35527_FY2025_036,operational,5,1,7,2,0
35527_FY2025_037,regulatory,3,6,6,9,5
35527_FY2025_038,financial,0,0,0,0,0
35527_FY2025_039,financial,5,9,0,1,4
35527_FY2025_040,strategic,10,0,2,3,13
35527_FY2025_041,strategic,4,0,3,11,15
35527_FY2025_042,strategic,4,0,1,3,7
35527_FY2025_043,strategic,5,0,5,0,10
36270_FY2021_000,strategic,8,0,1,4,12
36270_FY2021_001,financial,5,8,0,3,0
36270_FY2021_002,regulatory,11,3,0,14,0
36270_FY2021_003,financial,10,10,0,0,0
36270_FY2021_004,strategic,7,0,1,1,8
36270_FY2021_005,regulatory,1,0,9,10,5
36270_FY2021_006,strategic,2,0,1,1,3
36270_FY2021_007,strategic,3,2,0,0,5
36270_FY2021_008,strategic,10,0,4,2,14
36270_FY2021_009,strategic,18,1,3,0,21
36270_FY2021_010,operational,7,0,13,0,6
36270_FY2021_011,strategic,5,1,0,3,8
36270_FY2021_012,regulatory,5,0,0,24,19
36270_FY2021_013,strategic,15,0,1,1,16
36270_FY2021_014,regulatory,0,0,2,16,16
36270_FY2021_015,financial,16,33,16,17,17
36270_FY2021_016,financial,45,66,0,21,1
36270_FY2021_017,financial,90,106,5,16,1
36270_FY2021_018,financial,8,8,0,0,0
36270_FY2021_019,financial,16,16,0,0,0
36270_FY2021_020,regulatory,48,6,0,54,4
36270_FY2021_021,regulatory,2,12,0,14,1
36270_FY2021_022,regulatory,14,10,0,24,1
36270_FY2021_023,regulatory,5,0,0,5,0
36270_FY2021_024,financial,66,71,0,5,2
36270_FY2021_025,financial,5,5,0,0,0
36270_FY2021_026,financial,44,55,0,11,5
36270_FY2021_027,financial,33,36,0,0,3
36270_FY2021_028,financial,7,16,0,9,0
36270_FY2021_029,strategic,23,1,0,2,25
36270_FY2021_030,strategic,9,1,2,15,24
36270_FY2021_031,operational,1,0,10,6,9
36270_FY2021_032,operational,11,0,17,4,6
36270_FY2021_033,operational,52,2,57,4,5
36270_FY2021_034,operational,19,0,30,3,11
36270_FY2021_035,regulatory,35,0,8,43,8
36270_FY2021_036,operational,7,0,10,0,3
36270_FY2021_037,regulatory,38,0,0,42,4
36270_FY2021_038,regulatory,8,0,0,8,0
36270_FY2021_039,financial,0,1,0,1,0
36270_FY2021_040,operational,16,4,20,4,1
36270_FY2021_041,strategic,6,2,5,7,13
36270_FY2021_042,operational,3,3,6,3,2
36270_FY2021_043,financial,6,7,1,1,0
36270_FY2021_044,financial,2,11,0,9,9
36270_FY2022_000,strategic,3,0,1,2,5
36270_FY2022_001,financial,6,9,0,3,0
36270_FY2022_002,regulatory,11,3,0,14,0
36270_FY2022_003,financial,10,10,0,0,0
36270_FY2022_004,strategic,7,0,1,1,8
36270_FY2022_005,regulatory,1,0,9,10,5
36270_FY2022_006,strategic,2,0,1,1,3
36270_FY2022_007,financial,2,2,0,0,0
36270_FY2022_008,strategic,9,3,6,0,15
36270_FY2022_009,operational,10,0,12,0,2
36270_FY2022_010,regulatory,12,0,0,17,5
36270_FY2022_011,financial,60,86,1,26,3
36270_FY2022_012,financial,85,101,1,16,1
36270_FY2022_013,financial,7,8,0,0,1
36270_FY2022_014,financial,16,16,0,0,0
36270_FY2022_015,regulatory,48,6,0,54,5
36270_FY2022_016,regulatory,2,12,0,14,1
36270_FY2022_017,regulatory,14,9,0,23,1
36270_FY2022_018,regulatory,5,0,0,5,0
36270_FY2022_019,financial,61,66,0,5,2
36270_FY2022_020,financial,5,5,0,0,0
36270_FY2022_021,financial,43,53,0,10,5
36270_FY2022_022,financial,33,38,0,0,5
36270_FY2022_023,financial,7,16,0,9,0
36270_FY2022_024,strategic,26,1,0,2,28
36270_FY2022_025,strategic,9,1,2,15,24
36270_FY2022_026,operational,1,0,10,6,9
36270_FY2022_027,operational,10,0,16,4,6
36270_FY2022_028,operational,58,2,63,4,5
36270_FY2022_029,operational,21,0,32,4,11
36270_FY2022_030,regulatory,35,0,8,43,8
36270_FY2022_031,operational,7,0,10,0,3
36270_FY2022_032,regulatory,33,0,0,36,3
36270_FY2022_033,regulatory,8,0,0,8,0
36270_FY2022_034,financial,0,1,0,1,0
36270_FY2022_035,operational,16,4,20,4,1
36270_FY2022_036,strategic,6,2,5,7,13
36270_FY2022_037,operational,3,3,6,3,3
36270_FY2022_038,financial,5,16,11,4,4
36270_FY2022_039,financial,3,14,0,11,11
36270_FY2023_000,regulatory,11,3,0,14,0
36270_FY2023_001,financial,10,10,0,0,0
36270_FY2023_002,strategic,7,0,1,1,8
36270_FY2023_003,operational,0,0,10,10,5
36270_FY2023_004,strategic,2,0,1,1,3
36270_FY2023_005,financial,2,2,0,0,0
36270_FY2023_006,financial,62,91,1,29,3
36270_FY2023_007,financial,7,8,0,0,1
36270_FY2023_008,financial,16,16,0,0,0
36270_FY2023_009,financial,8,11,1,3,0
36270_FY2023_010,regulatory,52,7,0,59,5
36270_FY2023_011,regulatory,3,15,0,18,1
36270_FY2023_012,regulatory,15,9,0,24,1
36270_FY2023_013,regulatory,5,0,0,5,0
36270_FY2023_014,financial,61,66,0,5,1
36270_FY2023_015,financial,7,7,0,0,0
36270_FY2023_016,financial,45,55,0,10,5
36270_FY2023_017,financial,50,55,0,0,5
36270_FY2023_018,financial,7,16,0,9,0
36270_FY2023_019,strategic,25,1,0,2,27
36270_FY2023_020,strategic,15,1,2,17,32
36270_FY2023_021,operational,1,0,10,6,9
36270_FY2023_022,operational,13,0,19,4,6
36270_FY2023_023,operational,72,2,77,5,5
36270_FY2023_024,operational,31,0,42,4,11
36270_FY2023_025,regulatory,34,0,8,42,8
36270_FY2023_026,operational,7,0,10,0,3
36270_FY2023_027,regulatory,33,0,0,36,3
36270_FY2023_028,regulatory,7,0,0,7,0
36270_FY2023_029,financial,0,1,0,1,0
36270_FY2023_030,operational,14,6,20,3,1
36270_FY2023_031,strategic,4,2,9,7,13
36270_FY2023_032,operational,3,3,6,3,3
36270_FY2023_033,financial,8,16,8,2,4
36270_FY2023_034,regulatory,2,16,1,18,10
36270_FY2024_000,regulatory,11,3,0,14,0
36270_FY2024_001,financial,10,10,0,0,0
36270_FY2024_002,strategic,7,0,1,1,8
36270_FY2024_003,regulatory,1,0,9,10,5
36270_FY2024_004,strategic,2,0,1,1,3
36270_FY2024_005,financial,2,2,0,0,0
36270_FY2024_006,financial,67,86,1,19,3
36270_FY2024_007,regulatory,20,0,0,20,0
36270_FY2024_008,financial,7,8,0,0,1
36270_FY2024_009,financial,13,13,0,0,0
36270_FY2024_010,financial,8,11,1,3,0
36270_FY2024_011,regulatory,65,7,0,72,6
36270_FY2024_012,regulatory,3,15,0,18,1
36270_FY2024_013,regulatory,15,9,0,24,1
36270_FY2024_014,regulatory,5,0,0,5,0
36270_FY2024_015,financial,64,69,0,5,0
36270_FY2024_016,financial,7,7,0,0,0
36270_FY2024_017,financial,45,55,0,10,5
36270_FY2024_018,financial,49,54,0,0,5
36270_FY2024_019,financial,7,16,0,9,0
36270_FY2024_020,strategic,25,1,0,2,27
36270_FY2024_021,strategic,14,1,2,17,31
36270_FY2024_022,operational,1,0,10,6,9
36270_FY2024_023,operational,13,0,19,5,6
36270_FY2024_024,operational,66,2,72,6,6
36270_FY2024_025,operational,25,0,36,4,11
36270_FY2024_026,regulatory,34,0,8,42,8
36270_FY2024_027,operational,9,0,12,0,3
36270_FY2024_028,operational,6,1,17,11,2
36270_FY2024_029,regulatory,33,0,0,36,3
36270_FY2024_030,regulatory,7,0,0,7,0
36270_FY2024_031,financial,0,1,0,1,0
36270_FY2024_032,operational,15,5,20,3,1
36270_FY2024_033,strategic,9,2,9,7,18
36270_FY2024_034,operational,3,3,6,3,3
36270_FY2024_035,financial,9,16,7,2,4
36270_FY2024_036,regulatory,4,17,1,21,11
36270_FY2025_000,regulatory,11,3,0,14,0
36270_FY2025_001,financial,10,10,0,0,0
36270_FY2025_002,strategic,7,0,1,1,8
36270_FY2025_003,operational,0,0,10,10,5
36270_FY2025_004,strategic,1,0,1,1,2
36270_FY2025_005,financial,2,2,0,0,0
36270_FY2025_006,financial,69,88,1,19,3
36270_FY2025_007,regulatory,20,0,0,20,0
36270_FY2025_008,financial,7,8,0,0,1
36270_FY2025_009,financial,13,13,0,0,0
36270_FY2025_010,financial,8,11,1,3,0
36270_FY2025_011,regulatory,67,7,0,74,6
36270_FY2025_012,regulatory,3,15,0,18,1
36270_FY2025_013,regulatory,13,9,0,22,1
36270_FY2025_014,regulatory,5,0,0,5,0
36270_FY2025_015,financial,67,72,0,5,0
36270_FY2025_016,financial,7,7,0,0,0
36270_FY2025_017,financial,45,54,0,9,5
36270_FY2025_018,financial,52,59,0,6,7
36270_FY2025_019,financial,7,15,0,8,0
36270_FY2025_020,strategic,25,1,0,2,27
36270_FY2025_021,strategic,10,1,2,16,26
36270_FY2025_022,operational,1,0,10,6,9
36270_FY2025_023,operational,14,0,19,5,5
36270_FY2025_024,operational,69,2,75,6,6
36270_FY2025_025,operational,25,0,36,4,11
36270_FY2025_026,regulatory,37,0,8,45,8
36270_FY2025_027,operational,9,0,12,0,3
36270_FY2025_028,operational,6,1,17,11,2
36270_FY2025_029,regulatory,33,0,0,36,3
36270_FY2025_030,regulatory,7,0,0,7,0
36270_FY2025_031,financial,0,1,0,1,0
36270_FY2025_032,operational,15,5,20,3,1
36270_FY2025_033,strategic,6,2,9,7,15
36270_FY2025_034,operational,3,3,6,3,2
36270_FY2025_035,financial,9,16,7,2,4
36270_FY2025_036,regulatory,1,16,1,17,11
36377_FY2021_000,strategic,3,0,0,0,3
36377_FY2021_001,financial,50,57,2,7,4
36377_FY2021_002,financial,13,14,0,0,1
36377_FY2021_003,financial,44,44,0,0,0
36377_FY2021_004,financial,14,17,0,3,3
36377_FY2021_005,financial,0,3,0,0,3
36377_FY2021_006,financial,72,80,0,8,2
36377_FY2021_007,financial,35,40,3,5,2
36377_FY2021_008,financial,7,9,0,2,0
36377_FY2021_009,financial,24,24,0,0,0
36377_FY2021_010,financial,52,56,0,4,2
36377_FY2021_011,financial,37,41,0,0,4
36377_FY2021_012,financial,11,16,0,5,0
36377_FY2021_013,financial,8,11,0,2,3
36377_FY2021_014,strategic,3,0,3,6,9
36377_FY2021_015,operational,9,0,17,8,6
36377_FY2021_016,regulatory,2,0,1,4,2
36377_FY2021_017,regulatory,9,2,2,11,0
36377_FY2021_018,financial,20,21,0,0,1
36377_FY2021_019,operational,71,0,80,9,6
36377_FY2021_020,operational,3,0,13,2,10
36377_FY2021_021,financial,14,14,0,0,0
36377_FY2021_022,financial,14,14,0,0,0
36377_FY2021_023,financial,47,51,1,4,0
36377_FY2021_024,operational,16,0,29,13,2
36377_FY2021_025,financial,1,3,1,0,2
36377_FY2021_026,financial,4,8,4,4,0
36377_FY2021_027,regulatory,5,0,0,5,0
36377_FY2021_028,financial,4,9,0,3,5
36377_FY2021_029,strategic,9,9,2,3,18
36377_FY2021_030,strategic,10,0,1,2,12
36377_FY2021_031,strategic,4,3,1,2,7
36377_FY2021_032,strategic,4,0,3,2,7
36377_FY2021_033,regulatory,44,12,0,56,2
36377_FY2021_034,financial,1,3,0,2,0
36377_FY2021_035,regulatory,7,4,0,11,1
36377_FY2021_036,financial,11,16,0,5,0
36377_FY2021_037,regulatory,34,2,2,36,1
36377_FY2021_038,regulatory,41,2,0,43,2
36377_FY2021_039,regulatory,4,5,0,9,0
36377_FY2021_040,regulatory,44,0,0,49,5
36377_FY2021_041,regulatory,22,0,17,39,1
36377_FY2021_042,regulatory,8,0,0,16,8
36377_FY2021_043,operational,8,0,20,12,0
36377_FY2021_044,regulatory,1,8,0,9,5
36377_FY2021_045,regulatory,2,0,0,3,1
36377_FY2021_046,financial,2,20,18,14,4
36377_FY2021_047,financial,7,9,1,2,1
36377_FY2021_048,financial,17,23,2,6,3
36377_FY2021_049,regulatory,6,5,1,12,6
36377_FY2021_050,regulatory,1,1,2,3,1
36377_FY2021_051,regulatory,11,2,1,15,4
36377_FY2022_000,financial,46,53,2,7,4
36377_FY2022_001,financial,15,18,0,0,3
36377_FY2022_002,financial,44,44,0,0,0
36377_FY2022_003,financial,14,17,0,3,3
36377_FY2022_004,financial,0,3,0,0,3
36377_FY2022_005,financial,90,99,0,9,2
36377_FY2022_006,financial,32,36,3,4,2
36377_FY2022_007,financial,7,9,0,2,0
36377_FY2022_008,financial,24,24,0,0,0
36377_FY2022_009,financial,52,56,0,4,2
36377_FY2022_010,financial,37,41,0,0,4
36377_FY2022_011,financial,11,16,0,5,0
36377_FY2022_012,strategic,3,0,3,6,9
36377_FY2022_013,operational,9,0,17,8,6
36377_FY2022_014,regulatory,2,0,1,4,2
36377_FY2022_015,regulatory,9,2,2,11,0
36377_FY2022_016,financial,20,21,0,0,1
36377_FY2022_017,operational,75,0,84,9,4
36377_FY2022_018,operational,3,0,13,2,10
36377_FY2022_019,financial,14,14,0,0,0
36377_FY2022_020,financial,10,10,0,0,0
36377_FY2022_021,financial,47,51,1,4,0
36377_FY2022_022,operational,16,0,29,13,2
36377_FY2022_023,financial,1,3,1,0,2
36377_FY2022_024,financial,4,8,4,4,0
36377_FY2022_025,regulatory,5,0,0,5,0
36377_FY2022_026,financial,4,9,0,3,5
36377_FY2022_027,strategic,13,7,2,3,20
36377_FY2022_028,strategic,10,0,1,2,12
36377_FY2022_029,strategic,4,3,1,2,7
36377_FY2022_030,strategic,4,0,3,2,7
36377_FY2022_031,regulatory,49,12,1,61,2
36377_FY2022_032,financial,1,3,0,2,0
36377_FY2022_033,regulatory,7,4,0,11,1
36377_FY2022_034,financial,11,16,0,5,0
36377_FY2022_035,regulatory,36,2,2,38,1
36377_FY2022_036,regulatory,41,2,0,43,2
36377_FY2022_037,regulatory,5,7,0,12,0
36377_FY2022_038,regulatory,44,0,0,49,5
36377_FY2022_039,regulatory,22,0,17,39,1
36377_FY2022_040,strategic,3,3,0,10,13
36377_FY2022_041,operational,8,0,20,12,0
36377_FY2022_042,regulatory,1,8,0,9,5
36377_FY2022_043,regulatory,2,0,0,3,1
36377_FY2022_044,operational,5,6,11,4,2
36377_FY2022_045,financial,7,9,1,2,1
36377_FY2022_046,financial,12,23,2,11,3
36377_FY2022_047,regulatory,6,5,1,12,6
36377_FY2022_048,regulatory,1,1,2,3,1
36377_FY2022_049,regulatory,6,2,1,10,4
36377_FY2023_000,financial,42,60,2,18,4
36377_FY2023_001,financial,15,18,0,0,3
36377_FY2023_002,financial,44,44,0,0,0
36377_FY2023_003,financial,14,17,0,3,3
36377_FY2023_004,financial,0,3,0,0,3
36377_FY2023_005,financial,90,99,0,9,2
36377_FY2023_006,financial,11,13,0,2,0
36377_FY2023_007,financial,23,24,0,1,0
36377_FY2023_008,financial,53,57,0,4,2
36377_FY2023_009,financial,53,57,0,0,4
36377_FY2023_010,financial,10,17,0,7,0
36377_FY2023_011,strategic,4,0,4,6,10
36377_FY2023_012,operational,9,0,17,8,6
36377_FY2023_013,regulatory,2,0,1,4,2
36377_FY2023_014,regulatory,9,2,2,11,0
36377_FY2023_015,financial,20,21,0,0,1
36377_FY2023_016,operational,81,0,90,9,4
36377_FY2023_017,operational,4,0,15,11,2
36377_FY2023_018,operational,3,0,13,2,10
36377_FY2023_019,financial,20,20,0,0,0
36377_FY2023_020,financial,10,10,0,0,0
36377_FY2023_021,financial,47,51,1,4,0
36377_FY2023_022,operational,16,0,29,13,2
36377_FY2023_023,financial,1,3,1,0,2
36377_FY2023_024,financial,4,8,4,4,0
36377_FY2023_025,regulatory,5,0,0,5,0
36377_FY2023_026,financial,4,9,0,3,5
36377_FY2023_027,strategic,13,7,2,3,20
36377_FY2023_028,strategic,10,0,1,2,12
36377_FY2023_029,strategic,4,3,1,2,7
36377_FY2023_030,strategic,4,0,3,2,7
36377_FY2023_031,regulatory,45,21,1,66,2
36377_FY2023_032,regulatory,18,0,0,20,2
36377_FY2023_033,financial,1,3,0,2,0
36377_FY2023_034,regulatory,7,4,0,11,1
36377_FY2023_035,financial,11,16,0,5,0
36377_FY2023_036,regulatory,36,2,2,38,1
36377_FY2023_037,regulatory,41,2,0,43,2
36377_FY2023_038,regulatory,5,7,0,12,0
36377_FY2023_039,regulatory,44,0,0,49,5
36377_FY2023_040,regulatory,22,0,17,39,1
36377_FY2023_041,strategic,3,3,0,10,13
36377_FY2023_042,operational,8,0,20,12,0
36377_FY2023_043,regulatory,1,8,0,9,5
36377_FY2023_044,regulatory,2,0,0,3,1
36377_FY2023_045,financial,7,9,1,2,1
36377_FY2023_046,financial,11,25,4,14,5
36377_FY2023_047,regulatory,7,5,1,13,6
36377_FY2023_048,regulatory,1,1,2,3,1
36377_FY2023_049,regulatory,6,2,1,10,4
36377_FY2024_000,financial,41,60,2,19,4
36377_FY2024_001,financial,17,20,0,0,3
36377_FY2024_002,financial,44,44,0,0,0
36377_FY2024_003,financial,14,17,0,3,3
36377_FY2024_004,financial,0,3,0,0,3
36377_FY2024_005,financial,94,104,0,10,2
36377_FY2024_006,financial,11,13,0,2,0
36377_FY2024_007,financial,23,24,0,1,0
36377_FY2024_008,financial,53,57,0,4,2
36377_FY2024_009,financial,53,57,0,0,4
36377_FY2024_010,financial,10,17,0,7,0
36377_FY2024_011,strategic,7,0,4,8,15
36377_FY2024_012,operational,8,0,17,9,6
36377_FY2024_013,regulatory,2,0,1,4,2
36377_FY2024_014,regulatory,9,2,2,11,0
36377_FY2024_015,financial,20,21,0,0,1
36377_FY2024_016,operational,83,0,92,9,4
36377_FY2024_017,operational,6,0,17,11,2
36377_FY2024_018,operational,3,0,13,2,10
36377_FY2024_019,financial,20,20,0,0,0
36377_FY2024_020,financial,10,10,0,0,0
36377_FY2024_021,financial,47,51,1,4,0
36377_FY2024_022,operational,16,0,29,13,2
36377_FY2024_023,financial,1,3,1,0,2
36377_FY2024_024,financial,3,7,4,4,0
36377_FY2024_025,regulatory,5,0,0,5,0
36377_FY2024_026,financial,4,9,0,3,5
36377_FY2024_027,strategic,13,7,2,3,20
36377_FY2024_028,strategic,10,0,1,2,12
36377_FY2024_029,strategic,4,3,1,2,7
36377_FY2024_030,strategic,4,0,3,2,7
36377_FY2024_031,regulatory,60,21,1,81,2
36377_FY2024_032,regulatory,18,0,0,20,2
36377_FY2024_033,financial,1,3,0,2,0
36377_FY2024_034,regulatory,7,4,0,11,1
36377_FY2024_035,financial,11,16,0,5,0
36377_FY2024_036,regulatory,36,2,2,38,1
36377_FY2024_037,regulatory,41,2,0,43,2
36377_FY2024_038,regulatory,5,7,0,12,0
36377_FY2024_039,regulatory,43,0,0,48,5
36377_FY2024_040,regulatory,22,0,17,39,1
36377_FY2024_041,strategic,10,3,0,10,20
36377_FY2024_042,operational,8,0,20,12,0
36377_FY2024_043,regulatory,1,8,0,9,5
36377_FY2024_044,regulatory,2,0,0,3,1
36377_FY2024_045,financial,8,10,1,2,1
36377_FY2024_046,financial,9,29,4,20,7
36377_FY2024_047,regulatory,7,5,1,13,6
36377_FY2024_048,regulatory,1,1,2,3,1
36377_FY2024_049,regulatory,6,2,1,10,4
36377_FY2025_000,financial,62,80,3,18,5
36377_FY2025_001,financial,13,16,0,0,3
36377_FY2025_002,financial,44,44,0,0,0
36377_FY2025_003,financial,14,17,0,3,2
36377_FY2025_004,financial,0,3,0,0,3
36377_FY2025_005,financial,90,98,0,8,2
36377_FY2025_006,financial,11,13,0,2,0
36377_FY2025_007,financial,3,10,0,2,7
36377_FY2025_008,financial,23,24,0,1,0
36377_FY2025_009,financial,53,57,0,4,2
36377_FY2025_010,financial,53,57,0,0,4
36377_FY2025_011,financial,10,17,0,7,0
36377_FY2025_012,strategic,7,0,4,8,15
36377_FY2025_013,operational,8,0,17,9,6
36377_FY2025_014,regulatory,3,0,1,4,0
36377_FY2025_015,regulatory,9,2,2,11,0
36377_FY2025_016,financial,20,21,0,0,1
36377_FY2025_017,operational,83,0,92,9,4
36377_FY2025_018,operational,6,0,17,11,2
36377_FY2025_019,operational,3,0,13,2,10
36377_FY2025_020,financial,20,20,0,0,0
36377_FY2025_021,financial,10,10,0,0,0
36377_FY2025_022,financial,47,51,1,4,0
36377_FY2025_023,operational,16,0,29,13,2
36377_FY2025_024,financial,1,3,1,0,2
36377_FY2025_025,financial,3,7,4,4,0
36377_FY2025_026,regulatory,5,0,0,5,0
36377_FY2025_027,financial,4,9,0,3,5
36377_FY2025_028,strategic,11,7,2,0,18
36377_FY2025_029,strategic,10,0,1,2,12
36377_FY2025_030,strategic,4,3,1,2,7
36377_FY2025_031,strategic,4,0,3,2,7
36377_FY2025_032,regulatory,61,21,1,82,2
36377_FY2025_033,financial,1,3,0,2,0
36377_FY2025_034,regulatory,7,4,0,11,1
36377_FY2025_035,financial,11,16,0,5,0
36377_FY2025_036,regulatory,36,2,2,38,1
36377_FY2025_037,regulatory,41,2,0,43,2
36377_FY2025_038,regulatory,5,7,0,12,0
36377_FY2025_039,regulatory,43,0,0,48,5
36377_FY2025_040,regulatory,22,0,17,39,1
36377_FY2025_041,strategic,4,6,0,16,20
36377_FY2025_042,operational,8,0,20,12,0
36377_FY2025_043,regulatory,1,8,0,9,5
36377_FY2025_044,regulatory,2,0,0,3,1
36377_FY2025_045,financial,8,10,1,2,1
36377_FY2025_046,regulatory,26,9,4,35,9
36377_FY2025_047,regulatory,7,5,1,13,6
36377_FY2025_048,operational,1,1,4,3,1
36377_FY2025_049,regulatory,6,2,1,10,4
37808_FY2021_000,regulatory,1,2,0,3,2
37808_FY2021_001,financial,26,29,0,3,0
37808_FY2021_002,financial,25,25,0,0,0
37808_FY2021_003,financial,3,7,0,0,4
37808_FY2021_004,financial,13,28,1,15,0
37808_FY2021_005,financial,57,61,0,4,1
37808_FY2021_006,financial,26,27,1,1,0
37808_FY2021_007,financial,42,43,0,1,0
37808_FY2021_008,financial,40,40,0,0,0
37808_FY2021_009,strategic,17,2,0,4,21
37808_FY2021_010,strategic,1,4,0,7,8
37808_FY2021_011,regulatory,1,3,0,4,0
37808_FY2021_012,financial,22,30,0,8,0
37808_FY2021_013,regulatory,5,0,0,5,0
37808_FY2021_014,regulatory,11,2,0,13,0
37808_FY2021_015,strategic,8,8,2,0,16
37808_FY2021_016,regulatory,5,11,0,16,0
37808_FY2021_017,regulatory,24,12,0,36,5
37808_FY2021_018,regulatory,15,0,0,17,2
37808_FY2021_019,regulatory,20,1,0,21,1
37808_FY2021_020,financial,24,32,1,0,8
37808_FY2021_021,financial,6,6,0,0,0
37808_FY2021_022,operational,23,0,30,6,7
37808_FY2021_023,strategic,4,0,4,0,8
37808_FY2021_024,operational,33,4,69,36,4
37808_FY2021_025,strategic,9,0,3,3,12
37808_FY2021_026,operational,28,0,34,6,2
37808_FY2021_027,strategic,5,0,1,0,6
37808_FY2021_028,operational,3,4,9,6,1
37808_FY2021_029,financial,24,26,2,2,1
37808_FY2021_030,financial,7,11,0,4,0
37808_FY2021_031,financial,6,13,0,7,0
37808_FY2021_032,financial,13,15,0,2,0
37808_FY2021_033,strategic,12,0,2,0,14
37808_FY2021_034,strategic,7,0,0,0,7
37808_FY2021_035,financial,41,46,0,2,5
37808_FY2022_000,financial,39,43,0,4,0
37808_FY2022_001,financial,26,27,1,1,0
37808_FY2022_002,financial,25,26,0,1,0
37808_FY2022_003,financial,40,46,0,6,0
37808_FY2022_004,financial,56,64,0,8,0
37808_FY2022_005,financial,13,14,1,0,0
37808_FY2022_006,financial,17,17,0,0,0
37808_FY2022_007,financial,24,32,1,0,8
37808_FY2022_008,strategic,1,4,0,7,8
37808_FY2022_009,financial,7,11,0,4,0
37808_FY2022_010,financial,5,12,0,7,0
37808_FY2022_011,financial,13,15,0,2,0
37808_FY2022_012,strategic,9,0,3,3,12
37808_FY2022_013,strategic,13,9,3,5,22
37808_FY2022_014,strategic,5,0,1,0,6
37808_FY2022_015,financial,6,6,0,0,0
37808_FY2022_016,operational,19,0,26,6,7
37808_FY2022_017,financial,22,28,0,6,2
37808_FY2022_018,financial,26,26,0,0,0
37808_FY2022_019,strategic,8,6,4,2,14
37808_FY2022_020,operational,18,4,55,37,3
37808_FY2022_021,operational,25,0,28,3,2
37808_FY2022_022,operational,3,4,9,6,1
37808_FY2022_023,financial,24,26,2,2,1
37808_FY2022_024,financial,3,7,0,0,4
37808_FY2022_025,strategic,1,1,2,2,3
37808_FY2022_026,financial,9,30,0,21,2
37808_FY2022_027,regulatory,4,3,0,7,0
37808_FY2022_028,regulatory,5,0,0,5,0
37808_FY2022_029,regulatory,10,18,1,28,0
37808_FY2022_030,regulatory,25,12,0,37,5
37808_FY2022_031,regulatory,22,0,0,24,2
37808_FY2022_032,regulatory,20,1,0,21,1
37808_FY2022_033,strategic,20,5,0,15,35
37808_FY2022_034,strategic,12,0,0,0,12
37808_FY2022_035,strategic,7,0,0,0,7
37808_FY2022_036,financial,34,39,0,0,5
37808_FY2023_000,financial,43,45,0,2,0
37808_FY2023_001,financial,31,33,2,2,0
37808_FY2023_002,financial,25,26,1,1,0
37808_FY2023_003,financial,52,60,0,8,0
37808_FY2023_004,financial,11,14,0,3,0
37808_FY2023_005,financial,33,40,1,1,7
37808_FY2023_006,regulatory,0,4,0,6,6
37808_FY2023_007,financial,7,11,0,4,0
37808_FY2023_008,financial,5,13,0,8,0
37808_FY2023_009,financial,10,12,0,2,0
37808_FY2023_010,strategic,9,0,3,3,12
37808_FY2023_011,strategic,13,7,2,4,20
37808_FY2023_012,strategic,5,0,1,0,6
37808_FY2023_013,financial,6,6,0,0,0
37808_FY2023_014,operational,16,0,20,1,4
37808_FY2023_015,operational,4,0,5,0,1
37808_FY2023_016,financial,20,28,0,8,1
37808_FY2023_017,financial,26,26,0,0,0
37808_FY2023_018,strategic,9,6,5,2,15
37808_FY2023_019,operational,8,4,45,37,2
37808_FY2023_020,operational,17,0,20,3,1
37808_FY2023_021,operational,3,4,9,6,1
37808_FY2023_022,financial,13,15,2,0,0
37808_FY2023_023,financial,1,7,0,0,6
37808_FY2023_024,financial,5,26,0,21,2
37808_FY2023_025,regulatory,4,2,0,6,0
37808_FY2023_026,regulatory,5,0,0,5,0
37808_FY2023_027,regulatory,11,8,0,19,0
37808_FY2023_028,regulatory,28,11,1,39,6
37808_FY2023_029,regulatory,36,1,1,38,2
37808_FY2023_030,regulatory,20,1,0,21,1
37808_FY2023_031,regulatory,13,9,0,22,2
37808_FY2023_032,financial,37,45,0,8,1
37808_FY2023_033,regulatory,8,5,0,13,0
37808_FY2023_034,financial,7,13,0,6,4
37808_FY2023_035,regulatory,26,7,0,33,2
37808_FY2023_036,regulatory,46,11,0,57,3
37808_FY2023_037,regulatory,37,3,0,49,12
37808_FY2023_038,regulatory,8,3,0,23,15
37808_FY2024_000,financial,43,45,0,2,0
37808_FY2024_001,financial,31,33,2,2,0
37808_FY2024_002,financial,26,27,1,1,0
37808_FY2024_003,financial,54,62,1,8,1
37808_FY2024_004,financial,11,14,0,3,0
37808_FY2024_005,financial,33,40,1,1,7
37808_FY2024_006,financial,38,45,0,7,1
37808_FY2024_007,financial,7,10,0,3,0
37808_FY2024_008,financial,5,13,0,8,0
37808_FY2024_009,financial,10,12,0,2,0
37808_FY2024_010,regulatory,1,4,0,6,5
37808_FY2024_011,strategic,9,0,3,3,12
37808_FY2024_012,strategic,9,6,7,13,22
37808_FY2024_013,strategic,5,0,1,0,6
37808_FY2024_014,financial,6,6,0,0,0
37808_FY2024_015,financial,16,23,0,7,0
37808_FY2024_016,financial,26,26,0,0,0
37808_FY2024_017,strategic,8,4,5,1,13
37808_FY2024_018,operational,8,4,45,37,2
37808_FY2024_019,operational,17,0,20,3,1
37808_FY2024_020,operational,3,4,9,6,1
37808_FY2024_021,financial,13,15,2,0,0
37808_FY2024_022,financial,1,7,0,0,6
37808_FY2024_023,strategic,26,2,0,6,32
37808_FY2024_024,regulatory,26,12,1,38,6
37808_FY2024_025,regulatory,23,5,0,28,1
37808_FY2024_026,financial,5,26,0,21,2
37808_FY2024_027,regulatory,5,0,0,5,0
37808_FY2024_028,regulatory,33,0,1,35,2
37808_FY2024_029,regulatory,19,1,0,20,1
37808_FY2024_030,regulatory,13,9,0,22,1
37808_FY2024_031,regulatory,9,5,0,14,0
37808_FY2024_032,financial,7,13,0,6,4
37808_FY2024_033,regulatory,29,10,0,39,3
37808_FY2024_034,regulatory,36,3,0,48,12
37808_FY2024_035,regulatory,4,2,0,6,0
37808_FY2024_036,regulatory,5,8,0,13,0
37808_FY2024_037,regulatory,1,4,2,7,6
37808_FY2024_038,strategic,9,1,0,3,12
37808_FY2025_000,financial,43,45,0,2,0
37808_FY2025_001,financial,31,33,2,1,0
37808_FY2025_002,financial,26,27,1,1,0
37808_FY2025_003,financial,53,61,1,8,1
37808_FY2025_004,financial,8,11,0,3,0
37808_FY2025_005,financial,33,40,1,1,7
37808_FY2025_006,financial,38,45,0,7,1
37808_FY2025_007,financial,7,10,0,3,0
37808_FY2025_008,financial,5,13,0,8,0
37808_FY2025_009,financial,10,12,0,2,0
37808_FY2025_010,regulatory,1,4,0,6,5
37808_FY2025_011,strategic,5,3,9,17,22
37808_FY2025_012,strategic,5,0,1,0,6
37808_FY2025_013,financial,6,6,0,0,0
37808_FY2025_014,financial,14,19,0,5,0
37808_FY2025_015,financial,26,26,0,0,0
37808_FY2025_016,regulatory,3,1,0,4,0
37808_FY2025_017,strategic,9,4,4,7,16
37808_FY2025_018,operational,2,1,16,10,14
37808_FY2025_019,operational,9,4,46,37,2
37808_FY2025_020,operational,17,0,20,3,1
37808_FY2025_021,operational,6,4,12,6,1
37808_FY2025_022,financial,13,15,2,0,0
37808_FY2025_023,financial,1,7,0,0,6
37808_FY2025_024,strategic,26,2,0,6,32
37808_FY2025_025,regulatory,28,12,1,40,6
37808_FY2025_026,regulatory,45,1,0,49,4
37808_FY2025_027,financial,5,26,0,21,2
37808_FY2025_028,regulatory,5,0,0,5,0
37808_FY2025_029,regulatory,17,3,0,20,3
37808_FY2025_030,regulatory,10,1,0,11,0
37808_FY2025_031,financial,7,13,0,6,4
37808_FY2025_032,regulatory,28,10,0,38,3
37808_FY2025_033,regulatory,28,2,0,37,9
37808_FY2025_034,regulatory,4,2,0,6,0
37808_FY2025_035,regulatory,3,4,1,9,6
37808_FY2025_036,strategic,9,1,0,3,12
39263_FY2021_000,financial,44,48,0,4,0
39263_FY2021_001,financial,25,29,2,3,4
39263_FY2021_002,financial,54,54,0,0,0
39263_FY2021_003,financial,58,59,0,1,0
39263_FY2021_004,financial,14,17,0,3,3
39263_FY2021_005,financial,7,8,1,0,0
39263_FY2021_006,financial,6,8,0,2,0
39263_FY2021_007,financial,22,26,0,1,4
39263_FY2021_008,financial,1,11,10,0,0
39263_FY2021_009,financial,1,2,0,0,1
39263_FY2021_010,regulatory,5,1,2,8,3
39263_FY2021_011,strategic,11,0,3,2,14
39263_FY2021_012,strategic,7,1,5,5,12
39263_FY2021_013,financial,3,4,0,1,0
39263_FY2021_014,financial,5,11,0,6,0
39263_FY2021_015,operational,47,0,56,9,8
39263_FY2021_016,operational,9,0,14,1,5
39263_FY2021_017,regulatory,1,0,0,3,2
39263_FY2021_018,regulatory,2,0,6,8,3
39263_FY2021_019,financial,0,0,0,0,0
39263_FY2021_020,financial,18,19,0,1,0
39263_FY2021_021,financial,3,5,2,0,0
39263_FY2021_022,strategic,25,10,0,6,35
39263_FY2021_023,regulatory,45,4,0,49,4
39263_FY2021_024,financial,13,14,0,1,1
39263_FY2021_025,regulatory,15,0,5,20,2
39263_FY2021_026,strategic,9,1,2,5,14
39263_FY2021_027,regulatory,16,1,0,26,10
39263_FY2021_028,financial,9,9,0,0,0
39263_FY2021_029,financial,6,10,0,4,0
39263_FY2021_030,financial,5,6,0,1,1
39263_FY2021_031,regulatory,7,0,1,9,2
39263_FY2021_032,financial,0,7,5,7,5
39263_FY2021_033,financial,14,18,2,4,2
39263_FY2021_034,regulatory,26,0,0,26,0
39263_FY2021_035,financial,9,11,0,2,1
39263_FY2021_036,strategic,2,8,0,3,10
39263_FY2021_037,regulatory,6,0,0,6,0
39263_FY2021_038,operational,0,0,4,1,4
39263_FY2021_039,financial,6,7,0,1,0
39263_FY2021_040,financial,13,24,3,11,10
39263_FY2022_000,financial,42,46,0,4,0
39263_FY2022_001,financial,31,39,2,8,4
39263_FY2022_002,financial,54,54,0,0,0
39263_FY2022_003,financial,61,62,0,1,0
39263_FY2022_004,financial,14,17,0,3,1
39263_FY2022_005,financial,6,7,1,0,0
39263_FY2022_006,financial,6,8,0,2,0
39263_FY2022_007,financial,23,27,0,1,4
39263_FY2022_008,financial,1,11,10,0,0
39263_FY2022_009,financial,1,2,0,0,1
39263_FY2022_010,regulatory,5,0,3,8,3
39263_FY2022_011,strategic,11,0,3,2,14
39263_FY2022_012,strategic,7,1,5,5,12
39263_FY2022_013,financial,3,4,0,1,0
39263_FY2022_014,financial,5,11,0,6,0
39263_FY2022_015,operational,47,0,56,9,8
39263_FY2022_016,operational,9,0,14,1,5
39263_FY2022_017,regulatory,1,0,0,3,2
39263_FY2022_018,regulatory,2,0,6,8,3
39263_FY2022_019,financial,0,0,0,0,0
39263_FY2022_020,financial,18,19,0,1,0
39263_FY2022_021,financial,3,5,2,0,0
39263_FY2022_022,strategic,28,10,0,6,38
39263_FY2022_023,regulatory,45,4,0,49,4
39263_FY2022_024,financial,11,12,0,1,1
39263_FY2022_025,regulatory,15,0,5,20,2
39263_FY2022_026,strategic,9,1,2,5,14
39263_FY2022_027,regulatory,16,1,0,26,10
39263_FY2022_028,financial,9,9,0,0,0
39263_FY2022_029,financial,6,10,0,4,0
39263_FY2022_030,financial,6,7,0,1,1
39263_FY2022_031,regulatory,7,0,1,9,2
39263_FY2022_032,financial,17,21,2,4,2
39263_FY2022_033,regulatory,26,0,0,26,0
39263_FY2022_034,financial,9,11,0,2,1
39263_FY2022_035,strategic,2,8,0,3,10
39263_FY2022_036,regulatory,6,0,0,6,0
39263_FY2022_037,operational,0,0,4,1,4
39263_FY2022_038,financial,6,7,0,1,0
39263_FY2022_039,financial,13,24,3,11,10
39263_FY2023_000,financial,42,46,0,4,0
39263_FY2023_001,financial,54,54,0,0,0
39263_FY2023_002,financial,61,62,0,1,0
39263_FY2023_003,financial,14,17,0,3,1
39263_FY2023_004,financial,6,7,1,0,0
39263_FY2023_005,financial,6,8,0,2,0
39263_FY2023_006,financial,39,43,0,2,4
39263_FY2023_007,financial,24,26,0,2,0
39263_FY2023_008,financial,1,11,10,0,0
39263_FY2023_009,regulatory,5,0,3,8,3
39263_FY2023_010,strategic,11,0,3,2,14
39263_FY2023_011,strategic,7,2,5,5,12
39263_FY2023_012,financial,3,4,0,1,0
39263_FY2023_013,financial,5,11,0,6,0
39263_FY2023_014,operational,47,0,56,9,8
39263_FY2023_015,operational,9,0,14,1,5
39263_FY2023_016,regulatory,1,0,0,3,2
39263_FY2023_017,regulatory,2,0,6,8,3
39263_FY2023_018,financial,0,0,0,0,0
39263_FY2023_019,financial,18,19,0,1,0
39263_FY2023_020,financial,3,5,2,0,0
39263_FY2023_021,strategic,28,10,0,6,38
39263_FY2023_022,regulatory,41,13,0,54,4
39263_FY2023_023,financial,11,12,0,1,1
39263_FY2023_024,regulatory,15,0,5,20,2
39263_FY2023_025,strategic,9,1,2,5,14
39263_FY2023_026,regulatory,16,1,0,26,10
39263_FY2023_027,financial,9,9,0,0,0
39263_FY2023_028,financial,6,10,0,4,0
39263_FY2023_029,financial,5,6,0,1,1
39263_FY2023_030,regulatory,7,0,1,9,2
39263_FY2023_031,financial,17,21,2,4,2
39263_FY2023_032,regulatory,26,0,0,26,0
39263_FY2023_033,financial,9,11,0,2,1
39263_FY2023_034,strategic,2,8,0,3,10
39263_FY2023_035,regulatory,6,0,0,6,0
39263_FY2023_036,operational,0,0,4,1,4
39263_FY2023_037,financial,6,7,0,1,0
39263_FY2023_038,financial,13,24,3,11,10
39263_FY2024_000,financial,42,46,0,4,0
39263_FY2024_001,financial,54,54,0,0,0
39263_FY2024_002,financial,58,59,0,1,0
39263_FY2024_003,financial,17,20,0,3,1
39263_FY2024_004,financial,9,11,1,2,0
39263_FY2024_005,financial,6,8,0,2,0
39263_FY2024_006,financial,42,46,0,3,4
39263_FY2024_007,financial,24,26,0,2,0
39263_FY2024_008,financial,1,11,10,0,0
39263_FY2024_009,regulatory,5,0,3,8,3
39263_FY2024_010,strategic,11,0,3,2,14
39263_FY2024_011,strategic,11,2,6,7,18
39263_FY2024_012,financial,3,4,0,1,0
39263_FY2024_013,financial,5,11,0,6,0
39263_FY2024_014,operational,55,0,64,9,8
39263_FY2024_015,operational,11,0,16,1,5
39263_FY2024_016,regulatory,1,0,0,3,2
39263_FY2024_017,regulatory,2,0,6,8,3
39263_FY2024_018,financial,0,0,0,0,0
39263_FY2024_019,financial,18,19,0,1,0
39263_FY2024_020,financial,3,5,2,0,0
39263_FY2024_021,strategic,28,10,0,6,38
39263_FY2024_022,regulatory,50,13,0,63,4
39263_FY2024_023,financial,11,12,0,1,1
39263_FY2024_024,regulatory,15,0,5,20,2
39263_FY2024_025,strategic,9,1,2,5,14
39263_FY2024_026,regulatory,14,1,0,24,10
39263_FY2024_027,financial,9,9,0,0,0
39263_FY2024_028,financial,6,10,0,4,0
39263_FY2024_029,financial,5,6,0,1,1
39263_FY2024_030,regulatory,7,0,1,9,2
39263_FY2024_031,financial,11,26,2,15,2
39263_FY2024_032,regulatory,26,0,0,26,0
39263_FY2024_033,financial,9,11,0,2,1
39263_FY2024_034,strategic,2,8,0,3,10
39263_FY2024_035,regulatory,6,0,0,6,0
39263_FY2024_036,operational,0,0,4,1,4
39263_FY2024_037,financial,6,7,0,1,0
39263_FY2024_038,financial,14,28,3,14,11
39263_FY2025_000,financial,42,46,0,4,0
39263_FY2025_001,financial,54,54,0,0,0
39263_FY2025_002,financial,58,59,0,1,0
39263_FY2025_003,financial,17,20,0,3,1
39263_FY2025_004,financial,9,11,1,2,0
39263_FY2025_005,financial,6,8,0,2,0
39263_FY2025_006,financial,42,46,0,3,4
39263_FY2025_007,financial,24,26,0,2,0
39263_FY2025_008,financial,1,11,10,0,0
39263_FY2025_009,regulatory,5,0,3,8,3
39263_FY2025_010,strategic,11,0,3,2,14
39263_FY2025_011,strategic,8,2,6,7,15
39263_FY2025_012,financial,3,4,0,1,0
39263_FY2025_013,financial,5,11,0,6,0
39263_FY2025_014,operational,54,0,66,9,12
39263_FY2025_015,operational,12,1,17,2,5
39263_FY2025_016,operational,12,0,17,1,5
39263_FY2025_017,regulatory,1,0,0,3,2
39263_FY2025_018,regulatory,2,0,6,8,3
39263_FY2025_019,financial,0,0,0,0,0
39263_FY2025_020,financial,18,19,0,1,0
39263_FY2025_021,financial,3,5,2,0,0
39263_FY2025_022,strategic,26,14,0,12,40
39263_FY2025_023,regulatory,50,13,0,63,4
39263_FY2025_024,financial,11,12,0,1,1
39263_FY2025_025,regulatory,15,0,5,20,2
39263_FY2025_026,financial,3,15,1,12,2
39263_FY2025_027,strategic,9,1,2,5,14
39263_FY2025_028,regulatory,13,1,0,23,10
39263_FY2025_029,financial,9,9,0,0,0
39263_FY2025_030,financial,6,10,0,4,0
39263_FY2025_031,financial,5,6,0,1,1
39263_FY2025_032,regulatory,7,0,1,9,2
39263_FY2025_033,financial,11,26,2,15,2
39263_FY2025_034,regulatory,26,0,0,26,0
39263_FY2025_035,financial,9,11,0,2,1
39263_FY2025_036,strategic,2,8,0,3,10
39263_FY2025_037,regulatory,6,0,0,6,0
39263_FY2025_038,operational,0,0,4,1,4
39263_FY2025_039,financial,6,7,0,1,0
39263_FY2025_040,financial,1,6,2,5,3
40729_FY2021_000,regulatory,73,7,2,80,6
40729_FY2021_001,strategic,3,16,0,18,21
40729_FY2021_002,financial,15,39,0,24,16
40729_FY2021_003,financial,5,17,0,12,2
40729_FY2021_004,regulatory,1,6,0,7,1
40729_FY2021_005,operational,2,0,28,26,2
40729_FY2021_006,regulatory,12,9,0,21,3
40729_FY2021_007,operational,2,16,18,14,2
40729_FY2021_008,financial,73,79,1,3,6
40729_FY2021_009,financial,35,40,5,3,0
40729_FY2021_010,strategic,4,3,1,3,7
40729_FY2021_011,financial,2,4,0,0,2
40729_FY2021_012,financial,2,2,0,0,0
40729_FY2021_013,financial,14,14,0,0,0
40729_FY2021_014,financial,37,41,0,4,1
40729_FY2021_015,financial,26,29,0,3,0
40729_FY2021_016,operational,9,1,15,3,6
40729_FY2021_017,regulatory,16,1,0,18,2
40729_FY2021_018,strategic,2,0,14,0,16
40729_FY2021_019,strategic,13,0,1,14,27
40729_FY2021_020,financial,38,46,0,4,8
40729_FY2021_021,financial,0,3,0,0,3
40729_FY2021_022,financial,4,5,0,0,1
40729_FY2021_023,strategic,4,12,1,2,16
40729_FY2021_024,financial,9,11,0,1,2
40729_FY2021_025,operational,10,1,11,0,0
40729_FY2021_026,financial,5,5,0,0,0
40729_FY2021_027,financial,9,9,0,0,0
40729_FY2021_028,financial,12,12,0,0,0
40729_FY2021_029,regulatory,3,3,0,6,0
40729_FY2021_030,financial,0,2,0,2,0
40729_FY2021_031,financial,2,10,0,8,0
40729_FY2021_032,strategic,4,1,4,3,8
40729_FY2021_033,strategic,14,1,1,2,16
40729_FY2021_034,financial,3,11,3,6,8
40729_FY2021_035,operational,17,1,32,8,15
40729_FY2021_036,operational,9,7,24,4,15
40729_FY2021_037,strategic,1,0,4,0,5
40729_FY2021_038,regulatory,2,2,2,6,4
40729_FY2021_039,operational,6,3,9,2,1
40729_FY2021_040,financial,6,11,0,5,0
40729_FY2021_041,regulatory,15,1,0,17,2
40729_FY2022_000,regulatory,17,3,0,20,0
40729_FY2022_001,regulatory,65,6,4,74,9
40729_FY2022_002,strategic,3,17,0,18,21
40729_FY2022_003,financial,17,40,0,23,18
40729_FY2022_004,financial,6,18,0,12,2
40729_FY2022_005,regulatory,1,6,0,7,1
40729_FY2022_006,regulatory,1,0,29,30,2
40729_FY2022_007,regulatory,15,8,0,23,3
40729_FY2022_008,financial,77,83,1,3,6
40729_FY2022_009,financial,36,41,5,3,0
40729_FY2022_010,strategic,4,3,1,3,7
40729_FY2022_011,financial,3,4,0,0,1
40729_FY2022_012,financial,3,3,0,0,0
40729_FY2022_013,financial,14,14,0,0,0
40729_FY2022_014,financial,44,48,0,4,1
40729_FY2022_015,financial,34,40,0,6,0
40729_FY2022_016,operational,11,1,17,3,6
40729_FY2022_017,regulatory,16,1,0,18,2
40729_FY2022_018,strategic,2,0,14,0,16
40729_FY2022_019,strategic,13,0,1,14,27
40729_FY2022_020,financial,37,46,0,4,9
40729_FY2022_021,financial,0,3,0,0,3
40729_FY2022_022,financial,4,5,0,0,1
40729_FY2022_023,strategic,7,12,1,2,19
40729_FY2022_024,financial,9,11,0,1,2
40729_FY2022_025,operational,5,3,8,0,1
40729_FY2022_026,financial,10,10,0,0,0
40729_FY2022_027,financial,9,9,0,0,0
40729_FY2022_028,financial,15,15,0,0,0
40729_FY2022_029,regulatory,3,3,0,6,0
40729_FY2022_030,financial,0,2,0,2,0
40729_FY2022_031,financial,2,10,0,8,0
40729_FY2022_032,strategic,4,1,4,3,8
40729_FY2022_033,strategic,12,1,1,4,16
40729_FY2022_034,financial,3,11,3,6,8
40729_FY2022_035,operational,18,1,34,8,16
40729_FY2022_036,operational,11,7,26,4,15
40729_FY2022_037,strategic,1,0,4,0,5
40729_FY2022_038,regulatory,2,2,2,6,4
40729_FY2022_039,operational,6,3,9,2,1
40729_FY2022_040,financial,6,11,0,5,0
40729_FY2022_041,regulatory,15,1,0,17,2
40729_FY2023_000,regulatory,15,3,0,18,0
40729_FY2023_001,regulatory,76,6,4,85,9
40729_FY2023_002,strategic,10,5,0,4,15
40729_FY2023_003,financial,0,13,0,13,6
40729_FY2023_004,financial,41,57,0,3,16
40729_FY2023_005,regulatory,23,5,0,28,2
40729_FY2023_006,financial,6,18,0,12,2
40729_FY2023_007,financial,1,6,0,5,1
40729_FY2023_008,regulatory,1,0,29,30,2
40729_FY2023_009,regulatory,9,10,1,19,4
40729_FY2023_010,financial,77,83,1,1,6
40729_FY2023_011,financial,40,46,6,1,0
40729_FY2023_012,strategic,4,3,1,3,7
40729_FY2023_013,financial,4,4,0,0,0
40729_FY2023_014,financial,3,3,0,0,0
40729_FY2023_015,financial,14,14,0,0,0
40729_FY2023_016,financial,45,49,0,4,1
40729_FY2023_017,operational,11,0,17,3,6
40729_FY2023_018,regulatory,16,1,0,18,2
40729_FY2023_019,strategic,3,0,14,0,17
40729_FY2023_020,strategic,23,0,1,12,35
40729_FY2023_021,financial,42,51,0,4,9
40729_FY2023_022,financial,0,3,0,0,3
40729_FY2023_023,financial,9,10,0,0,1
40729_FY2023_024,strategic,11,8,2,2,19
40729_FY2023_025,financial,10,12,0,1,2
40729_FY2023_026,operational,3,5,8,5,1
40729_FY2023_027,financial,10,10,0,0,0
40729_FY2023_028,financial,9,9,0,0,0
40729_FY2023_029,financial,19,19,0,0,0
40729_FY2023_030,regulatory,3,3,0,6,0
40729_FY2023_031,regulatory,2,2,0,4,0
40729_FY2023_032,financial,2,10,0,8,0
40729_FY2023_033,strategic,4,1,4,3,8
40729_FY2023_034,strategic,12,0,1,4,16
40729_FY2023_035,financial,4,14,5,10,9
40729_FY2023_036,operational,23,1,39,8,16
40729_FY2023_037,operational,11,7,26,4,15
40729_FY2023_038,operational,0,0,5,0,5
40729_FY2023_039,regulatory,2,2,2,6,4
40729_FY2023_040,operational,6,3,9,2,1
40729_FY2023_041,financial,11,14,0,3,0
40729_FY2023_042,regulatory,13,1,0,15,2
40729_FY2024_000,regulatory,15,3,0,18,0
40729_FY2024_001,regulatory,96,7,4,105,9
40729_FY2024_002,strategic,10,5,0,4,15
40729_FY2024_003,financial,0,13,0,13,7
40729_FY2024_004,financial,51,70,0,3,19
40729_FY2024_005,regulatory,22,5,0,27,2
40729_FY2024_006,regulatory,5,26,3,31,10
40729_FY2024_007,financial,1,6,0,5,1
40729_FY2024_008,regulatory,4,0,33,37,4
40729_FY2024_009,regulatory,8,0,0,8,0
40729_FY2024_010,regulatory,16,7,1,23,4
40729_FY2024_011,financial,81,87,1,1,6
40729_FY2024_012,financial,38,44,6,1,0
40729_FY2024_013,strategic,4,3,1,3,7
40729_FY2024_014,financial,4,4,0,0,0
40729_FY2024_015,financial,7,7,0,0,0
40729_FY2024_016,financial,14,14,0,0,0
40729_FY2024_017,financial,50,54,0,4,1
40729_FY2024_018,operational,26,0,32,3,6
40729_FY2024_019,regulatory,16,1,0,18,2
40729_FY2024_020,strategic,2,0,14,0,16
40729_FY2024_021,strategic,19,0,1,16,35
40729_FY2024_022,financial,40,49,0,4,9
40729_FY2024_023,financial,0,3,0,0,3
40729_FY2024_024,financial,9,10,0,0,1
40729_FY2024_025,strategic,11,8,2,2,19
40729_FY2024_026,financial,10,12,0,1,2
40729_FY2024_027,regulatory,2,13,9,15,5
40729_FY2024_028,financial,10,10,0,0,0
40729_FY2024_029,financial,8,9,1,0,0
40729_FY2024_030,financial,20,20,0,0,0
40729_FY2024_031,regulatory,3,3,0,6,0
40729_FY2024_032,regulatory,3,2,0,5,0
40729_FY2024_033,financial,2,12,0,10,1
40729_FY2024_034,strategic,5,3,4,5,10
40729_FY2024_035,strategic,13,1,0,1,14
40729_FY2024_036,regulatory,12,0,1,15,3
40729_FY2024_037,financial,3,13,3,10,7
40729_FY2024_038,operational,49,1,67,12,18
40729_FY2024_039,operational,10,7,26,4,16
40729_FY2024_040,operational,1,0,6,0,5
40729_FY2024_041,regulatory,2,2,2,6,4
40729_FY2024_042,operational,6,3,9,2,1
40729_FY2024_043,financial,11,14,0,3,0
40729_FY2024_044,regulatory,13,1,0,15,2
40729_FY2025_000,regulatory,15,3,0,18,0
40729_FY2025_001,regulatory,96,4,2,103,7
40729_FY2025_002,strategic,10,5,0,4,15
40729_FY2025_003,financial,0,13,0,13,7
40729_FY2025_004,financial,49,68,0,3,19
40729_FY2025_005,regulatory,12,24,3,36,10
40729_FY2025_006,financial,1,6,0,5,1
40729_FY2025_007,operational,2,0,34,32,4
40729_FY2025_008,regulatory,8,0,0,8,0
40729_FY2025_009,regulatory,19,4,1,23,4
40729_FY2025_010,financial,82,88,3,1,6
40729_FY2025_011,financial,35,41,6,1,0
40729_FY2025_012,strategic,5,3,1,5,10
40729_FY2025_013,financial,4,4,0,0,0
40729_FY2025_014,financial,3,3,0,0,0
40729_FY2025_015,financial,14,16,2,0,0
40729_FY2025_016,financial,50,54,0,4,1
40729_FY2025_017,operational,28,0,33,3,5
40729_FY2025_018,regulatory,16,1,0,18,2
40729_FY2025_019,strategic,3,0,14,0,17
40729_FY2025_020,strategic,19,0,1,16,35
40729_FY2025_021,financial,33,42,0,4,9
40729_FY2025_022,financial,0,3,0,0,3
40729_FY2025_023,financial,8,9,0,0,1
40729_FY2025_024,strategic,14,8,1,4,22
40729_FY2025_025,financial,10,12,0,1,2
40729_FY2025_026,regulatory,2,13,9,15,5
40729_FY2025_027,financial,10,10,0,0,0
40729_FY2025_028,financial,12,13,1,0,0
40729_FY2025_029,financial,16,16,0,0,0
40729_FY2025_030,regulatory,6,0,0,6,0
40729_FY2025_031,regulatory,1,2,0,3,0
40729_FY2025_032,financial,0,10,0,10,1
40729_FY2025_033,operational,3,0,17,14,6
40729_FY2025_034,strategic,5,3,4,5,10
40729_FY2025_035,strategic,13,0,0,1,14
40729_FY2025_036,regulatory,12,0,1,15,3
40729_FY2025_037,regulatory,4,5,3,10,6
40729_FY2025_038,operational,49,1,70,13,21
40729_FY2025_039,operational,10,7,26,4,16
40729_FY2025_040,strategic,4,0,4,0,8
40729_FY2025_041,regulatory,2,2,2,6,4
40729_FY2025_042,operational,6,3,9,2,1
40729_FY2025_043,financial,9,14,0,5,0
40729_FY2025_044,regulatory,13,0,0,15,2
46195_FY2021_000,financial,12,14,0,2,0
46195_FY2021_001,regulatory,1,9,2,10,0
46195_FY2021_002,financial,4,9,1,5,4
46195_FY2021_003,regulatory,5,4,0,9,0
46195_FY2021_004,financial,49,52,0,3,0
46195_FY2021_005,financial,25,25,0,0,0
46195_FY2021_006,financial,10,10,0,0,0
46195_FY2021_007,financial,4,4,0,0,0
46195_FY2021_008,financial,6,12,0,6,0
46195_FY2021_009,financial,7,13,0,6,0
46195_FY2021_010,financial,22,24,1,2,1
46195_FY2021_011,financial,13,19,0,6,0
46195_FY2021_012,regulatory,42,5,0,47,2
46195_FY2021_013,regulatory,1,4,0,5,0
46195_FY2021_014,regulatory,19,0,0,19,0
46195_FY2021_015,operational,20,3,26,0,6
46195_FY2021_016,operational,34,1,54,12,20
46195_FY2021_017,financial,15,16,0,1,1
46195_FY2021_018,financial,5,7,1,2,0
46195_FY2021_019,financial,36,41,0,5,0
46195_FY2021_020,financial,18,20,2,1,0
46195_FY2021_021,financial,15,16,1,0,1
46195_FY2021_022,financial,6,7,0,0,1
46195_FY2021_023,strategic,17,5,0,3,22
46195_FY2021_024,strategic,2,6,0,4,8
46195_FY2021_025,regulatory,8,0,0,10,2
46195_FY2021_026,operational,16,2,19,0,3
46195_FY2021_027,financial,11,11,0,0,0
46195_FY2022_000,financial,13,15,0,2,0
46195_FY2022_001,regulatory,1,9,2,10,0
46195_FY2022_002,financial,2,8,1,6,4
46195_FY2022_003,regulatory,5,4,0,9,0
46195_FY2022_004,financial,49,52,0,3,0
46195_FY2022_005,financial,25,25,0,0,0
46195_FY2022_006,financial,10,10,0,0,0
46195_FY2022_007,financial,4,4,0,0,0
46195_FY2022_008,financial,6,12,0,6,0
46195_FY2022_009,financial,7,12,0,5,0
46195_FY2022_010,financial,23,25,1,2,1
46195_FY2022_011,financial,13,19,0,6,0
46195_FY2022_012,regulatory,38,1,0,39,1
46195_FY2022_013,regulatory,1,4,0,5,0
46195_FY2022_014,regulatory,18,2,0,20,0
46195_FY2022_015,operational,20,3,26,0,6
46195_FY2022_016,operational,34,1,54,12,20
46195_FY2022_017,financial,15,16,0,1,1
46195_FY2022_018,financial,5,7,1,2,0
46195_FY2022_019,financial,36,41,0,5,0
46195_FY2022_020,financial,18,20,2,1,0
46195_FY2022_021,financial,15,16,1,0,1
46195_FY2022_022,financial,6,7,0,0,1
46195_FY2022_023,strategic,17,5,0,3,22
46195_FY2022_024,strategic,2,6,0,4,8
46195_FY2022_025,regulatory,8,0,0,10,2
46195_FY2022_026,operational,13,0,16,0,3
46195_FY2022_027,financial,11,11,0,0,0
46195_FY2023_000,financial,17,19,0,2,0
46195_FY2023_001,regulatory,1,9,2,10,0
46195_FY2023_002,financial,10,17,0,7,7
46195_FY2023_003,regulatory,5,4,0,9,0
46195_FY2023_004,financial,49,52,0,3,0
46195_FY2023_005,financial,25,25,0,0,0
46195_FY2023_006,financial,10,10,0,0,0
46195_FY2023_007,financial,4,4,0,0,0
46195_FY2023_008,financial,8,12,0,4,0
46195_FY2023_009,financial,6,12,0,6,0
46195_FY2023_010,financial,13,19,0,6,0
46195_FY2023_011,regulatory,35,9,0,44,1
46195_FY2023_012,regulatory,1,4,0,5,0
46195_FY2023_013,regulatory,18,2,0,20,0
46195_FY2023_014,operational,20,3,26,0,6
46195_FY2023_015,operational,34,1,54,12,20
46195_FY2023_016,financial,15,16,0,1,1
46195_FY2023_017,financial,5,7,1,2,0
46195_FY2023_018,financial,36,41,0,5,0
46195_FY2023_019,financial,18,20,2,1,0
46195_FY2023_020,financial,16,17,1,0,1
46195_FY2023_021,financial,6,7,0,0,1
46195_FY2023_022,strategic,17,5,0,3,22
46195_FY2023_023,strategic,2,6,0,4,8
46195_FY2023_024,regulatory,21,0,0,23,2
46195_FY2023_025,operational,13,0,16,0,3
46195_FY2023_026,financial,11,11,0,0,0
46195_FY2023_027,regulatory,7,3,0,10,0
46195_FY2024_000,financial,17,20,0,3,0
46195_FY2024_001,financial,31,34,0,3,0
46195_FY2024_002,financial,7,7,0,0,0
46195_FY2024_003,regulatory,1,9,2,10,0
46195_FY2024_004,financial,8,16,0,8,7
46195_FY2024_005,regulatory,2,4,0,6,0
46195_FY2024_006,financial,99,102,0,3,0
46195_FY2024_007,financial,44,44,0,0,0
46195_FY2024_008,financial,11,11,0,0,0
46195_FY2024_009,financial,4,4,0,0,0
46195_FY2024_010,financial,8,12,0,4,0
46195_FY2024_011,financial,10,15,0,5,0
46195_FY2024_012,financial,13,19,0,6,0
46195_FY2024_013,regulatory,63,13,4,76,2
46195_FY2024_014,financial,2,6,0,4,1
46195_FY2024_015,regulatory,18,2,0,20,0
46195_FY2024_016,operational,20,3,26,0,6
46195_FY2024_017,operational,36,1,56,12,20
46195_FY2024_018,financial,19,20,0,1,1
46195_FY2024_019,financial,5,7,1,2,0
46195_FY2024_020,financial,36,41,0,5,0
46195_FY2024_021,financial,31,36,2,5,0
46195_FY2024_022,financial,15,16,1,0,1
46195_FY2024_023,financial,11,12,0,0,1
46195_FY2024_024,strategic,15,4,0,3,19
46195_FY2024_025,strategic,2,1,0,0,3
46195_FY2024_026,strategic,2,7,0,4,9
46195_FY2024_027,regulatory,21,0,0,23,2
46195_FY2024_028,operational,13,0,16,0,3
46195_FY2024_029,financial,11,11,0,0,0
46195_FY2024_030,regulatory,1,6,0,7,0
46195_FY2025_000,financial,17,20,0,3,0
46195_FY2025_001,financial,31,34,0,3,0
46195_FY2025_002,regulatory,9,19,0,28,7
46195_FY2025_003,financial,7,7,0,0,0
46195_FY2025_004,regulatory,1,9,2,10,0
46195_FY2025_005,financial,8,16,0,6,8
46195_FY2025_006,regulatory,5,4,0,9,0
46195_FY2025_007,financial,99,102,0,3,0
46195_FY2025_008,financial,40,40,0,0,0
46195_FY2025_009,financial,11,11,0,0,0
46195_FY2025_010,financial,4,4,0,0,0
46195_FY2025_011,financial,8,12,0,4,0
46195_FY2025_012,financial,10,15,0,5,0
46195_FY2025_013,financial,13,19,0,6,0
46195_FY2025_014,regulatory,72,13,4,85,2
46195_FY2025_015,financial,2,6,0,4,1
46195_FY2025_016,regulatory,20,0,0,20,0
46195_FY2025_017,operational,20,3,26,0,6
46195_FY2025_018,operational,36,1,56,12,20
46195_FY2025_019,financial,19,20,0,1,1
46195_FY2025_020,financial,5,7,1,2,0
46195_FY2025_021,financial,36,41,0,5,0
46195_FY2025_022,financial,31,36,2,5,0
46195_FY2025_023,financial,15,16,1,0,1
46195_FY2025_024,financial,6,7,0,0,1
46195_FY2025_025,strategic,15,4,0,3,19
46195_FY2025_026,strategic,2,1,0,0,3
46195_FY2025_027,operational,2,0,13,11,2
46195_FY2025_028,strategic,2,7,0,4,9
46195_FY2025_029,regulatory,21,0,0,23,2
46195_FY2025_030,operational,13,0,16,0,3
46195_FY2025_031,financial,11,11,0,0,0
46195_FY2025_032,regulatory,1,7,0,8,0
49196_FY2021_000,financial,4,13,8,9,3
49196_FY2021_001,financial,1,1,0,0,0
49196_FY2021_002,financial,8,25,12,17,3
49196_FY2021_003,financial,10,11,0,1,0
49196_FY2021_004,financial,17,19,0,2,0
49196_FY2021_005,financial,31,34,0,3,0
49196_FY2021_006,financial,38,41,0,3,0
49196_FY2021_007,strategic,21,11,0,4,32
49196_FY2021_008,financial,26,30,0,4,0
49196_FY2021_009,financial,15,16,1,1,1
49196_FY2021_010,financial,20,23,0,2,3
49196_FY2021_011,financial,7,14,0,7,0
49196_FY2021_012,financial,24,28,0,1,4
49196_FY2021_013,financial,5,6,0,0,1
49196_FY2021_014,operational,19,5,32,4,13
49196_FY2021_015,operational,50,0,54,3,4
49196_FY2021_016,operational,28,1,41,13,7
49196_FY2021_017,operational,14,0,26,12,0
49196_FY2021_018,regulatory,9,0,1,10,0
49196_FY2021_019,regulatory,9,0,7,16,0
49196_FY2021_020,regulatory,6,4,12,18,12
49196_FY2021_021,operational,8,0,10,2,1
49196_FY2021_022,operational,10,3,15,5,0
49196_FY2021_023,operational,16,0,17,1,0
49196_FY2021_024,regulatory,5,0,0,5,0
49196_FY2021_025,financial,13,16,0,3,2
49196_FY2021_026,financial,7,10,1,2,3
49196_FY2021_027,regulatory,55,13,0,68,2
49196_FY2021_028,regulatory,5,0,0,7,2
49196_FY2021_029,regulatory,34,2,2,39,5
49196_FY2021_030,strategic,13,0,0,0,13
49196_FY2021_031,strategic,5,0,0,0,5
49196_FY2021_032,regulatory,16,11,9,27,9
49196_FY2021_033,regulatory,11,6,0,20,9
49196_FY2021_034,regulatory,24,1,1,27,3
49196_FY2021_035,strategic,6,0,5,3,11
49196_FY2021_036,strategic,3,0,2,1,5
49196_FY2021_037,strategic,8,1,4,0,12
49196_FY2021_038,strategic,1,0,0,2,3
49196_FY2022_000,financial,1,1,0,0,0
49196_FY2022_001,financial,10,11,0,1,0
49196_FY2022_002,financial,23,30,0,7,0
49196_FY2022_003,financial,56,60,0,4,0
49196_FY2022_004,financial,13,13,0,0,0
49196_FY2022_005,financial,9,10,1,0,1
49196_FY2022_006,strategic,21,11,0,4,32
49196_FY2022_007,financial,41,47,1,6,1
49196_FY2022_008,financial,23,26,0,2,3
49196_FY2022_009,financial,7,14,0,7,0
49196_FY2022_010,financial,24,28,0,1,4
49196_FY2022_011,financial,5,6,0,0,1
49196_FY2022_012,financial,7,7,0,0,0
49196_FY2022_013,operational,19,5,32,4,13
49196_FY2022_014,operational,79,1,95,16,11
49196_FY2022_015,operational,14,0,26,12,0
49196_FY2022_016,regulatory,12,0,1,13,0
49196_FY2022_017,regulatory,9,0,7,16,0
49196_FY2022_018,regulatory,6,4,12,18,12
49196_FY2022_019,operational,8,0,10,2,1
49196_FY2022_020,operational,10,3,15,5,0
49196_FY2022_021,operational,16,0,17,1,0
49196_FY2022_022,regulatory,5,0,0,5,0
49196_FY2022_023,financial,14,17,0,3,1
49196_FY2022_024,financial,7,10,1,2,3
49196_FY2022_025,operational,2,7,9,2,1
49196_FY2022_026,regulatory,55,13,0,68,2
49196_FY2022_027,regulatory,5,0,0,7,2
49196_FY2022_028,regulatory,34,2,2,39,5
49196_FY2022_029,strategic,18,0,0,0,18
49196_FY2022_030,regulatory,16,11,9,27,9
49196_FY2022_031,regulatory,33,7,1,45,12
49196_FY2022_032,strategic,6,0,5,3,11
49196_FY2023_000,financial,1,1,0,0,0
49196_FY2023_001,financial,10,11,0,1,0
49196_FY2023_002,financial,21,31,0,10,0
49196_FY2023_003,financial,50,54,0,4,0
49196_FY2023_004,financial,13,13,0,0,0
49196_FY2023_005,financial,9,10,1,0,1
49196_FY2023_006,strategic,21,11,0,4,32
49196_FY2023_007,financial,23,26,0,2,3
49196_FY2023_008,financial,7,14,0,7,0
49196_FY2023_009,financial,25,31,0,1,6
49196_FY2023_010,financial,5,6,0,0,1
49196_FY2023_011,financial,6,7,0,1,1
49196_FY2023_012,operational,19,5,32,4,13
49196_FY2023_013,operational,80,1,97,17,11
49196_FY2023_014,operational,12,0,24,12,0
49196_FY2023_015,regulatory,12,0,1,13,0
49196_FY2023_016,regulatory,9,0,7,16,0
49196_FY2023_017,regulatory,6,4,12,18,12
49196_FY2023_018,operational,8,0,10,2,1
49196_FY2023_019,operational,10,3,15,5,0
49196_FY2023_020,operational,16,0,17,1,0
49196_FY2023_021,regulatory,5,0,0,5,0
49196_FY2023_022,financial,15,17,0,2,1
49196_FY2023_023,financial,7,10,1,2,3
49196_FY2023_024,regulatory,79,13,1,92,4
49196_FY2023_025,regulatory,5,0,0,7,2
49196_FY2023_026,regulatory,34,2,2,39,5
49196_FY2023_027,strategic,18,0,0,0,18
49196_FY2023_028,regulatory,15,15,9,30,9
49196_FY2023_029,strategic,6,0,5,3,11
49196_FY2024_000,financial,1,1,0,0,0
49196_FY2024_001,financial,10,11,0,1,0
49196_FY2024_002,financial,20,22,0,2,0
49196_FY2024_003,financial,1,9,0,8,0
49196_FY2024_004,financial,52,56,0,4,0
49196_FY2024_005,financial,13,13,0,0,0
49196_FY2024_006,financial,9,10,1,0,1
49196_FY2024_007,strategic,21,11,0,3,32
49196_FY2024_008,financial,23,26,0,2,3
49196_FY2024_009,financial,10,17,0,7,0
49196_FY2024_010,financial,25,31,0,1,6
49196_FY2024_011,financial,5,6,0,0,1
49196_FY2024_012,financial,6,7,0,1,1
49196_FY2024_013,operational,10,3,23,1,13
49196_FY2024_014,operational,9,1,10,1,1
49196_FY2024_015,operational,31,1,39,6,8
49196_FY2024_016,operational,57,0,63,6,4
49196_FY2024_017,operational,5,1,17,12,7
49196_FY2024_018,regulatory,6,4,12,18,12
49196_FY2024_019,operational,8,0,10,2,1
49196_FY2024_020,operational,10,3,15,5,0
49196_FY2024_021,operational,16,0,17,1,0
49196_FY2024_022,regulatory,5,0,0,5,0
49196_FY2024_023,financial,15,17,0,2,1
49196_FY2024_024,financial,7,10,1,2,3
49196_FY2024_025,regulatory,19,2,5,29,10
49196_FY2024_026,regulatory,43,4,0,47,0
49196_FY2024_027,regulatory,47,1,1,49,2
49196_FY2024_028,regulatory,5,0,0,7,2
49196_FY2024_029,regulatory,34,1,2,39,5
49196_FY2024_030,operational,5,0,23,18,0
49196_FY2024_031,regulatory,5,0,7,12,0
49196_FY2024_032,regulatory,3,0,7,10,0
49196_FY2024_033,strategic,17,0,0,0,17
49196_FY2024_034,regulatory,15,15,9,30,9
49196_FY2024_035,strategic,13,0,7,6,20
49196_FY2025_000,financial,10,11,0,1,0
49196_FY2025_001,financial,21,31,0,10,0
49196_FY2025_002,financial,43,43,0,0,0
49196_FY2025_003,financial,52,56,0,4,0
49196_FY2025_004,financial,14,14,0,0,0
49196_FY2025_005,financial,9,10,1,0,1
49196_FY2025_006,strategic,21,11,0,3,32
49196_FY2025_007,financial,23,26,0,2,3
49196_FY2025_008,financial,10,17,0,7,0
49196_FY2025_009,financial,23,29,0,1,6
49196_FY2025_010,financial,5,6,0,0,1
49196_FY2025_011,financial,6,7,0,1,1
49196_FY2025_012,operational,110,6,143,23,33
49196_FY2025_013,regulatory,2,4,10,12,2
49196_FY2025_014,strategic,35,8,4,9,44
49196_FY2025_015,operational,8,0,10,2,1
49196_FY2025_016,operational,10,3,15,5,0
49196_FY2025_017,operational,16,0,17,1,0
49196_FY2025_018,regulatory,5,0,0,5,0
49196_FY2025_019,financial,15,17,0,2,1
49196_FY2025_020,financial,7,10,1,2,3
49196_FY2025_021,regulatory,19,2,6,29,10
49196_FY2025_022,regulatory,91,5,1,96,2
49196_FY2025_023,regulatory,5,0,0,7,2
49196_FY2025_024,regulatory,34,1,2,39,5
49196_FY2025_025,operational,8,0,18,10,0
49196_FY2025_026,regulatory,8,0,14,22,0
49196_FY2025_027,strategic,19,0,0,0,19
49196_FY2025_028,regulatory,15,15,9,30,9
49196_FY2025_029,strategic,14,0,7,6,21
49196_FY2025_030,strategic,9,0,2,2,11
49196_FY2025_031,strategic,13,1,2,0,15
49196_FY2025_032,regulatory,0,0,0,6,6
49196_FY2025_033,operational,11,0,14,0,3
700564_FY2021_000,financial,23,26,0,2,3
700564_FY2021_001,financial,3,18,15,5,7
700564_FY2021_002,regulatory,12,12,0,24,0
700564_FY2021_003,financial,26,36,1,10,0
700564_FY2021_004,financial,36,39,0,3,3
700564_FY2021_005,financial,59,69,0,3,10
700564_FY2021_006,financial,51,56,0,5,0
700564_FY2021_007,financial,21,26,0,5,0
700564_FY2021_008,financial,7,8,1,0,0
700564_FY2021_009,financial,16,19,0,0,3
700564_FY2021_010,financial,71,84,0,4,13
700564_FY2021_011,regulatory,82,6,6,88,5
700564_FY2021_012,regulatory,29,1,0,30,0
700564_FY2021_013,regulatory,14,2,0,16,0
700564_FY2021_014,regulatory,19,2,0,21,2
700564_FY2021_015,regulatory,27,0,1,33,6
700564_FY2021_016,strategic,8,3,2,1,11
700564_FY2021_017,strategic,18,2,2,6,24
700564_FY2021_018,strategic,18,15,1,7,33
700564_FY2021_019,financial,2,13,0,11,1
700564_FY2021_020,strategic,6,8,2,0,14
700564_FY2021_021,strategic,5,5,0,1,10
700564_FY2021_022,regulatory,3,1,0,4,0
700564_FY2021_023,operational,8,2,11,1,3
700564_FY2021_024,operational,9,6,15,5,4
700564_FY2021_025,operational,49,0,75,26,11
700564_FY2021_026,financial,39,43,1,4,0
700564_FY2021_027,strategic,6,0,3,0,9
700564_FY2021_028,financial,7,18,0,11,2
700564_FY2021_029,regulatory,2,0,3,8,6
700564_FY2021_030,strategic,7,2,1,4,11
700564_FY2021_031,operational,4,0,5,1,1
700564_FY2021_032,operational,2,0,4,0,2
700564_FY2021_033,financial,6,6,0,0,0
700564_FY2021_034,strategic,4,0,0,2,6
700564_FY2022_000,financial,23,26,0,2,3
700564_FY2022_001,operational,12,2,14,0,2
700564_FY2022_002,financial,0,0,0,0,0
700564_FY2022_003,operational,4,5,9,0,0
700564_FY2022_004,regulatory,1,1,0,2,0
700564_FY2022_005,financial,87,91,0,4,0
700564_FY2022_006,financial,8,9,1,0,0
700564_FY2022_007,financial,31,38,0,7,0
700564_FY2022_008,financial,15,18,0,0,3
700564_FY2022_009,financial,56,65,0,3,9
700564_FY2022_010,financial,59,66,0,4,7
700564_FY2022_011,financial,2,5,0,3,1
700564_FY2022_012,regulatory,4,5,0,9,0
700564_FY2022_013,operational,12,2,18,2,6
700564_FY2022_014,operational,63,0,83,20,8
700564_FY2022_015,financial,39,43,1,4,0
700564_FY2022_016,operational,9,6,15,5,4
700564_FY2022_017,financial,2,10,0,8,1
700564_FY2022_018,financial,4,4,0,0,0
700564_FY2022_019,operational,7,3,10,3,0
700564_FY2022_020,regulatory,80,6,6,86,5
700564_FY2022_021,regulatory,21,0,0,27,6
700564_FY2022_022,regulatory,14,2,0,16,0
700564_FY2022_023,regulatory,6,0,13,19,1
700564_FY2022_024,strategic,19,2,2,5,24
700564_FY2022_025,strategic,13,1,0,1,14
700564_FY2022_026,strategic,5,5,0,1,10
700564_FY2022_027,strategic,8,3,2,1,11
700564_FY2022_028,operational,8,0,12,0,4
700564_FY2022_029,strategic,20,10,0,3,30
700564_FY2022_030,operational,0,0,5,1,5
700564_FY2022_031,financial,9,13,0,4,0
700564_FY2022_032,financial,6,15,0,9,1
700564_FY2023_000,financial,25,28,0,2,3
700564_FY2023_001,financial,86,89,0,3,0
700564_FY2023_002,financial,8,9,1,0,0
700564_FY2023_003,financial,17,21,0,0,4
700564_FY2023_004,financial,48,51,0,3,0
700564_FY2023_005,financial,30,34,0,4,0
700564_FY2023_006,financial,70,77,0,5,7
700564_FY2023_007,financial,2,5,0,3,1
700564_FY2023_008,regulatory,4,5,0,9,0
700564_FY2023_009,operational,12,2,16,2,4
700564_FY2023_010,operational,37,0,57,20,8
700564_FY2023_011,financial,39,43,1,4,0
700564_FY2023_012,operational,9,6,15,5,4
700564_FY2023_013,financial,1,10,0,9,1
700564_FY2023_014,financial,3,3,0,0,0
700564_FY2023_015,operational,7,3,10,2,0
700564_FY2023_016,regulatory,76,6,6,82,5
700564_FY2023_017,regulatory,21,0,0,27,6
700564_FY2023_018,regulatory,13,2,0,15,0
700564_FY2023_019,regulatory,6,0,13,19,1
700564_FY2023_020,strategic,15,2,2,8,23
700564_FY2023_021,strategic,10,1,0,1,11
700564_FY2023_022,strategic,5,5,0,1,10
700564_FY2023_023,strategic,8,3,2,1,11
700564_FY2023_024,operational,7,0,11,0,4
700564_FY2023_025,strategic,20,10,0,3,30
700564_FY2023_026,operational,1,0,6,1,5
700564_FY2023_027,financial,9,13,0,4,0
700564_FY2023_028,financial,5,14,0,9,1
700564_FY2024_000,financial,25,28,0,2,3
700564_FY2024_001,financial,84,89,0,5,0
700564_FY2024_002,financial,8,9,1,0,0
700564_FY2024_003,financial,17,21,0,0,4
700564_FY2024_004,financial,48,51,0,3,0
700564_FY2024_005,financial,30,34,0,4,0
700564_FY2024_006,financial,70,77,0,5,7
700564_FY2024_007,financial,2,5,0,3,1
700564_FY2024_008,regulatory,4,5,0,9,0
700564_FY2024_009,operational,12,2,16,2,4
700564_FY2024_010,operational,37,0,57,20,8
700564_FY2024_011,financial,39,43,1,4,0
700564_FY2024_012,operational,9,6,15,5,4
700564_FY2024_013,financial,2,8,0,6,1
700564_FY2024_014,financial,3,3,0,0,0
700564_FY2024_015,operational,7,3,10,2,0
700564_FY2024_016,regulatory,77,6,6,83,5
700564_FY2024_017,regulatory,21,0,0,27,6
700564_FY2024_018,regulatory,13,2,0,15,0
700564_FY2024_019,regulatory,6,0,13,19,1
700564_FY2024_020,strategic,10,1,2,24,34
700564_FY2024_021,strategic,10,1,0,1,11
700564_FY2024_022,strategic,5,5,0,1,10
700564_FY2024_023,strategic,8,3,2,1,11
700564_FY2024_024,operational,7,0,11,0,4
700564_FY2024_025,strategic,20,10,0,3,30
700564_FY2024_026,operational,1,0,6,1,5
700564_FY2024_027,financial,9,13,0,4,0
700564_FY2024_028,financial,5,14,0,9,1
700564_FY2025_000,financial,25,28,0,2,3
700564_FY2025_001,financial,81,86,0,5,0
700564_FY2025_002,financial,8,9,1,0,0
700564_FY2025_003,financial,17,21,0,0,4
700564_FY2025_004,financial,48,51,0,3,0
700564_FY2025_005,financial,26,30,0,4,0
700564_FY2025_006,financial,71,78,0,5,7
700564_FY2025_007,financial,2,5,0,3,1
700564_FY2025_008,regulatory,4,5,0,9,0
700564_FY2025_009,operational,12,2,16,2,4
700564_FY2025_010,operational,37,0,57,20,8
700564_FY2025_011,financial,42,43,1,1,0
700564_FY2025_012,operational,9,6,15,5,4
700564_FY2025_013,financial,3,9,1,6,3
700564_FY2025_014,financial,3,3,0,0,0
700564_FY2025_015,operational,7,3,10,2,0
700564_FY2025_016,regulatory,77,6,6,83,5
700564_FY2025_017,regulatory,21,0,0,27,6
700564_FY2025_018,regulatory,12,3,0,15,0
700564_FY2025_019,regulatory,6,0,13,19,1
700564_FY2025_020,strategic,8,0,7,2,15
700564_FY2025_021,strategic,19,1,1,0,20
700564_FY2025_022,strategic,3,0,0,2,5
700564_FY2025_023,operational,2,0,13,0,11
700564_FY2025_024,strategic,11,0,1,0,12
700564_FY2025_025,strategic,19,2,2,6,25
700564_FY2025_026,strategic,5,5,0,1,10
700564_FY2025_027,strategic,8,3,2,1,11
700564_FY2025_028,operational,7,0,11,0,4
700564_FY2025_029,strategic,20,10,0,3,30
700564_FY2025_030,strategic,1,0,6,1,7
700564_FY2025_031,financial,9,13,0,4,0
700564_FY2025_032,financial,5,14,0,9,1
707179_FY2021_000,strategic,11,0,1,1,12
707179_FY2021_001,strategic,19,1,3,0,22
707179_FY2021_002,operational,4,0,13,0,9
707179_FY2021_003,strategic,8,1,0,0,9
707179_FY2021_004,strategic,14,0,1,1,15
707179_FY2021_005,strategic,5,0,2,0,7
707179_FY2021_006,regulatory,7,0,0,20,13
707179_FY2021_007,strategic,22,0,0,3,25
707179_FY2021_008,strategic,14,2,1,2,16
707179_FY2021_009,financial,42,44,0,0,2
707179_FY2021_010,financial,31,33,0,2,0
707179_FY2021_011,financial,18,36,12,18,7
707179_FY2021_012,strategic,24,4,3,6,30
707179_FY2021_013,financial,0,5,5,0,0
707179_FY2021_014,strategic,10,4,0,1,14
707179_FY2021_015,operational,3,0,7,0,4
707179_FY2021_016,financial,6,18,0,12,0
707179_FY2021_017,strategic,10,0,0,0,10
707179_FY2021_018,financial,8,20,1,10,12
707179_FY2021_019,financial,51,52,0,1,0
707179_FY2021_020,financial,46,46,0,0,0
707179_FY2021_021,financial,8,8,0,0,0
707179_FY2021_022,financial,1,7,0,6,0
707179_FY2021_023,financial,6,6,0,0,0
707179_FY2021_024,financial,2,3,0,0,1
707179_FY2021_025,financial,18,21,0,3,1
707179_FY2021_026,financial,28,32,2,4,3
707179_FY2021_027,financial,17,23,0,0,6
707179_FY2021_028,financial,6,7,0,0,1
707179_FY2021_029,operational,23,0,34,10,11
707179_FY2021_030,operational,20,0,21,1,0
707179_FY2021_031,operational,2,0,5,2,3
707179_FY2021_032,financial,2,4,0,0,2
707179_FY2021_033,operational,1,1,2,1,0
707179_FY2021_034,regulatory,5,0,0,5,0
707179_FY2021_035,regulatory,40,14,0,54,0
707179_FY2021_036,regulatory,1,0,0,1,0
707179_FY2021_037,regulatory,14,4,0,18,0
707179_FY2021_038,regulatory,1,9,11,12,0
707179_FY2022_000,financial,46,48,0,0,2
707179_FY2022_001,financial,36,40,0,4,1
707179_FY2022_002,financial,18,18,0,0,0
707179_FY2022_003,strategic,33,4,3,4,37
707179_FY2022_004,regulatory,11,1,0,26,15
707179_FY2022_005,financial,0,5,5,0,0
707179_FY2022_006,strategic,21,7,0,4,28
707179_FY2022_007,operational,3,0,7,0,4
707179_FY2022_008,financial,12,23,0,11,2
707179_FY2022_009,strategic,10,0,0,0,10
707179_FY2022_010,financial,14,26,1,10,12
707179_FY2022_011,strategic,7,2,8,9,16
707179_FY2022_012,financial,51,52,0,1,1
707179_FY2022_013,financial,44,44,0,0,0
707179_FY2022_014,financial,36,38,0,2,2
707179_FY2022_015,financial,1,7,0,6,0
707179_FY2022_016,financial,6,6,0,0,0
707179_FY2022_017,financial,1,3,0,0,2
707179_FY2022_018,financial,19,40,0,21,1
707179_FY2022_019,financial,23,31,2,8,3
707179_FY2022_020,financial,24,28,0,2,4
707179_FY2022_021,financial,31,38,0,0,7
707179_FY2022_022,financial,18,24,0,0,6
707179_FY2022_023,financial,9,15,0,6,0
707179_FY2022_024,financial,6,7,0,0,1
707179_FY2022_025,operational,38,0,48,6,10
707179_FY2022_026,regulatory,36,0,9,45,8
707179_FY2022_027,operational,27,0,32,1,5
707179_FY2022_028,regulatory,1,0,5,6,3
707179_FY2022_029,financial,2,4,0,0,2
707179_FY2022_030,operational,1,1,2,1,0
707179_FY2022_031,financial,9,19,10,6,4
707179_FY2022_032,financial,2,9,0,7,0
707179_FY2022_033,financial,1,1,0,0,0
707179_FY2022_034,regulatory,4,0,0,4,0
707179_FY2022_035,regulatory,53,2,0,56,3
707179_FY2022_036,regulatory,47,0,1,49,2
707179_FY2022_037,regulatory,1,0,0,1,0
707179_FY2022_038,regulatory,13,4,0,17,0
707179_FY2022_039,regulatory,25,0,0,25,0
707179_FY2022_040,regulatory,1,9,11,12,0
707179_FY2023_000,financial,44,46,0,0,2
707179_FY2023_001,financial,31,46,0,15,1
707179_FY2023_002,financial,18,18,0,0,0
707179_FY2023_003,strategic,33,4,3,4,37
707179_FY2023_004,regulatory,11,1,0,26,15
707179_FY2023_005,financial,0,5,5,0,0
707179_FY2023_006,strategic,21,9,0,6,30
707179_FY2023_007,operational,3,0,7,0,4
707179_FY2023_008,financial,12,23,0,11,2
707179_FY2023_009,strategic,10,0,0,0,10
707179_FY2023_010,financial,9,28,1,19,12
707179_FY2023_011,strategic,9,2,9,9,18
707179_FY2023_012,financial,51,52,0,1,0
707179_FY2023_013,financial,44,44,0,0,0
707179_FY2023_014,financial,36,38,0,2,2
707179_FY2023_015,financial,1,7,0,6,0
707179_FY2023_016,financial,6,6,0,0,0
707179_FY2023_017,financial,1,3,0,0,2
707179_FY2023_018,financial,19,40,0,21,1
707179_FY2023_019,financial,32,36,0,3,4
707179_FY2023_020,financial,31,38,0,0,7
707179_FY2023_021,financial,18,24,0,0,6
707179_FY2023_022,financial,9,15,0,6,0
707179_FY2023_023,financial,6,7,0,0,1
707179_FY2023_024,financial,24,26,0,2,0
707179_FY2023_025,operational,38,0,48,6,10
707179_FY2023_026,regulatory,36,0,9,45,8
707179_FY2023_027,operational,27,0,32,1,5
707179_FY2023_028,regulatory,1,0,5,6,3
707179_FY2023_029,financial,2,4,0,0,2
707179_FY2023_030,operational,1,1,2,1,0
707179_FY2023_031,financial,6,12,6,2,2
707179_FY2023_032,financial,2,9,0,7,0
707179_FY2023_033,financial,1,1,0,0,0
707179_FY2023_034,regulatory,54,11,0,65,3
707179_FY2023_035,regulatory,19,0,0,21,2
707179_FY2023_036,regulatory,50,0,1,52,2
707179_FY2023_037,regulatory,4,0,0,4,0
707179_FY2023_038,regulatory,1,0,0,1,0
707179_FY2023_039,regulatory,13,4,0,17,0
707179_FY2023_040,regulatory,25,0,0,25,0
707179_FY2023_041,regulatory,1,9,11,12,0
707179_FY2024_000,financial,44,46,0,0,2
707179_FY2024_001,financial,31,46,0,15,1
707179_FY2024_002,financial,18,18,0,0,0
707179_FY2024_003,strategic,33,4,3,4,37
707179_FY2024_004,regulatory,11,1,0,26,15
707179_FY2024_005,strategic,13,0,1,1,14
707179_FY2024_006,financial,0,5,5,0,0
707179_FY2024_007,strategic,21,9,0,6,30
707179_FY2024_008,operational,3,0,7,0,4
707179_FY2024_009,financial,12,23,0,11,2
707179_FY2024_010,strategic,10,0,0,0,10
707179_FY2024_011,financial,7,28,1,21,15
707179_FY2024_012,strategic,14,2,8,9,23
707179_FY2024_013,financial,51,52,0,1,0
707179_FY2024_014,financial,44,44,0,0,0
707179_FY2024_015,financial,36,38,0,2,2
707179_FY2024_016,financial,1,7,0,6,0
707179_FY2024_017,financial,6,6,0,0,0
707179_FY2024_018,financial,1,3,0,0,2
707179_FY2024_019,financial,19,41,0,22,1
707179_FY2024_020,financial,32,36,0,3,4
707179_FY2024_021,financial,31,38,0,0,7
707179_FY2024_022,financial,18,24,0,0,6
707179_FY2024_023,financial,9,15,0,6,0
707179_FY2024_024,financial,6,7,0,0,1
707179_FY2024_025,financial,24,26,0,2,0
707179_FY2024_026,operational,48,0,59,6,11
707179_FY2024_027,regulatory,36,0,9,45,8
707179_FY2024_028,operational,27,0,32,1,5
707179_FY2024_029,regulatory,1,0,5,6,3
707179_FY2024_030,financial,2,4,0,0,2
707179_FY2024_031,operational,2,1,3,1,0
707179_FY2024_032,financial,6,12,6,2,2
707179_FY2024_033,financial,2,9,0,7,0
707179_FY2024_034,financial,1,1,0,0,0
707179_FY2024_035,regulatory,54,11,0,65,3
707179_FY2024_036,regulatory,19,0,0,21,2
707179_FY2024_037,regulatory,50,0,1,52,2
707179_FY2024_038,regulatory,4,0,0,4,0
707179_FY2024_039,regulatory,1,0,0,1,0
707179_FY2024_040,regulatory,13,4,0,17,0
707179_FY2024_041,regulatory,25,0,0,25,0
707179_FY2024_042,regulatory,1,9,11,12,0
707179_FY2025_000,financial,43,45,0,0,2
707179_FY2025_001,financial,31,46,0,15,1
707179_FY2025_002,financial,18,18,0,0,0
707179_FY2025_003,strategic,33,4,3,4,37
707179_FY2025_004,regulatory,6,1,0,20,14
707179_FY2025_005,financial,0,5,5,0,0
707179_FY2025_006,strategic,23,13,1,12,36
707179_FY2025_007,operational,3,0,7,0,4
707179_FY2025_008,financial,12,23,0,11,2
707179_FY2025_009,strategic,10,0,0,0,10
707179_FY2025_010,financial,9,20,1,11,11
707179_FY2025_011,strategic,9,2,8,9,18
707179_FY2025_012,financial,51,52,0,1,0
707179_FY2025_013,financial,44,44,0,0,0
707179_FY2025_014,financial,36,38,0,2,2
707179_FY2025_015,financial,1,7,0,6,0
707179_FY2025_016,financial,6,6,0,0,0
707179_FY2025_017,financial,1,3,0,0,2
707179_FY2025_018,financial,18,41,0,23,1
707179_FY2025_019,financial,32,36,0,3,4
707179_FY2025_020,financial,31,38,0,0,7
707179_FY2025_021,financial,18,24,0,0,6
707179_FY2025_022,financial,9,15,0,6,0
707179_FY2025_023,financial,6,7,0,0,1
707179_FY2025_024,financial,24,26,0,2,0
707179_FY2025_025,operational,50,0,61,6,11
707179_FY2025_026,regulatory,36,0,9,45,8
707179_FY2025_027,operational,27,0,32,1,5
707179_FY2025_028,operational,0,0,6,6,3
707179_FY2025_029,operational,14,0,29,11,15
707179_FY2025_030,financial,2,4,0,0,2
707179_FY2025_031,operational,2,1,3,1,0
707179_FY2025_032,financial,6,12,6,2,2
707179_FY2025_033,financial,2,9,0,7,0
707179_FY2025_034,financial,1,1,0,0,0
707179_FY2025_035,regulatory,59,11,3,70,4
707179_FY2025_036,regulatory,50,0,1,52,2
707179_FY2025_037,regulatory,4,0,0,4,0
707179_FY2025_038,regulatory,1,0,0,1,0
707179_FY2025_039,regulatory,13,4,0,17,0
707179_FY2025_040,regulatory,25,0,0,25,0
707179_FY2025_041,regulatory,1,9,11,12,0
714310_FY2021_000,financial,2,2,0,0,0
714310_FY2021_001,strategic,10,0,3,2,13
714310_FY2021_002,strategic,12,1,8,0,20
714310_FY2021_003,operational,2,0,13,0,11
714310_FY2021_004,regulatory,3,0,0,13,10
714310_FY2021_005,strategic,4,0,0,0,4
714310_FY2021_006,strategic,3,0,0,2,5
714310_FY2021_007,regulatory,22,0,3,28,6
714310_FY2021_008,regulatory,13,0,0,16,3
714310_FY2021_009,operational,7,2,9,0,0
714310_FY2021_010,regulatory,7,0,1,8,0
714310_FY2021_011,operational,8,1,9,0,0
714310_FY2021_012,financial,5,19,6,14,1
714310_FY2021_013,financial,13,18,0,5,0
714310_FY2021_014,regulatory,1,0,2,3,0
714310_FY2021_015,regulatory,13,7,0,20,3
714310_FY2021_016,financial,15,19,0,0,4
714310_FY2021_017,financial,46,47,0,0,1
714310_FY2021_018,financial,13,13,0,0,0
714310_FY2021_019,strategic,21,1,3,8,29
714310_FY2021_020,strategic,7,0,1,2,9
714310_FY2021_021,financial,3,10,0,7,0
714310_FY2021_022,financial,18,19,1,1,0
714310_FY2021_023,financial,21,21,0,0,0
714310_FY2021_024,operational,0,0,3,0,3
714310_FY2021_025,financial,4,7,0,1,3
714310_FY2021_026,regulatory,26,0,2,28,1
714310_FY2021_027,financial,35,38,0,3,2
714310_FY2021_028,financial,29,36,0,7,0
714310_FY2021_029,financial,39,42,0,3,0
714310_FY2021_030,financial,46,46,0,0,0
714310_FY2021_031,operational,0,0,1,1,0
714310_FY2021_032,operational,15,0,21,1,6
714310_FY2021_033,financial,13,15,0,0,2
714310_FY2021_034,financial,6,7,1,1,1
714310_FY2021_035,strategic,16,2,2,5,21
714310_FY2021_036,regulatory,3,0,0,4,1
714310_FY2021_037,financial,29,29,0,0,0
714310_FY2021_038,financial,20,26,0,1,6
714310_FY2021_039,operational,15,2,29,0,14
714310_FY2021_040,regulatory,35,5,1,43,8
714310_FY2021_041,regulatory,34,7,0,41,3
714310_FY2021_042,regulatory,6,2,1,8,0
714310_FY2021_043,strategic,1,0,1,3,4
714310_FY2021_044,financial,7,7,0,0,0
714310_FY2021_045,financial,15,17,0,2,0
714310_FY2021_046,strategic,8,0,0,0,8
714310_FY2021_047,strategic,10,1,0,2,12
714310_FY2021_048,financial,4,6,0,2,0
714310_FY2022_000,financial,2,2,0,0,0
714310_FY2022_001,financial,33,39,0,6,1
714310_FY2022_002,strategic,10,0,2,0,12
714310_FY2022_003,strategic,12,1,8,0,20
714310_FY2022_004,operational,9,0,13,0,4
714310_FY2022_005,financial,16,20,0,0,4
714310_FY2022_006,regulatory,12,8,0,20,3
714310_FY2022_007,financial,47,48,0,0,1
714310_FY2022_008,financial,11,11,0,0,0
714310_FY2022_009,strategic,21,1,3,8,29
714310_FY2022_010,strategic,7,0,1,2,9
714310_FY2022_011,regulatory,1,0,2,3,0
714310_FY2022_012,financial,3,10,0,7,0
714310_FY2022_013,financial,18,19,1,1,0
714310_FY2022_014,financial,15,15,0,0,0
714310_FY2022_015,strategic,8,0,5,0,13
714310_FY2022_016,strategic,33,0,0,1,34
714310_FY2022_017,financial,4,7,0,1,3
714310_FY2022_018,financial,31,38,0,7,2
714310_FY2022_019,regulatory,26,0,2,28,1
714310_FY2022_020,financial,34,43,0,9,0
714310_FY2022_021,financial,40,43,0,3,0
714310_FY2022_022,financial,35,35,0,0,0
714310_FY2022_023,financial,14,19,0,5,0
714310_FY2022_024,operational,0,0,1,1,0
714310_FY2022_025,operational,15,0,21,1,6
714310_FY2022_026,financial,6,7,1,1,1
714310_FY2022_027,strategic,14,2,2,5,19
714310_FY2022_028,financial,27,27,0,0,0
714310_FY2022_029,financial,20,26,0,1,6
714310_FY2022_030,operational,18,2,31,0,13
714310_FY2022_031,regulatory,33,5,0,42,9
714310_FY2022_032,regulatory,34,7,0,41,3
714310_FY2022_033,regulatory,6,2,1,8,0
714310_FY2022_034,strategic,1,0,1,3,4
714310_FY2022_035,financial,7,7,0,0,0
714310_FY2022_036,financial,15,17,0,2,0
714310_FY2022_037,strategic,6,1,0,2,8
714310_FY2022_038,financial,4,6,0,2,0
714310_FY2023_000,financial,2,2,0,0,0
714310_FY2023_001,financial,33,41,0,8,1
714310_FY2023_002,financial,5,19,0,14,5
714310_FY2023_003,strategic,3,0,3,0,6
714310_FY2023_004,financial,76,79,0,3,1
714310_FY2023_005,financial,26,30,0,0,4
714310_FY2023_006,regulatory,12,5,0,17,3
714310_FY2023_007,financial,11,11,0,0,0
714310_FY2023_008,strategic,21,1,3,8,29
714310_FY2023_009,strategic,7,0,1,2,9
714310_FY2023_010,regulatory,1,0,2,3,0
714310_FY2023_011,financial,3,10,0,7,0
714310_FY2023_012,financial,19,20,1,1,0
714310_FY2023_013,financial,14,14,0,0,0
714310_FY2023_014,strategic,8,0,5,0,13
714310_FY2023_015,strategic,30,0,0,1,31
714310_FY2023_016,financial,8,15,0,7,7
714310_FY2023_017,financial,30,37,0,7,2
714310_FY2023_018,regulatory,26,0,2,28,1
714310_FY2023_019,financial,40,43,0,3,0
714310_FY2023_020,financial,35,35,0,0,0
714310_FY2023_021,financial,12,19,0,7,0
714310_FY2023_022,financial,42,48,0,2,6
714310_FY2023_023,financial,26,26,0,0,0
714310_FY2023_024,operational,0,0,1,1,0
714310_FY2023_025,operational,15,0,21,1,6
714310_FY2023_026,financial,3,7,0,4,1
714310_FY2023_027,strategic,14,2,2,5,19
714310_FY2023_028,operational,56,2,69,6,13
714310_FY2023_029,regulatory,26,0,46,72,5
714310_FY2023_030,regulatory,54,13,0,67,9
714310_FY2023_031,regulatory,30,7,0,37,3
714310_FY2023_032,regulatory,6,2,1,8,0
714310_FY2023_033,strategic,2,0,1,3,5
714310_FY2023_034,financial,7,7,0,0,0
714310_FY2023_035,financial,15,17,0,2,0
714310_FY2023_036,strategic,6,1,0,2,8
714310_FY2023_037,financial,4,6,0,2,0
714310_FY2024_000,financial,2,2,0,0,0
714310_FY2024_001,financial,33,40,0,7,1
714310_FY2024_002,financial,4,20,0,16,5
714310_FY2024_003,financial,79,82,0,3,1
714310_FY2024_004,financial,26,30,0,0,4
714310_FY2024_005,regulatory,12,5,0,17,3
714310_FY2024_006,strategic,9,12,2,8,21
714310_FY2024_007,strategic,7,0,1,2,9
714310_FY2024_008,regulatory,3,0,0,3,0
714310_FY2024_009,financial,3,10,0,7,0
714310_FY2024_010,financial,21,22,1,1,0
714310_FY2024_011,financial,14,14,0,0,0
714310_FY2024_012,strategic,8,0,5,0,13
714310_FY2024_013,strategic,32,0,0,5,37
714310_FY2024_014,financial,8,15,0,7,7
714310_FY2024_015,financial,33,37,0,4,2
714310_FY2024_016,regulatory,26,0,2,28,1
714310_FY2024_017,financial,40,43,0,3,0
714310_FY2024_018,financial,28,28,0,0,0
714310_FY2024_019,financial,12,19,0,7,0
714310_FY2024_020,financial,42,48,0,2,6
714310_FY2024_021,financial,26,26,0,0,0
714310_FY2024_022,operational,0,0,1,1,0
714310_FY2024_023,operational,15,0,21,1,6
714310_FY2024_024,financial,3,7,0,4,1
714310_FY2024_025,strategic,14,2,2,5,19
714310_FY2024_026,regulatory,57,13,0,70,9
714310_FY2024_027,regulatory,30,7,0,37,3
714310_FY2024_028,regulatory,6,2,1,8,0
714310_FY2024_029,strategic,2,0,1,3,5
714310_FY2024_030,operational,58,2,71,6,13
714310_FY2024_031,regulatory,26,0,46,72,5
714310_FY2024_032,operational,23,0,34,11,4
714310_FY2024_033,regulatory,21,1,3,24,2
714310_FY2024_034,financial,7,7,0,0,0
714310_FY2024_035,financial,15,17,0,2,0
714310_FY2024_036,strategic,6,1,0,2,8
714310_FY2024_037,financial,4,6,0,2,0
714310_FY2025_000,financial,2,2,0,0,0
714310_FY2025_001,financial,32,40,0,8,1
714310_FY2025_002,financial,79,82,0,3,1
714310_FY2025_003,financial,26,30,0,0,4
714310_FY2025_004,regulatory,15,5,1,20,3
714310_FY2025_005,strategic,11,12,2,8,23
714310_FY2025_006,strategic,15,0,1,2,17
714310_FY2025_007,operational,15,1,18,3,0
714310_FY2025_008,regulatory,3,0,0,3,0
714310_FY2025_009,financial,3,10,0,7,0
714310_FY2025_010,financial,20,23,2,3,0
714310_FY2025_011,financial,12,15,0,3,0
714310_FY2025_012,financial,14,14,0,0,0
714310_FY2025_013,strategic,7,0,5,0,12
714310_FY2025_014,strategic,17,0,0,5,22
714310_FY2025_015,financial,8,15,0,7,7
714310_FY2025_016,financial,33,37,0,4,2
714310_FY2025_017,regulatory,26,0,2,28,1
714310_FY2025_018,financial,40,43,0,3,0
714310_FY2025_019,financial,28,28,0,0,0
714310_FY2025_020,financial,10,20,0,10,0
714310_FY2025_021,financial,42,48,0,2,6
714310_FY2025_022,financial,26,26,0,0,0
714310_FY2025_023,operational,15,0,23,1,8
714310_FY2025_024,financial,2,7,0,5,1
714310_FY2025_025,strategic,14,2,2,5,19
714310_FY2025_026,regulatory,58,5,0,67,9
714310_FY2025_027,regulatory,30,7,0,37,3
714310_FY2025_028,regulatory,6,2,1,8,0
714310_FY2025_029,regulatory,10,1,1,15,5
714310_FY2025_030,operational,55,2,73,11,18
714310_FY2025_031,regulatory,20,0,58,78,5
714310_FY2025_032,operational,18,0,34,16,10
714310_FY2025_033,regulatory,21,1,3,24,2
714310_FY2025_034,financial,7,7,0,0,0
714310_FY2025_035,financial,15,17,0,2,0
714310_FY2025_036,strategic,6,1,0,2,8
714310_FY2025_037,financial,4,6,0,2,0
715072_FY2021_000,financial,46,46,0,0,0
715072_FY2021_001,financial,72,74,0,2,1
715072_FY2021_002,financial,21,26,0,5,0
715072_FY2021_003,financial,33,37,0,2,4
715072_FY2021_004,financial,52,55,1,3,1
715072_FY2021_005,financial,25,29,0,0,4
715072_FY2021_006,financial,1,1,0,0,0
715072_FY2021_007,strategic,20,9,1,7,29
715072_FY2021_008,financial,5,5,0,0,0
715072_FY2021_009,regulatory,65,7,3,72,5
715072_FY2021_010,regulatory,2,6,0,8,0
715072_FY2021_011,operational,4,0,4,0,0
715072_FY2021_012,regulatory,5,1,0,6,0
715072_FY2021_013,financial,2,9,0,7,0
715072_FY2021_014,financial,12,15,0,3,3
715072_FY2021_015,financial,25,25,0,0,0
715072_FY2021_016,financial,19,25,0,6,0
715072_FY2021_017,operational,30,2,38,4,8
715072_FY2021_018,operational,15,0,18,0,3
715072_FY2021_019,financial,1,3,2,0,0
715072_FY2021_020,strategic,24,6,3,9,33
715072_FY2021_021,strategic,16,8,3,2,24
715072_FY2021_022,strategic,14,4,1,7,21
715072_FY2021_023,financial,11,17,0,6,0
715072_FY2021_024,strategic,6,4,0,2,10
715072_FY2021_025,financial,7,9,0,0,2
715072_FY2021_026,financial,4,6,0,0,2
715072_FY2021_027,financial,4,5,0,1,0
715072_FY2021_028,regulatory,1,0,1,9,8
715072_FY2021_029,financial,3,3,0,0,0
715072_FY2021_030,financial,0,0,0,0,0
715072_FY2022_000,financial,46,46,0,0,0
715072_FY2022_001,financial,70,72,0,2,1
715072_FY2022_002,financial,24,29,0,5,0
715072_FY2022_003,financial,33,37,0,2,4
715072_FY2022_004,financial,14,15,0,1,0
715072_FY2022_005,financial,51,54,1,3,1
715072_FY2022_006,financial,27,31,0,0,4
715072_FY2022_007,financial,1,1,0,0,0
715072_FY2022_008,strategic,20,9,1,7,29
715072_FY2022_009,financial,5,5,0,0,0
715072_FY2022_010,regulatory,66,7,3,73,5
715072_FY2022_011,regulatory,5,4,0,9,0
715072_FY2022_012,operational,4,0,4,0,0
715072_FY2022_013,regulatory,5,1,0,6,0
715072_FY2022_014,financial,2,9,0,7,0
715072_FY2022_015,financial,12,15,0,3,3
715072_FY2022_016,financial,25,25,0,0,0
715072_FY2022_017,financial,19,25,0,6,0
715072_FY2022_018,operational,50,3,58,5,8
715072_FY2022_019,operational,15,0,18,0,3
715072_FY2022_020,financial,1,3,2,0,0
715072_FY2022_021,strategic,25,6,3,9,34
715072_FY2022_022,strategic,17,8,3,2,25
715072_FY2022_023,strategic,14,4,1,7,21
715072_FY2022_024,financial,11,17,0,6,0
715072_FY2022_025,financial,7,9,0,0,2
715072_FY2022_026,financial,4,6,0,0,2
715072_FY2022_027,financial,4,5,0,1,0
715072_FY2022_028,regulatory,1,0,1,9,8
715072_FY2022_029,financial,3,3,0,0,0
715072_FY2022_030,financial,0,0,0,0,0
715072_FY2023_000,financial,46,46,0,0,0
715072_FY2023_001,financial,74,76,0,2,1
715072_FY2023_002,financial,25,30,0,5,0
715072_FY2023_003,financial,35,41,0,2,6
715072_FY2023_004,financial,14,15,0,1,0
715072_FY2023_005,financial,31,35,0,0,4
715072_FY2023_006,financial,1,1,0,0,0
715072_FY2023_007,strategic,20,9,1,7,29
715072_FY2023_008,financial,10,18,0,1,8
715072_FY2023_009,financial,5,5,0,0,0
715072_FY2023_010,regulatory,62,10,4,72,6
715072_FY2023_011,regulatory,4,7,0,11,0
715072_FY2023_012,operational,4,0,4,0,0
715072_FY2023_013,regulatory,5,1,0,6,0
715072_FY2023_014,financial,2,9,0,7,0
715072_FY2023_015,financial,16,18,0,2,1
715072_FY2023_016,financial,12,15,0,3,3
715072_FY2023_017,financial,25,25,0,0,0
715072_FY2023_018,financial,19,25,0,6,0
715072_FY2023_019,operational,26,2,30,0,4
715072_FY2023_020,operational,82,5,99,17,14
715072_FY2023_021,financial,1,3,2,0,0
715072_FY2023_022,strategic,24,6,3,9,33
715072_FY2023_023,strategic,16,8,3,2,24
715072_FY2023_024,strategic,14,4,1,7,21
715072_FY2023_025,financial,11,17,0,6,0
715072_FY2023_026,financial,7,9,0,0,2
715072_FY2023_027,financial,4,6,0,0,2
715072_FY2023_028,financial,4,5,0,1,0
715072_FY2023_029,regulatory,1,0,1,9,8
715072_FY2023_030,financial,3,3,0,0,0
715072_FY2023_031,financial,0,0,0,0,0
715072_FY2024_000,financial,44,44,0,0,0
715072_FY2024_001,financial,71,73,0,2,1
715072_FY2024_002,financial,22,27,0,5,0
715072_FY2024_003,financial,35,41,0,2,6
715072_FY2024_004,financial,15,17,0,2,0
715072_FY2024_005,financial,32,36,0,0,4
715072_FY2024_006,financial,1,1,0,0,0
715072_FY2024_007,strategic,20,3,0,3,23
715072_FY2024_008,financial,12,14,0,0,2
715072_FY2024_009,regulatory,58,10,4,68,6
715072_FY2024_010,regulatory,4,7,0,11,0
715072_FY2024_011,operational,4,0,4,0,0
715072_FY2024_012,financial,2,9,0,7,0
715072_FY2024_013,financial,12,15,0,3,3
715072_FY2024_014,financial,25,25,0,0,0
715072_FY2024_015,financial,12,16,0,4,0
715072_FY2024_016,operational,26,2,30,0,4
715072_FY2024_017,operational,27,2,29,1,1
715072_FY2024_018,operational,78,4,95,17,14
715072_FY2024_019,financial,0,3,3,0,0
715072_FY2024_020,strategic,25,6,3,9,34
715072_FY2024_021,strategic,16,9,3,4,25
715072_FY2024_022,strategic,14,4,1,7,21
715072_FY2024_023,financial,11,17,0,6,0
715072_FY2024_024,financial,7,9,0,0,2
715072_FY2024_025,financial,4,6,0,0,2
715072_FY2024_026,financial,4,5,0,1,0
715072_FY2024_027,regulatory,1,0,1,9,8
715072_FY2024_028,financial,3,3,0,0,0
715072_FY2024_029,strategic,1,0,0,0,1
715072_FY2024_030,strategic,12,0,0,1,13
715072_FY2024_031,regulatory,10,0,0,26,16
715072_FY2024_032,strategic,4,0,7,0,11
715072_FY2024_033,regulatory,0,0,0,1,1
715072_FY2024_034,strategic,11,0,0,0,11
715072_FY2024_035,strategic,4,0,0,0,4
715072_FY2024_036,strategic,2,2,0,0,4
715072_FY2024_037,strategic,9,0,0,0,9
715072_FY2024_038,strategic,4,0,0,0,4
715072_FY2024_039,strategic,6,0,0,0,6
715072_FY2025_000,financial,44,44,0,0,0
715072_FY2025_001,financial,75,77,0,2,1
715072_FY2025_002,financial,22,27,0,5,0
715072_FY2025_003,financial,35,41,0,2,6
715072_FY2025_004,financial,15,17,0,2,0
715072_FY2025_005,financial,32,36,0,0,4
715072_FY2025_006,financial,1,1,0,0,0
715072_FY2025_007,strategic,20,3,0,3,23
715072_FY2025_008,financial,12,14,0,0,2
715072_FY2025_009,regulatory,58,10,4,68,6
715072_FY2025_010,regulatory,4,7,0,11,0
715072_FY2025_011,operational,4,0,4,0,0
715072_FY2025_012,financial,2,9,0,7,0
715072_FY2025_013,financial,12,15,0,3,3
715072_FY2025_014,financial,25,25,0,0,0
715072_FY2025_015,financial,12,16,0,4,0
715072_FY2025_016,operational,26,2,30,0,4
715072_FY2025_017,operational,26,2,28,1,1
715072_FY2025_018,operational,75,4,92,17,14
715072_FY2025_019,operational,8,0,18,10,3
715072_FY2025_020,operational,1,3,4,0,0
715072_FY2025_021,operational,11,1,13,2,1
715072_FY2025_022,strategic,25,6,3,9,34
715072_FY2025_023,strategic,18,9,5,4,27
715072_FY2025_024,regulatory,0,0,0,1,1
715072_FY2025_025,strategic,14,4,1,7,21
715072_FY2025_026,financial,11,17,0,6,0
715072_FY2025_027,financial,4,6,0,0,2
715072_FY2025_028,financial,4,5,0,1,0
715072_FY2025_029,regulatory,1,0,1,9,8
715072_FY2025_030,financial,3,3,0,0,0
715072_FY2025_031,financial,0,0,0,0,0
729986_FY2021_000,financial,11,22,7,11,2
729986_FY2021_001,financial,15,30,0,15,3
729986_FY2021_002,financial,49,52,2,3,0
729986_FY2021_003,financial,37,38,0,1,0
729986_FY2021_004,operational,14,2,19,5,2
729986_FY2021_005,operational,32,0,35,1,3
729986_FY2021_006,financial,2,21,19,6,5
729986_FY2021_007,strategic,3,0,8,0,11
729986_FY2021_008,operational,7,1,15,3,8
729986_FY2021_009,financial,32,36,2,4,0
729986_FY2021_010,financial,12,17,0,5,0
729986_FY2021_011,strategic,7,5,0,1,12
729986_FY2021_012,financial,4,4,0,0,0
729986_FY2021_013,financial,12,13,0,1,0
729986_FY2021_014,financial,32,37,0,5,0
729986_FY2021_015,regulatory,45,4,1,49,3
729986_FY2021_016,regulatory,26,3,0,29,0
729986_FY2021_017,regulatory,11,5,0,16,2
729986_FY2021_018,financial,4,12,0,8,0
729986_FY2021_019,financial,41,52,2,11,1
729986_FY2021_020,financial,27,28,1,1,0
729986_FY2021_021,strategic,7,1,2,8,15
729986_FY2021_022,regulatory,16,1,0,26,10
729986_FY2021_023,financial,2,8,0,2,6
729986_FY2021_024,financial,2,10,0,8,0
729986_FY2021_025,financial,5,6,0,0,1
729986_FY2021_026,operational,9,0,11,2,0
729986_FY2021_027,regulatory,7,0,1,9,2
729986_FY2021_028,financial,1,2,0,1,1
729986_FY2021_029,regulatory,17,0,0,18,1
729986_FY2021_030,regulatory,11,8,0,19,3
729986_FY2021_031,financial,5,7,2,1,0
729986_FY2021_032,strategic,5,0,1,8,13
729986_FY2021_033,financial,13,33,1,20,8
729986_FY2022_000,regulatory,3,2,0,9,6
729986_FY2022_001,regulatory,45,4,1,49,3
729986_FY2022_002,regulatory,26,3,0,29,0
729986_FY2022_003,regulatory,11,5,0,16,2
729986_FY2022_004,financial,4,12,0,8,0
729986_FY2022_005,financial,40,51,2,11,1
729986_FY2022_006,financial,27,28,1,1,0
729986_FY2022_007,financial,49,52,2,3,0
729986_FY2022_008,financial,37,38,0,1,0
729986_FY2022_009,operational,14,2,19,5,2
729986_FY2022_010,operational,32,0,35,1,3
729986_FY2022_011,financial,2,21,19,6,5
729986_FY2022_012,strategic,3,0,8,0,11
729986_FY2022_013,operational,7,1,15,3,8
729986_FY2022_014,financial,32,36,2,4,0
729986_FY2022_015,financial,12,17,0,5,0
729986_FY2022_016,strategic,7,5,0,1,12
729986_FY2022_017,financial,4,4,0,0,0
729986_FY2022_018,financial,12,13,0,1,0
729986_FY2022_019,financial,27,32,0,5,0
729986_FY2022_020,strategic,7,1,2,8,15
729986_FY2022_021,regulatory,16,1,0,26,10
729986_FY2022_022,financial,2,8,0,2,6
729986_FY2022_023,financial,2,10,0,8,0
729986_FY2022_024,financial,5,6,0,0,1
729986_FY2022_025,operational,9,0,11,2,0
729986_FY2022_026,regulatory,7,0,1,9,2
729986_FY2022_027,financial,1,2,0,1,1
729986_FY2022_028,regulatory,17,0,0,18,1
729986_FY2022_029,regulatory,11,8,0,19,3
729986_FY2022_030,financial,5,7,2,1,0
729986_FY2022_031,strategic,5,0,1,8,13
729986_FY2022_032,financial,13,33,1,20,8
729986_FY2023_000,regulatory,45,4,1,49,3
729986_FY2023_001,regulatory,26,3,0,29,0
729986_FY2023_002,regulatory,11,5,0,16,2
729986_FY2023_003,financial,4,12,0,8,0
729986_FY2023_004,financial,40,51,2,11,1
729986_FY2023_005,financial,27,28,1,1,0
729986_FY2023_006,financial,49,52,2,3,0
729986_FY2023_007,financial,37,38,0,1,0
729986_FY2023_008,operational,14,2,19,5,2
729986_FY2023_009,operational,32,0,35,1,3
729986_FY2023_010,financial,2,21,19,6,5
729986_FY2023_011,strategic,3,0,8,0,11
729986_FY2023_012,operational,7,1,15,3,8
729986_FY2023_013,financial,33,35,0,2,0
729986_FY2023_014,financial,12,17,0,5,0
729986_FY2023_015,strategic,7,5,0,1,12
729986_FY2023_016,financial,30,32,0,1,2
729986_FY2023_017,financial,4,4,0,0,0
729986_FY2023_018,financial,12,13,0,1,0
729986_FY2023_019,strategic,7,1,2,8,15
729986_FY2023_020,regulatory,16,1,0,26,10
729986_FY2023_021,financial,2,8,0,2,6
729986_FY2023_022,financial,2,10,0,8,0
729986_FY2023_023,financial,5,6,0,0,1
729986_FY2023_024,operational,9,0,11,2,0
729986_FY2023_025,regulatory,7,0,1,9,2
729986_FY2023_026,financial,1,2,0,1,1
729986_FY2023_027,regulatory,17,0,0,18,1
729986_FY2023_028,regulatory,11,8,0,19,3
729986_FY2023_029,financial,5,7,2,1,0
729986_FY2023_030,strategic,5,0,1,8,13
729986_FY2023_031,financial,13,33,1,20,8
729986_FY2024_000,regulatory,59,4,1,63,3
729986_FY2024_001,regulatory,26,3,0,29,0
729986_FY2024_002,regulatory,12,5,0,17,2
729986_FY2024_003,financial,4,12,0,8,0
729986_FY2024_004,financial,23,24,1,1,0
729986_FY2024_005,financial,49,51,2,2,0
729986_FY2024_006,financial,37,38,0,1,0
729986_FY2024_007,operational,18,2,23,5,2
729986_FY2024_008,operational,34,0,38,1,4
729986_FY2024_009,operational,12,2,17,5,5
729986_FY2024_010,strategic,3,0,8,0,11
729986_FY2024_011,operational,9,1,17,3,8
729986_FY2024_012,financial,31,37,0,6,0
729986_FY2024_013,financial,12,17,0,5,0
729986_FY2024_014,strategic,4,11,0,0,15
729986_FY2024_015,financial,30,32,0,1,2
729986_FY2024_016,financial,4,4,0,0,0
729986_FY2024_017,financial,12,13,0,1,0
729986_FY2024_018,strategic,11,1,2,8,19
729986_FY2024_019,regulatory,19,1,0,30,11
729986_FY2024_020,financial,2,8,0,2,6
729986_FY2024_021,financial,2,10,0,8,0
729986_FY2024_022,financial,4,5,0,1,1
729986_FY2024_023,operational,9,0,11,2,0
729986_FY2024_024,regulatory,7,0,1,9,2
729986_FY2024_025,financial,1,2,0,1,1
729986_FY2024_026,regulatory,17,0,0,18,1
729986_FY2024_027,regulatory,11,8,0,19,3
729986_FY2024_028,financial,22,26,4,2,0
729986_FY2024_029,financial,14,21,1,7,7
729986_FY2025_000,regulatory,61,4,1,65,3
729986_FY2025_001,regulatory,12,5,0,17,2
729986_FY2025_002,financial,4,12,0,8,0
729986_FY2025_003,financial,23,24,1,1,0
729986_FY2025_004,financial,49,51,2,2,0
729986_FY2025_005,financial,37,38,0,1,0
729986_FY2025_006,operational,19,2,24,5,2
729986_FY2025_007,operational,36,0,40,1,4
729986_FY2025_008,operational,12,1,17,2,5
729986_FY2025_009,strategic,1,0,3,0,4
729986_FY2025_010,strategic,3,0,8,0,11
729986_FY2025_011,operational,9,1,16,6,7
729986_FY2025_012,financial,31,37,0,6,0
729986_FY2025_013,financial,12,17,0,5,0
729986_FY2025_014,strategic,13,13,0,1,26
729986_FY2025_015,financial,30,32,0,1,2
729986_FY2025_016,financial,4,4,0,0,0
729986_FY2025_017,financial,12,13,0,1,0
729986_FY2025_018,strategic,12,1,2,8,20
729986_FY2025_019,regulatory,14,1,0,24,10
729986_FY2025_020,financial,2,8,0,2,6
729986_FY2025_021,financial,2,10,0,8,0
729986_FY2025_022,financial,4,5,0,1,1
729986_FY2025_023,operational,9,0,11,2,0
729986_FY2025_024,regulatory,7,0,1,9,2
729986_FY2025_025,financial,1,2,0,1,1
729986_FY2025_026,regulatory,17,0,0,18,1
729986_FY2025_027,regulatory,11,8,0,19,3
729986_FY2025_028,financial,22,26,4,2,0
729986_FY2025_029,regulatory,16,15,1,31,8
73124_FY2021_000,financial,4,9,3,5,5
73124_FY2021_001,financial,11,12,0,0,1
73124_FY2021_002,financial,26,27,0,1,0
73124_FY2021_003,regulatory,4,10,0,14,3
73124_FY2021_004,financial,5,6,0,0,1
73124_FY2021_005,financial,13,14,1,0,0
73124_FY2021_006,financial,4,4,0,0,0
73124_FY2021_007,financial,11,12,0,1,0
73124_FY2021_008,operational,24,0,26,2,0
73124_FY2021_009,operational,40,0,57,17,10
73124_FY2021_010,operational,1,0,1,0,0
73124_FY2021_011,strategic,1,0,5,2,6
73124_FY2021_012,operational,11,0,12,1,0
73124_FY2021_013,operational,3,1,4,1,0
73124_FY2021_014,operational,19,0,20,1,1
73124_FY2021_015,regulatory,31,1,6,37,4
73124_FY2021_016,strategic,2,1,0,0,3
73124_FY2021_017,financial,2,6,4,0,4
73124_FY2021_018,financial,15,15,0,0,0
73124_FY2021_019,financial,13,13,0,0,0
73124_FY2021_020,financial,0,3,0,3,2
73124_FY2021_021,financial,51,58,0,7,1
73124_FY2021_022,financial,9,18,0,9,0
73124_FY2021_023,financial,3,6,0,3,0
73124_FY2021_024,financial,0,2,0,1,2
73124_FY2021_025,financial,6,9,3,0,3
73124_FY2021_026,regulatory,26,2,0,28,1
73124_FY2021_027,regulatory,39,0,1,48,9
73124_FY2021_028,regulatory,10,0,0,11,1
73124_FY2021_029,regulatory,21,0,1,23,2
73124_FY2021_030,regulatory,2,0,0,2,0
73124_FY2021_031,regulatory,2,0,0,3,1
73124_FY2021_032,regulatory,3,0,0,4,1
73124_FY2021_033,operational,8,0,18,2,10
73124_FY2021_034,financial,6,10,0,3,4
73124_FY2021_035,strategic,10,0,3,7,17
73124_FY2021_036,strategic,15,1,1,2,17
73124_FY2021_037,strategic,7,0,6,2,13
73124_FY2021_038,strategic,16,0,4,0,20
73124_FY2021_039,strategic,5,0,0,0,5
73124_FY2021_040,regulatory,9,0,1,14,5
73124_FY2021_041,financial,2,3,0,1,1
73124_FY2021_042,regulatory,23,0,0,23,0
73124_FY2021_043,regulatory,10,0,0,10,0
73124_FY2021_044,financial,1,22,0,21,3
73124_FY2022_000,financial,1,2,1,1,1
73124_FY2022_001,financial,5,7,0,2,1
73124_FY2022_002,operational,9,1,10,0,1
73124_FY2022_003,financial,10,10,0,0,0
73124_FY2022_004,financial,5,5,0,0,0
73124_FY2022_005,regulatory,18,0,0,18,0
73124_FY2022_006,strategic,8,1,1,2,10
73124_FY2022_007,regulatory,6,1,2,8,0
73124_FY2022_008,financial,11,12,0,0,1
73124_FY2022_009,financial,25,26,0,1,0
73124_FY2022_010,regulatory,4,10,0,14,3
73124_FY2022_011,financial,4,11,0,7,1
73124_FY2022_012,financial,15,16,1,0,0
73124_FY2022_013,financial,4,4,0,0,0
73124_FY2022_014,financial,11,12,0,1,0
73124_FY2022_015,operational,26,0,28,2,0
73124_FY2022_016,operational,55,0,72,17,15
73124_FY2022_017,operational,2,0,2,0,0
73124_FY2022_018,strategic,1,0,6,2,7
73124_FY2022_019,operational,3,1,4,1,0
73124_FY2022_020,operational,19,0,20,1,1
73124_FY2022_021,regulatory,31,1,6,37,4
73124_FY2022_022,strategic,1,1,0,0,2
73124_FY2022_023,financial,6,13,4,7,4
73124_FY2022_024,financial,16,16,0,0,0
73124_FY2022_025,financial,13,13,0,0,0
73124_FY2022_026,financial,0,3,0,3,2
73124_FY2022_027,financial,59,70,1,11,1
73124_FY2022_028,financial,9,18,0,9,0
73124_FY2022_029,financial,3,6,0,3,0
73124_FY2022_030,financial,0,2,0,1,2
73124_FY2022_031,financial,6,9,3,0,3
73124_FY2022_032,regulatory,26,2,0,28,1
73124_FY2022_033,regulatory,40,0,1,49,9
73124_FY2022_034,regulatory,10,0,0,11,1
73124_FY2022_035,regulatory,21,0,0,23,2
73124_FY2022_036,regulatory,2,0,0,2,0
73124_FY2022_037,regulatory,4,0,0,6,2
73124_FY2022_038,regulatory,3,0,0,4,1
73124_FY2022_039,operational,8,0,18,2,10
73124_FY2022_040,financial,1,14,1,13,9
73124_FY2022_041,strategic,10,0,3,7,17
73124_FY2022_042,strategic,15,1,1,2,17
73124_FY2022_043,strategic,7,0,6,2,13
73124_FY2022_044,strategic,16,0,4,0,20
73124_FY2022_045,strategic,5,0,0,0,5
73124_FY2022_046,regulatory,9,0,1,14,5
73124_FY2022_047,financial,2,3,0,1,1
73124_FY2022_048,operational,13,0,14,1,0
73124_FY2022_049,regulatory,23,0,0,23,0
73124_FY2022_050,regulatory,9,0,0,9,0
73124_FY2022_051,financial,0,23,0,23,3
73124_FY2023_000,financial,1,2,1,1,1
73124_FY2023_001,financial,5,7,0,2,1
73124_FY2023_002,operational,13,1,14,0,1
73124_FY2023_003,financial,8,8,0,0,0
73124_FY2023_004,financial,5,5,0,0,0
73124_FY2023_005,regulatory,25,0,1,26,0
73124_FY2023_006,strategic,8,1,1,2,10
73124_FY2023_007,regulatory,6,1,2,8,0
73124_FY2023_008,financial,11,12,0,0,1
73124_FY2023_009,financial,25,26,0,1,0
73124_FY2023_010,regulatory,2,10,0,12,3
73124_FY2023_011,financial,6,15,0,9,2
73124_FY2023_012,financial,17,18,1,0,0
73124_FY2023_013,financial,4,4,0,0,0
73124_FY2023_014,financial,11,12,0,1,0
73124_FY2023_015,operational,29,0,31,2,0
73124_FY2023_016,operational,15,0,21,2,6
73124_FY2023_017,operational,60,0,73,8,13
73124_FY2023_018,operational,3,0,3,0,0
73124_FY2023_019,operational,0,0,7,2,7
73124_FY2023_020,operational,3,1,4,1,0
73124_FY2023_021,operational,19,0,20,1,1
73124_FY2023_022,regulatory,31,1,6,37,4
73124_FY2023_023,strategic,1,1,0,0,2
73124_FY2023_024,financial,3,13,4,10,4
73124_FY2023_025,financial,17,17,0,0,0
73124_FY2023_026,financial,14,14,0,0,0
73124_FY2023_027,financial,0,3,0,3,2
73124_FY2023_028,financial,12,21,0,9,1
73124_FY2023_029,financial,3,6,0,3,0
73124_FY2023_030,financial,4,6,0,2,2
73124_FY2023_031,financial,6,9,3,0,3
73124_FY2023_032,regulatory,27,1,1,28,1
73124_FY2023_033,regulatory,64,4,1,74,10
73124_FY2023_034,regulatory,53,0,22,75,5
73124_FY2023_035,regulatory,13,0,0,14,1
73124_FY2023_036,regulatory,34,0,0,36,2
73124_FY2023_037,regulatory,2,0,0,2,0
73124_FY2023_038,regulatory,17,0,0,17,0
73124_FY2023_039,regulatory,3,0,0,4,1
73124_FY2023_040,operational,10,0,19,4,9
73124_FY2023_041,strategic,9,0,3,7,16
73124_FY2023_042,strategic,15,1,1,2,17
73124_FY2023_043,strategic,18,0,5,3,23
73124_FY2023_044,strategic,16,0,3,0,19
73124_FY2023_045,strategic,5,0,0,0,5
73124_FY2023_046,regulatory,9,0,1,14,5
73124_FY2023_047,financial,2,3,0,1,1
73124_FY2023_048,financial,3,14,0,11,9
73124_FY2023_049,operational,14,1,15,1,0
73124_FY2023_050,regulatory,23,0,0,23,0
73124_FY2023_051,regulatory,9,0,0,9,0
73124_FY2023_052,financial,1,23,0,22,3
73124_FY2024_000,financial,1,2,1,1,1
73124_FY2024_001,financial,7,9,0,2,1
73124_FY2024_002,operational,13,1,14,0,1
73124_FY2024_003,financial,8,8,0,0,0
73124_FY2024_004,financial,5,5,0,0,0
73124_FY2024_005,regulatory,25,0,1,26,0
73124_FY2024_006,strategic,8,1,1,2,10
73124_FY2024_007,regulatory,6,1,2,8,0
73124_FY2024_008,financial,11,12,0,0,1
73124_FY2024_009,financial,25,26,0,1,0
73124_FY2024_010,regulatory,3,10,0,13,3
73124_FY2024_011,financial,4,15,0,11,3
73124_FY2024_012,financial,18,19,1,0,0
73124_FY2024_013,financial,21,22,0,1,0
73124_FY2024_014,operational,29,0,31,2,0
73124_FY2024_015,operational,14,0,21,2,7
73124_FY2024_016,operational,60,0,73,8,13
73124_FY2024_017,operational,3,0,3,0,0
73124_FY2024_018,operational,0,0,7,2,7
73124_FY2024_019,operational,3,1,4,1,0
73124_FY2024_020,operational,19,0,20,1,1
73124_FY2024_021,regulatory,31,1,6,37,4
73124_FY2024_022,strategic,1,1,0,0,2
73124_FY2024_023,financial,3,13,4,10,4
73124_FY2024_024,financial,17,17,0,0,0
73124_FY2024_025,financial,14,14,0,0,0
73124_FY2024_026,financial,0,3,0,3,2
73124_FY2024_027,financial,12,21,0,9,1
73124_FY2024_028,financial,3,6,0,3,0
73124_FY2024_029,financial,4,6,0,2,2
73124_FY2024_030,financial,6,9,3,0,3
73124_FY2024_031,regulatory,27,1,1,28,1
73124_FY2024_032,regulatory,83,4,1,93,10
73124_FY2024_033,regulatory,53,0,22,75,5
73124_FY2024_034,regulatory,13,0,0,14,1
73124_FY2024_035,regulatory,38,0,0,40,2
73124_FY2024_036,regulatory,2,0,0,2,0
73124_FY2024_037,regulatory,17,0,0,17,0
73124_FY2024_038,regulatory,3,0,0,4,1
73124_FY2024_039,operational,10,0,19,4,9
73124_FY2024_040,strategic,9,0,3,7,16
73124_FY2024_041,strategic,15,1,1,2,17
73124_FY2024_042,strategic,18,0,5,3,23
73124_FY2024_043,strategic,17,0,2,0,19
73124_FY2024_044,strategic,5,0,0,0,5
73124_FY2024_045,regulatory,9,0,1,14,5
73124_FY2024_046,financial,2,3,0,1,1
73124_FY2024_047,financial,4,18,0,12,14
73124_FY2024_048,operational,11,1,20,4,9
73124_FY2024_049,regulatory,23,0,0,23,0
73124_FY2024_050,regulatory,9,0,0,9,0
73124_FY2024_051,financial,1,23,0,22,3
73124_FY2025_000,financial,1,2,1,1,1
73124_FY2025_001,financial,7,9,0,2,1
73124_FY2025_002,operational,13,1,14,0,1
73124_FY2025_003,financial,8,8,0,0,0
73124_FY2025_004,financial,5,5,0,0,0
73124_FY2025_005,regulatory,25,0,1,26,0
73124_FY2025_006,strategic,8,1,1,2,10
73124_FY2025_007,regulatory,6,1,2,8,0
73124_FY2025_008,financial,11,12,0,0,1
73124_FY2025_009,financial,25,26,0,1,0
73124_FY2025_010,regulatory,3,10,0,13,3
73124_FY2025_011,financial,4,15,0,11,2
73124_FY2025_012,financial,17,18,1,0,0
73124_FY2025_013,financial,21,22,0,1,0
73124_FY2025_014,operational,29,0,31,2,0
73124_FY2025_015,operational,14,0,21,2,7
73124_FY2025_016,operational,60,0,73,8,13
73124_FY2025_017,operational,3,0,3,0,0
73124_FY2025_018,operational,0,0,7,2,7
73124_FY2025_019,operational,3,1,4,1,0
73124_FY2025_020,operational,19,0,20,1,1
73124_FY2025_021,regulatory,31,1,6,37,4
73124_FY2025_022,strategic,1,1,0,0,2
73124_FY2025_023,financial,5,13,4,8,4
73124_FY2025_024,financial,17,17,0,0,0
73124_FY2025_025,financial,14,14,0,0,0
73124_FY2025_026,financial,0,3,0,3,2
73124_FY2025_027,financial,12,21,0,9,1
73124_FY2025_028,financial,3,6,0,3,0
73124_FY2025_029,financial,4,6,0,2,2
73124_FY2025_030,financial,6,9,3,0,3
73124_FY2025_031,regulatory,27,1,1,28,1
73124_FY2025_032,regulatory,82,1,1,93,11
73124_FY2025_033,regulatory,39,0,18,57,5
73124_FY2025_034,regulatory,13,0,0,14,1
73124_FY2025_035,regulatory,38,0,0,40,2
73124_FY2025_036,regulatory,2,0,0,2,0
73124_FY2025_037,regulatory,15,0,0,15,0
73124_FY2025_038,regulatory,3,0,0,4,1
73124_FY2025_039,operational,10,0,19,4,9
73124_FY2025_040,strategic,9,0,3,7,16
73124_FY2025_041,strategic,15,1,1,2,17
73124_FY2025_042,strategic,18,0,5,3,23
73124_FY2025_043,strategic,23,0,2,2,25
73124_FY2025_044,strategic,5,0,0,0,5
73124_FY2025_045,regulatory,9,0,1,14,5
73124_FY2025_046,financial,2,3,0,1,1
73124_FY2025_047,financial,4,16,1,11,12
73124_FY2025_048,operational,14,1,23,4,9
73124_FY2025_049,regulatory,23,0,0,23,0
73124_FY2025_050,regulatory,9,0,0,9,0
73124_FY2025_051,financial,1,23,0,22,3
750577_FY2021_000,financial,65,102,32,37,15
750577_FY2021_001,financial,17,17,0,0,0
750577_FY2021_002,financial,23,26,0,3,1
750577_FY2021_003,financial,43,47,0,0,4
750577_FY2021_004,financial,27,40,0,13,3
750577_FY2021_005,regulatory,1,0,0,1,0
750577_FY2021_006,financial,8,8,0,0,0
750577_FY2021_007,financial,41,42,0,1,1
750577_FY2021_008,regulatory,6,8,0,14,1
750577_FY2021_009,regulatory,3,1,0,9,6
750577_FY2021_010,financial,13,15,0,2,1
750577_FY2021_011,financial,24,25,0,1,0
750577_FY2021_012,financial,41,43,0,2,0
750577_FY2021_013,financial,0,2,0,1,2
750577_FY2021_014,financial,22,23,1,0,0
750577_FY2021_015,operational,7,4,19,6,12
750577_FY2021_016,operational,42,0,52,7,10
750577_FY2021_017,operational,13,0,16,1,3
750577_FY2021_018,strategic,4,0,5,3,9
750577_FY2021_019,financial,3,3,0,0,0
750577_FY2021_020,financial,3,8,0,2,5
750577_FY2021_021,strategic,31,9,4,2,40
750577_FY2021_022,strategic,14,0,1,2,16
750577_FY2021_023,strategic,10,2,0,0,12
750577_FY2021_024,strategic,30,2,5,22,52
750577_FY2021_025,strategic,3,0,0,0,3
750577_FY2021_026,regulatory,39,3,1,42,3
750577_FY2021_027,regulatory,9,5,0,14,5
750577_FY2021_028,financial,4,4,0,0,0
750577_FY2021_029,financial,13,15,0,2,0
750577_FY2021_030,strategic,3,2,4,6,9
750577_FY2021_031,financial,7,10,0,3,0
750577_FY2021_032,financial,8,8,0,0,0
750577_FY2021_033,operational,3,0,5,0,2
750577_FY2021_034,financial,10,12,0,2,1
750577_FY2021_035,regulatory,6,8,0,14,0
750577_FY2021_036,strategic,6,1,1,4,10
750577_FY2021_037,regulatory,4,0,0,4,0
750577_FY2022_000,financial,27,33,1,6,2
750577_FY2022_001,financial,17,19,0,2,0
750577_FY2022_002,financial,26,29,0,3,2
750577_FY2022_003,financial,48,54,0,0,6
750577_FY2022_004,financial,23,34,0,11,3
750577_FY2022_005,regulatory,1,0,0,1,0
750577_FY2022_006,financial,8,8,0,0,0
750577_FY2022_007,financial,35,38,0,3,1
750577_FY2022_008,regulatory,3,13,0,16,1
750577_FY2022_009,regulatory,4,1,0,9,5
750577_FY2022_010,financial,13,15,0,2,1
750577_FY2022_011,financial,27,29,0,1,2
750577_FY2022_012,financial,35,39,4,1,0
750577_FY2022_013,financial,0,2,0,1,2
750577_FY2022_014,financial,22,23,1,0,0
750577_FY2022_015,operational,7,4,19,6,12
750577_FY2022_016,operational,42,0,52,7,10
750577_FY2022_017,operational,13,0,16,1,3
750577_FY2022_018,strategic,4,0,5,3,9
750577_FY2022_019,financial,3,3,0,0,0
750577_FY2022_020,financial,3,8,0,2,5
750577_FY2022_021,strategic,33,8,4,2,41
750577_FY2022_022,strategic,14,0,1,2,16
750577_FY2022_023,strategic,10,2,0,0,12
750577_FY2022_024,strategic,30,2,5,22,52
750577_FY2022_025,strategic,3,0,0,0,3
750577_FY2022_026,regulatory,39,3,1,42,3
750577_FY2022_027,regulatory,9,5,0,14,5
750577_FY2022_028,financial,4,4,0,0,0
750577_FY2022_029,financial,13,15,0,2,0
750577_FY2022_030,strategic,3,2,4,6,9
750577_FY2022_031,financial,7,10,0,3,0
750577_FY2022_032,operational,3,0,5,0,2
750577_FY2022_033,financial,10,12,0,2,1
750577_FY2022_034,strategic,2,10,2,21,23
750577_FY2022_035,strategic,6,1,1,4,10
750577_FY2022_036,regulatory,4,0,0,4,0
750577_FY2023_000,financial,26,32,1,6,2
750577_FY2023_001,financial,17,19,0,2,0
750577_FY2023_002,financial,28,31,0,3,2
750577_FY2023_003,financial,52,58,0,0,6
750577_FY2023_004,financial,34,44,0,10,2
750577_FY2023_005,regulatory,1,0,0,1,0
750577_FY2023_006,financial,19,22,0,2,3
750577_FY2023_007,regulatory,4,13,0,17,1
750577_FY2023_008,regulatory,4,1,0,9,5
750577_FY2023_009,financial,13,15,0,2,1
750577_FY2023_010,financial,27,29,0,1,2
750577_FY2023_011,financial,32,36,4,1,0
750577_FY2023_012,financial,0,2,0,1,2
750577_FY2023_013,financial,22,23,1,0,0
750577_FY2023_014,operational,7,4,19,6,12
750577_FY2023_015,operational,42,0,52,7,10
750577_FY2023_016,operational,8,0,10,1,2
750577_FY2023_017,operational,13,0,16,1,3
750577_FY2023_018,strategic,4,0,5,3,9
750577_FY2023_019,financial,3,8,0,2,5
750577_FY2023_020,strategic,27,11,4,2,38
750577_FY2023_021,strategic,14,0,1,2,16
750577_FY2023_022,strategic,10,2,0,0,12
750577_FY2023_023,strategic,30,2,5,22,52
750577_FY2023_024,strategic,3,0,0,0,3
750577_FY2023_025,regulatory,39,3,1,42,3
750577_FY2023_026,regulatory,9,5,0,14,5
750577_FY2023_027,financial,4,4,0,0,0
750577_FY2023_028,financial,13,15,0,2,0
750577_FY2023_029,strategic,3,2,4,6,9
750577_FY2023_030,financial,7,10,0,3,0
750577_FY2023_031,operational,3,0,5,0,2
750577_FY2023_032,financial,11,13,0,2,1
750577_FY2023_033,strategic,2,10,2,21,23
750577_FY2023_034,strategic,6,1,1,4,10
750577_FY2023_035,regulatory,4,0,0,4,0
750577_FY2024_000,financial,21,32,1,11,2
750577_FY2024_001,financial,17,19,0,2,0
750577_FY2024_002,financial,28,31,0,3,2
750577_FY2024_003,financial,52,58,0,0,6
750577_FY2024_004,financial,36,48,0,12,2
750577_FY2024_005,regulatory,1,0,0,1,0
750577_FY2024_006,financial,19,22,0,2,3
750577_FY2024_007,regulatory,7,8,0,15,1
750577_FY2024_008,regulatory,1,1,0,9,8
750577_FY2024_009,financial,13,15,0,2,1
750577_FY2024_010,regulatory,2,0,0,2,0
750577_FY2024_011,financial,27,29,0,1,2
750577_FY2024_012,financial,32,36,4,1,0
750577_FY2024_013,financial,0,2,0,1,2
750577_FY2024_014,financial,22,23,1,0,0
750577_FY2024_015,operational,7,4,19,6,12
750577_FY2024_016,operational,42,0,52,7,10
750577_FY2024_017,operational,8,0,10,1,2
750577_FY2024_018,operational,3,0,14,11,2
750577_FY2024_019,operational,13,0,16,1,3
750577_FY2024_020,strategic,4,0,5,3,9
750577_FY2024_021,operational,13,0,15,0,2
750577_FY2024_022,financial,4,8,0,2,4
750577_FY2024_023,strategic,27,11,4,2,38
750577_FY2024_024,strategic,14,0,1,2,16
750577_FY2024_025,strategic,10,2,0,0,12
750577_FY2024_026,strategic,31,2,5,22,53
750577_FY2024_027,strategic,3,0,0,0,3
750577_FY2024_028,regulatory,39,3,1,42,3
750577_FY2024_029,regulatory,15,5,2,20,5
750577_FY2024_030,financial,4,4,0,0,0
750577_FY2024_031,financial,13,15,0,2,0
750577_FY2024_032,strategic,3,2,4,6,9
750577_FY2024_033,financial,7,10,0,3,0
750577_FY2024_034,operational,3,0,5,0,2
750577_FY2024_035,financial,8,10,0,2,1
750577_FY2024_036,strategic,4,7,2,21,25
750577_FY2024_037,strategic,6,1,1,4,10
750577_FY2024_038,regulatory,4,0,0,4,0
750577_FY2025_000,financial,26,34,1,8,3
750577_FY2025_001,financial,18,20,1,2,1
750577_FY2025_002,financial,28,31,0,3,2
750577_FY2025_003,financial,52,58,0,0,6
750577_FY2025_004,financial,35,48,0,13,3
750577_FY2025_005,financial,0,5,2,5,2
750577_FY2025_006,financial,22,25,0,3,3
750577_FY2025_007,regulatory,11,8,0,19,1
750577_FY2025_008,regulatory,2,9,0,11,9
750577_FY2025_009,financial,13,15,0,2,1
750577_FY2025_010,regulatory,2,0,0,2,0
750577_FY2025_011,financial,27,29,0,1,2
750577_FY2025_012,financial,32,36,4,1,0
750577_FY2025_013,financial,0,2,0,1,2
750577_FY2025_014,financial,22,23,1,0,0
750577_FY2025_015,operational,7,4,19,6,12
750577_FY2025_016,operational,45,0,55,9,10
750577_FY2025_017,operational,7,0,10,1,3
750577_FY2025_018,operational,2,1,24,22,7
750577_FY2025_019,operational,13,0,16,1,3
750577_FY2025_020,strategic,3,0,6,7,10
750577_FY2025_021,operational,15,0,17,0,2
750577_FY2025_022,financial,4,8,0,2,4
750577_FY2025_023,strategic,28,11,4,2,39
750577_FY2025_024,strategic,14,0,1,2,16
750577_FY2025_025,strategic,11,2,1,1,13
750577_FY2025_026,strategic,31,2,5,22,53
750577_FY2025_027,strategic,3,0,0,0,3
750577_FY2025_028,regulatory,40,3,5,45,5
750577_FY2025_029,regulatory,13,2,3,21,8
750577_FY2025_030,financial,4,4,0,0,0
750577_FY2025_031,financial,13,15,0,2,0
750577_FY2025_032,strategic,3,2,4,6,9
750577_FY2025_033,financial,7,10,0,3,0
750577_FY2025_034,operational,3,0,5,0,2
750577_FY2025_035,financial,9,13,0,4,1
750577_FY2025_036,regulatory,5,0,0,12,7
750577_FY2025_037,strategic,8,1,1,4,12
750577_FY2025_038,regulatory,4,0,0,4,0
759944_FY2021_000,regulatory,5,10,6,15,5
759944_FY2021_001,strategic,18,0,1,0,19
759944_FY2021_002,regulatory,18,0,0,22,4
759944_FY2021_003,financial,32,37,0,5,1
759944_FY2021_004,financial,16,19,0,3,0
759944_FY2021_005,operational,8,0,19,2,11
759944_FY2021_006,financial,27,34,0,0,7
759944_FY2021_007,financial,6,6,0,0,0
759944_FY2021_008,financial,11,11,0,0,0
759944_FY2021_009,financial,9,10,1,1,0
759944_FY2021_010,regulatory,5,0,0,5,0
759944_FY2021_011,financial,17,18,0,0,1
759944_FY2021_012,operational,8,6,14,5,1
759944_FY2021_013,financial,24,25,0,1,0
759944_FY2021_014,operational,8,0,18,10,1
759944_FY2021_015,strategic,1,0,6,11,12
759944_FY2021_016,operational,49,0,59,10,3
759944_FY2021_017,operational,11,2,16,5,2
759944_FY2021_018,operational,7,3,10,0,3
759944_FY2021_019,strategic,17,0,1,2,19
759944_FY2021_020,operational,7,0,8,1,0
759944_FY2021_021,financial,12,12,0,0,0
759944_FY2021_022,strategic,8,8,0,5,16
759944_FY2021_023,financial,12,12,0,0,0
759944_FY2021_024,regulatory,29,3,0,32,2
759944_FY2021_025,regulatory,8,0,1,9,0
759944_FY2021_026,regulatory,46,4,3,51,5
759944_FY2021_027,regulatory,4,5,0,9,0
759944_FY2021_028,financial,0,2,0,2,0
759944_FY2021_029,financial,6,13,0,7,0
759944_FY2021_030,regulatory,18,0,0,18,0
759944_FY2021_031,regulatory,3,5,0,8,0
759944_FY2021_032,regulatory,18,0,0,20,2
759944_FY2021_033,financial,2,7,1,5,5
759944_FY2021_034,financial,6,12,0,6,0
759944_FY2021_035,regulatory,8,1,4,12,4
759944_FY2021_036,strategic,5,0,2,0,7
759944_FY2021_037,strategic,4,0,0,7,11
759944_FY2021_038,strategic,17,0,6,0,23
759944_FY2021_039,strategic,9,0,0,2,11
759944_FY2021_040,regulatory,3,1,0,10,7
759944_FY2022_000,strategic,19,0,1,0,20
759944_FY2022_001,regulatory,18,0,0,22,4
759944_FY2022_002,financial,24,25,1,0,1
759944_FY2022_003,financial,32,37,0,5,1
759944_FY2022_004,financial,32,37,0,5,0
759944_FY2022_005,operational,9,0,22,2,13
759944_FY2022_006,financial,27,34,0,0,7
759944_FY2022_007,financial,6,6,0,0,0
759944_FY2022_008,financial,11,11,0,0,0
759944_FY2022_009,financial,9,10,1,1,0
759944_FY2022_010,regulatory,5,0,0,5,0
759944_FY2022_011,financial,17,18,0,0,1
759944_FY2022_012,operational,8,6,14,5,1
759944_FY2022_013,financial,24,25,0,1,0
759944_FY2022_014,operational,8,0,18,10,1
759944_FY2022_015,strategic,1,0,6,11,12
759944_FY2022_016,operational,54,0,65,11,3
759944_FY2022_017,operational,11,2,16,5,2
759944_FY2022_018,operational,9,3,12,0,3
759944_FY2022_019,strategic,17,0,1,2,19
759944_FY2022_020,financial,8,11,3,3,3
759944_FY2022_021,financial,1,3,2,1,1
759944_FY2022_022,financial,12,12,0,0,0
759944_FY2022_023,strategic,11,8,0,5,19
759944_FY2022_024,financial,3,10,1,7,5
759944_FY2022_025,financial,12,12,0,0,0
759944_FY2022_026,regulatory,29,3,0,32,2
759944_FY2022_027,regulatory,8,0,1,9,0
759944_FY2022_028,regulatory,45,3,3,50,5
759944_FY2022_029,regulatory,4,5,0,9,0
759944_FY2022_030,financial,0,2,0,2,0
759944_FY2022_031,financial,6,13,0,7,0
759944_FY2022_032,regulatory,18,0,0,18,0
759944_FY2022_033,regulatory,3,5,0,8,0
759944_FY2022_034,regulatory,18,0,0,20,2
759944_FY2022_035,financial,2,7,1,5,5
759944_FY2022_036,financial,5,11,0,6,0
759944_FY2022_037,regulatory,8,1,4,12,4
759944_FY2023_000,strategic,17,0,0,0,17
759944_FY2023_001,regulatory,16,0,0,20,4
759944_FY2023_002,financial,20,21,1,0,1
759944_FY2023_003,financial,30,31,0,0,1
759944_FY2023_004,financial,50,53,0,3,0
759944_FY2023_005,operational,8,0,17,2,9
759944_FY2023_006,financial,7,7,0,0,0
759944_FY2023_007,financial,36,36,0,0,0
759944_FY2023_008,financial,9,10,1,1,0
759944_FY2023_009,regulatory,4,0,0,4,0
759944_FY2023_010,operational,7,6,13,5,1
759944_FY2023_011,financial,2,2,0,0,0
759944_FY2023_012,operational,8,0,18,10,1
759944_FY2023_013,regulatory,5,0,6,11,5
759944_FY2023_014,operational,62,0,70,8,1
759944_FY2023_015,operational,9,2,14,5,2
759944_FY2023_016,operational,6,0,8,0,2
759944_FY2023_017,strategic,17,0,1,2,19
759944_FY2023_018,financial,7,9,2,1,2
759944_FY2023_019,financial,1,3,2,0,1
759944_FY2023_020,financial,12,12,0,0,0
759944_FY2023_021,strategic,11,8,0,4,19
759944_FY2023_022,financial,2,10,1,8,5
759944_FY2023_023,financial,13,13,0,0,0
759944_FY2023_024,regulatory,30,4,0,34,4
759944_FY2023_025,regulatory,8,0,1,9,0
759944_FY2023_026,regulatory,43,3,3,48,5
759944_FY2023_027,regulatory,4,5,0,9,0
759944_FY2023_028,financial,0,2,0,2,0
759944_FY2023_029,financial,6,13,0,7,0
759944_FY2023_030,regulatory,18,0,0,18,0
759944_FY2023_031,regulatory,4,5,0,9,0
759944_FY2023_032,regulatory,18,0,0,20,2
759944_FY2023_033,financial,2,7,1,5,5
759944_FY2023_034,financial,4,11,0,7,0
759944_FY2023_035,regulatory,8,1,4,12,4
759944_FY2024_000,strategic,16,0,0,0,16
759944_FY2024_001,regulatory,18,0,0,22,4
759944_FY2024_002,financial,7,8,1,0,1
759944_FY2024_003,financial,28,29,0,0,1
759944_FY2024_004,financial,50,53,0,3,0
759944_FY2024_005,operational,8,0,17,2,9
759944_FY2024_006,financial,7,7,0,0,0
759944_FY2024_007,financial,36,36,0,0,0
759944_FY2024_008,financial,9,10,1,0,0
759944_FY2024_009,regulatory,1,0,0,1,0
759944_FY2024_010,operational,6,6,12,6,1
759944_FY2024_011,financial,2,2,0,0,0
759944_FY2024_012,operational,8,0,19,11,1
759944_FY2024_013,regulatory,4,0,7,11,5
759944_FY2024_014,operational,63,0,68,5,1
759944_FY2024_015,operational,9,2,14,5,2
759944_FY2024_016,operational,6,0,8,0,2
759944_FY2024_017,strategic,17,0,1,2,19
759944_FY2024_018,financial,5,7,2,1,1
759944_FY2024_019,financial,1,3,2,0,1
759944_FY2024_020,financial,12,12,0,0,0
759944_FY2024_021,strategic,11,8,1,4,19
759944_FY2024_022,regulatory,1,11,1,12,5
759944_FY2024_023,financial,11,11,0,0,0
759944_FY2024_024,regulatory,30,4,0,34,4
759944_FY2024_025,regulatory,8,0,1,9,0
759944_FY2024_026,regulatory,54,3,3,59,5
759944_FY2024_027,regulatory,4,4,0,8,0
759944_FY2024_028,financial,0,2,0,2,0
759944_FY2024_029,financial,7,13,0,6,0
759944_FY2024_030,regulatory,18,0,0,18,0
759944_FY2024_031,regulatory,4,5,0,9,0
759944_FY2024_032,regulatory,18,0,0,20,2
759944_FY2024_033,financial,2,7,1,5,5
759944_FY2024_034,financial,5,11,0,6,0
759944_FY2024_035,regulatory,8,1,4,12,4
759944_FY2025_000,strategic,13,0,0,0,13
759944_FY2025_001,regulatory,18,0,0,22,4
759944_FY2025_002,financial,8,9,1,0,1
759944_FY2025_003,financial,28,29,0,0,1
759944_FY2025_004,financial,49,52,0,3,0
759944_FY2025_005,operational,8,0,17,1,9
759944_FY2025_006,financial,7,7,0,0,0
759944_FY2025_007,financial,36,36,0,0,0
759944_FY2025_008,financial,9,10,1,0,0
759944_FY2025_009,regulatory,1,0,0,1,0
759944_FY2025_010,operational,6,6,12,6,1
759944_FY2025_011,financial,2,2,0,0,0
759944_FY2025_012,operational,8,0,19,11,1
759944_FY2025_013,regulatory,4,0,7,11,5
759944_FY2025_014,operational,62,0,67,5,1
759944_FY2025_015,operational,8,2,13,5,2
759944_FY2025_016,operational,6,0,8,0,2
759944_FY2025_017,strategic,16,0,1,2,18
759944_FY2025_018,financial,5,7,2,1,1
759944_FY2025_019,financial,1,3,2,0,1
759944_FY2025_020,financial,9,11,0,2,0
759944_FY2025_021,regulatory,1,11,1,12,5
759944_FY2025_022,strategic,11,8,1,4,19
759944_FY2025_023,financial,10,10,0,0,0
759944_FY2025_024,regulatory,30,4,0,34,4
759944_FY2025_025,regulatory,8,0,1,9,0
759944_FY2025_026,regulatory,42,2,3,47,5
759944_FY2025_027,regulatory,4,4,0,8,0
759944_FY2025_028,financial,1,2,0,1,0
759944_FY2025_029,financial,7,13,0,6,0
759944_FY2025_030,regulatory,18,0,0,18,0
759944_FY2025_031,regulatory,4,5,0,9,0
759944_FY2025_032,regulatory,18,0,0,20,2
759944_FY2025_033,financial,2,7,1,5,5
759944_FY2025_034,financial,5,11,0,6,0
759944_FY2025_035,regulatory,8,1,4,12,4
763901_FY2021_000,financial,17,21,0,4,2
763901_FY2021_001,financial,37,37,0,0,0
763901_FY2021_002,regulatory,4,42,3,46,0
763901_FY2021_003,regulatory,31,3,0,34,2
763901_FY2021_004,financial,31,31,0,0,0
763901_FY2021_005,financial,18,24,2,6,0
763901_FY2021_006,financial,13,16,0,3,1
763901_FY2021_007,regulatory,6,5,0,11,0
763901_FY2021_008,financial,43,53,0,10,1
763901_FY2021_009,financial,9,9,0,0,0
763901_FY2021_010,regulatory,13,1,4,18,5
763901_FY2021_011,financial,12,12,0,0,0
763901_FY2021_012,regulatory,23,0,0,24,1
763901_FY2021_013,regulatory,71,0,7,82,11
763901_FY2021_014,operational,79,0,98,12,19
763901_FY2021_015,operational,6,18,24,7,11
763901_FY2021_016,financial,7,22,2,9,15
763901_FY2021_017,operational,23,0,29,4,6
763901_FY2021_018,strategic,21,1,2,3,24
763901_FY2021_019,operational,2,1,5,3,2
763901_FY2021_020,regulatory,2,0,0,5,3
763901_FY2021_021,strategic,6,1,6,2,12
763901_FY2021_022,financial,8,12,0,4,0
763901_FY2021_023,strategic,1,0,0,0,1
763901_FY2022_000,financial,20,23,1,2,3
763901_FY2022_001,financial,63,69,1,6,1
763901_FY2022_002,financial,10,17,1,7,0
763901_FY2022_003,financial,8,8,0,0,0
763901_FY2022_004,financial,14,28,1,14,0
763901_FY2022_005,financial,32,32,0,0,0
763901_FY2022_006,financial,41,42,1,0,0
763901_FY2022_007,financial,25,30,0,5,0
763901_FY2022_008,financial,42,44,0,2,2
763901_FY2022_009,operational,91,0,108,17,17
763901_FY2022_010,strategic,2,5,1,3,7
763901_FY2022_011,financial,6,9,0,3,1
763901_FY2022_012,operational,31,0,35,3,4
763901_FY2022_013,operational,3,0,5,0,2
763901_FY2022_014,strategic,14,1,3,0,17
763901_FY2022_015,regulatory,38,10,1,48,2
763901_FY2022_016,regulatory,48,6,0,54,2
763901_FY2022_017,regulatory,78,0,13,91,3
763901_FY2022_018,regulatory,25,1,0,26,1
763901_FY2022_019,regulatory,6,6,0,12,0
763901_FY2022_020,regulatory,2,0,0,10,8
763901_FY2022_021,financial,20,22,0,2,0
763901_FY2022_022,financial,21,25,0,4,0
763901_FY2022_023,financial,10,23,2,8,13
763901_FY2022_024,strategic,12,0,1,0,13
763901_FY2022_025,strategic,10,9,1,0,19
763901_FY2022_026,strategic,19,0,2,2,21
763901_FY2022_027,operational,6,0,14,3,8
763901_FY2022_028,financial,10,10,0,0,0
763901_FY2022_029,financial,5,6,0,1,0
763901_FY2023_000,financial,25,27,1,2,2
763901_FY2023_001,financial,51,55,0,4,1
763901_FY2023_002,financial,8,8,0,0,0
763901_FY2023_003,financial,14,28,1,14,0
763901_FY2023_004,financial,32,32,0,0,0
763901_FY2023_005,financial,41,42,1,0,0
763901_FY2023_006,financial,25,30,0,5,0
763901_FY2023_007,financial,51,56,0,5,2
763901_FY2023_008,operational,95,0,112,17,15
763901_FY2023_009,strategic,2,5,1,3,7
763901_FY2023_010,financial,9,12,0,3,1
763901_FY2023_011,operational,34,0,37,3,3
763901_FY2023_012,operational,3,0,5,0,2
763901_FY2023_013,regulatory,50,10,2,60,4
763901_FY2023_014,regulatory,61,6,0,67,2
763901_FY2023_015,regulatory,75,0,13,88,3
763901_FY2023_016,regulatory,21,1,0,22,1
763901_FY2023_017,regulatory,9,7,0,16,0
763901_FY2023_018,regulatory,2,0,0,10,8
763901_FY2023_019,financial,59,67,0,8,6
763901_FY2023_020,financial,20,24,0,4,0
763901_FY2023_021,financial,10,23,2,8,13
763901_FY2023_022,strategic,12,0,1,0,13
763901_FY2023_023,strategic,10,9,1,0,19
763901_FY2023_024,strategic,26,0,2,2,28
763901_FY2023_025,operational,6,0,14,3,8
763901_FY2023_026,financial,10,10,0,0,0
763901_FY2023_027,financial,5,6,0,1,0
763901_FY2024_000,financial,26,30,0,4,2
763901_FY2024_001,financial,35,38,0,3,0
763901_FY2024_002,financial,8,8,0,0,0
763901_FY2024_003,financial,15,29,1,14,0
763901_FY2024_004,financial,32,32,0,0,0
763901_FY2024_005,financial,25,30,0,5,0
763901_FY2024_006,financial,57,63,0,6,2
763901_FY2024_007,operational,82,0,97,11,15
763901_FY2024_008,strategic,2,5,1,3,7
763901_FY2024_009,financial,9,12,0,3,1
763901_FY2024_010,operational,39,0,42,3,3
763901_FY2024_011,operational,4,0,6,0,2
763901_FY2024_012,regulatory,66,11,2,77,5
763901_FY2024_013,regulatory,61,6,0,67,2
763901_FY2024_014,regulatory,75,0,13,88,3
763901_FY2024_015,regulatory,21,1,0,22,1
763901_FY2024_016,regulatory,10,7,0,17,0
763901_FY2024_017,regulatory,4,0,0,12,8
763901_FY2024_018,financial,59,67,0,8,6
763901_FY2024_019,financial,20,24,0,4,0
763901_FY2024_020,financial,10,23,2,8,13
763901_FY2024_021,strategic,14,0,2,0,16
763901_FY2024_022,strategic,8,11,1,0,19
763901_FY2024_023,strategic,18,4,3,2,22
763901_FY2024_024,operational,7,0,15,3,8
763901_FY2024_025,financial,10,10,0,0,0
763901_FY2024_026,financial,5,6,0,1,0
763901_FY2025_000,financial,23,29,0,6,2
763901_FY2025_001,financial,35,38,0,3,0
763901_FY2025_002,financial,8,8,0,0,0
763901_FY2025_003,financial,15,29,1,14,0
763901_FY2025_004,financial,32,32,0,0,0
763901_FY2025_005,financial,25,30,0,5,0
763901_FY2025_006,financial,57,63,0,6,2
763901_FY2025_007,operational,79,0,94,15,15
763901_FY2025_008,operational,40,0,43,3,3
763901_FY2025_009,operational,3,0,7,0,4
763901_FY2025_010,strategic,2,5,1,3,7
763901_FY2025_011,financial,9,12,0,3,1
763901_FY2025_012,regulatory,74,7,2,81,4
763901_FY2025_013,regulatory,122,6,9,131,5
763901_FY2025_014,regulatory,19,1,0,20,1
763901_FY2025_015,regulatory,10,7,0,17,0
763901_FY2025_016,regulatory,4,0,0,12,8
763901_FY2025_017,financial,59,67,0,8,6
763901_FY2025_018,financial,20,24,0,4,0
763901_FY2025_019,financial,0,23,4,8,23
763901_FY2025_020,strategic,14,12,7,2,26
763901_FY2025_021,strategic,20,3,3,2,23
763901_FY2025_022,operational,7,0,15,3,8
763901_FY2025_023,financial,10,10,0,0,0
763901_FY2025_024,financial,5,6,0,1,0
764038_FY2021_000,financial,8,32,1,8,24
764038_FY2021_001,financial,27,29,0,2,2
764038_FY2021_002,financial,24,25,0,1,0
764038_FY2021_003,financial,11,12,0,0,1
764038_FY2021_004,financial,18,18,0,0,0
764038_FY2021_005,financial,24,27,0,0,3
764038_FY2021_006,financial,5,6,0,0,1
764038_FY2021_007,financial,6,6,0,0,0
764038_FY2021_008,financial,7,8,0,1,0
764038_FY2021_009,strategic,16,0,0,0,16
764038_FY2021_010,strategic,28,14,0,6,42
764038_FY2021_011,operational,6,0,8,0,2
764038_FY2021_012,operational,0,0,2,0,2
764038_FY2021_013,operational,7,1,10,3,0
764038_FY2021_014,operational,6,0,8,0,2
764038_FY2021_015,operational,4,1,8,0,4
764038_FY2021_016,operational,20,0,28,2,8
764038_FY2021_017,operational,20,0,20,0,0
764038_FY2021_018,strategic,5,0,0,0,5
764038_FY2021_019,financial,2,22,0,20,1
764038_FY2021_020,regulatory,51,5,0,56,3
764038_FY2021_021,regulatory,27,7,0,38,11
764038_FY2021_022,regulatory,5,20,1,25,0
764038_FY2021_023,regulatory,29,2,0,31,1
764038_FY2021_024,regulatory,6,15,1,21,0
764038_FY2021_025,financial,11,21,0,10,0
764038_FY2021_026,regulatory,8,15,0,23,3
764038_FY2021_027,financial,3,9,0,6,0
764038_FY2021_028,operational,1,3,5,4,2
764038_FY2021_029,financial,35,41,2,6,2
764038_FY2021_030,regulatory,15,14,2,29,0
764038_FY2021_031,regulatory,14,1,0,15,1
764038_FY2021_032,regulatory,34,0,0,36,2
764038_FY2021_033,regulatory,11,2,0,13,2
764038_FY2021_034,regulatory,12,2,16,28,1
764038_FY2021_035,regulatory,18,0,0,18,0
764038_FY2021_036,financial,13,43,22,30,25
764038_FY2021_037,financial,0,0,0,0,0
764038_FY2021_038,strategic,11,0,1,0,12
764038_FY2021_039,strategic,16,0,1,1,17
764038_FY2021_040,strategic,9,3,6,2,15
764038_FY2021_041,strategic,6,0,1,4,10
764038_FY2021_042,financial,26,45,14,13,19
764038_FY2021_043,strategic,13,0,2,2,15
764038_FY2021_044,financial,32,36,0,4,4
764038_FY2021_045,strategic,13,0,1,1,14
764038_FY2021_046,strategic,28,1,3,2,31
764038_FY2021_047,financial,21,21,0,0,0
764038_FY2021_048,financial,60,65,1,5,0
764038_FY2021_049,financial,12,13,0,0,1
764038_FY2021_050,financial,48,52,0,3,4
764038_FY2021_051,financial,33,34,1,0,0
764038_FY2021_052,regulatory,1,13,0,14,0
764038_FY2021_053,strategic,3,1,0,2,5
764038_FY2021_054,financial,0,3,3,2,2
764038_FY2021_055,financial,0,2,0,2,1
764038_FY2021_056,strategic,3,1,0,2,5
764038_FY2021_057,financial,8,14,0,6,0
764038_FY2021_058,financial,8,8,0,0,0
764038_FY2021_059,operational,14,5,19,1,2
764038_FY2021_060,strategic,17,6,3,1,23
764038_FY2021_061,financial,21,23,0,0,2
764038_FY2021_062,strategic,2,2,12,0,14
764038_FY2021_063,operational,10,0,13,1,3
764038_FY2021_064,operational,18,0,18,0,0
764038_FY2021_065,operational,15,3,21,6,4
764038_FY2021_066,operational,36,6,49,8,13
764038_FY2021_067,operational,68,1,81,13,11
764038_FY2021_068,strategic,24,2,0,2,26
764038_FY2021_069,strategic,20,1,0,7,27
764038_FY2021_070,financial,39,43,1,4,0
764038_FY2021_071,operational,4,0,7,3,1
764038_FY2021_072,financial,12,13,1,1,0
764038_FY2021_073,financial,25,35,3,10,2
764038_FY2021_074,financial,35,37,1,2,0
764038_FY2021_075,financial,8,8,0,0,0
764038_FY2021_076,strategic,3,0,4,0,7
764038_FY2021_077,regulatory,17,18,0,35,5
764038_FY2021_078,regulatory,7,0,0,9,2
764038_FY2021_079,regulatory,3,23,0,26,3
764038_FY2021_080,regulatory,9,5,0,14,2
764038_FY2021_081,regulatory,30,2,2,41,11
764038_FY2021_082,regulatory,35,7,0,42,3
764038_FY2021_083,regulatory,6,8,0,14,0
764038_FY2021_084,regulatory,7,1,0,8,0
764038_FY2021_085,regulatory,19,0,0,19,0
764038_FY2021_086,regulatory,2,1,0,4,2
764038_FY2021_087,financial,6,7,0,1,0
764038_FY2021_088,financial,1,1,0,0,0
764038_FY2021_089,financial,6,6,0,0,0
764038_FY2021_090,financial,6,13,0,7,0
764038_FY2021_091,financial,4,7,0,0,3
764038_FY2021_092,regulatory,5,3,0,8,2
764038_FY2021_093,regulatory,3,0,0,3,0
764038_FY2021_094,regulatory,3,0,0,3,0
764038_FY2021_095,financial,12,17,0,2,5
764038_FY2021_096,financial,7,8,0,0,1
764038_FY2021_097,financial,3,5,0,1,2
764038_FY2021_098,financial,6,10,0,0,4
764038_FY2021_099,financial,17,27,0,10,5
764038_FY2021_100,strategic,2,0,0,0,2
764038_FY2021_101,financial,28,33,0,4,5
764038_FY2021_102,strategic,15,7,3,0,22
764038_FY2021_103,financial,1,8,0,7,0
764038_FY2021_104,regulatory,21,0,0,24,3
764038_FY2022_000,financial,19,33,2,6,14
764038_FY2022_001,financial,19,20,0,0,1
764038_FY2022_002,financial,11,13,0,2,1
764038_FY2022_003,financial,24,25,0,1,0
764038_FY2022_004,financial,14,15,0,1,1
764038_FY2022_005,financial,18,18,0,0,0
764038_FY2022_006,financial,24,27,0,0,3
764038_FY2022_007,financial,5,6,0,0,1
764038_FY2022_008,financial,6,6,0,0,0
764038_FY2022_009,financial,9,9,0,0,0
764038_FY2022_010,strategic,16,0,0,0,16
764038_FY2022_011,strategic,28,14,0,6,42
764038_FY2022_012,operational,6,0,8,0,2
764038_FY2022_013,operational,0,0,2,0,2
764038_FY2022_014,operational,7,1,10,3,0
764038_FY2022_015,operational,6,0,8,0,2
764038_FY2022_016,operational,3,1,8,0,5
764038_FY2022_017,operational,20,0,28,2,8
764038_FY2022_018,operational,11,0,11,0,0
764038_FY2022_019,strategic,3,2,0,0,5
764038_FY2022_020,financial,1,18,0,17,1
764038_FY2022_021,regulatory,51,5,0,56,3
764038_FY2022_022,regulatory,29,7,0,41,12
764038_FY2022_023,regulatory,5,20,1,25,0
764038_FY2022_024,regulatory,29,2,0,31,1
764038_FY2022_025,regulatory,6,15,1,21,0
764038_FY2022_026,financial,11,21,0,10,0
764038_FY2022_027,regulatory,8,15,0,23,2
764038_FY2022_028,financial,3,9,0,6,0
764038_FY2022_029,operational,1,3,5,4,2
764038_FY2022_030,financial,41,47,2,6,2
764038_FY2022_031,regulatory,20,15,3,35,0
764038_FY2022_032,regulatory,9,1,0,10,1
764038_FY2022_033,regulatory,32,0,0,34,2
764038_FY2022_034,regulatory,11,2,0,13,2
764038_FY2022_035,operational,6,2,42,36,2
764038_FY2022_036,regulatory,18,0,0,18,0
764038_FY2022_037,financial,13,44,23,31,20
764038_FY2022_038,financial,0,0,0,0,0
764038_FY2022_039,strategic,30,1,2,2,32
764038_FY2022_040,strategic,7,2,3,1,10
764038_FY2022_041,strategic,13,0,2,2,15
764038_FY2022_042,strategic,15,0,2,0,17
764038_FY2022_043,strategic,13,0,1,0,14
764038_FY2022_044,financial,9,10,1,0,1
764038_FY2022_045,financial,12,13,0,0,1
764038_FY2022_046,financial,56,62,0,5,6
764038_FY2022_047,financial,28,33,0,4,5
764038_FY2022_048,financial,21,21,0,0,0
764038_FY2022_049,financial,60,65,1,5,0
764038_FY2022_050,financial,33,34,1,0,0
764038_FY2022_051,financial,21,23,0,0,2
764038_FY2022_052,regulatory,1,13,0,14,0
764038_FY2022_053,financial,37,41,0,4,1
764038_FY2022_054,strategic,3,1,0,2,5
764038_FY2022_055,operational,1,3,4,2,2
764038_FY2022_056,financial,12,14,0,2,1
764038_FY2022_057,strategic,3,1,0,2,5
764038_FY2022_058,financial,8,14,0,6,0
764038_FY2022_059,financial,8,8,0,0,0
764038_FY2022_060,operational,14,5,19,1,2
764038_FY2022_061,strategic,18,6,3,4,24
764038_FY2022_062,strategic,1,2,12,0,13
764038_FY2022_063,operational,10,0,13,1,3
764038_FY2022_064,operational,18,0,18,0,0
764038_FY2022_065,operational,7,1,8,0,1
764038_FY2022_066,financial,20,26,1,4,6
764038_FY2022_067,operational,32,6,52,9,20
764038_FY2022_068,operational,100,1,118,18,12
764038_FY2022_069,strategic,24,2,0,2,26
764038_FY2022_070,strategic,20,1,0,7,27
764038_FY2022_071,financial,35,39,1,4,0
764038_FY2022_072,operational,4,0,7,3,1
764038_FY2022_073,financial,12,13,1,1,0
764038_FY2022_074,financial,35,37,1,2,0
764038_FY2022_075,financial,8,8,0,0,0
764038_FY2022_076,strategic,1,0,6,0,7
764038_FY2022_077,regulatory,17,18,0,35,5
764038_FY2022_078,regulatory,7,0,0,9,2
764038_FY2022_079,regulatory,3,22,0,25,3
764038_FY2022_080,regulatory,9,5,0,14,2
764038_FY2022_081,regulatory,30,2,2,41,11
764038_FY2022_082,regulatory,35,7,0,42,3
764038_FY2022_083,regulatory,6,8,0,14,0
764038_FY2022_084,regulatory,7,1,0,8,0
764038_FY2022_085,regulatory,19,0,0,19,0
764038_FY2022_086,regulatory,27,2,53,80,5
764038_FY2022_087,regulatory,2,1,0,4,2
764038_FY2022_088,financial,6,7,0,1,0
764038_FY2022_089,financial,1,1,0,0,0
764038_FY2022_090,financial,6,6,0,0,0
764038_FY2022_091,financial,6,13,0,7,0
764038_FY2022_092,financial,4,7,0,0,3
764038_FY2022_093,regulatory,5,3,0,8,2
764038_FY2022_094,regulatory,3,0,0,3,0
764038_FY2022_095,regulatory,4,1,0,5,0
764038_FY2022_096,financial,14,17,0,3,3
764038_FY2022_097,financial,7,8,0,0,1
764038_FY2022_098,financial,3,5,0,1,2
764038_FY2022_099,financial,6,10,0,0,4
764038_FY2022_100,financial,21,31,0,10,5
764038_FY2022_101,strategic,2,0,0,0,2
764038_FY2022_102,strategic,15,7,3,0,22
764038_FY2022_103,financial,1,8,0,7,0
764038_FY2022_104,regulatory,21,0,0,24,3
764038_FY2023_000,regulatory,10,1,1,11,0
764038_FY2023_001,regulatory,18,0,0,18,0
764038_FY2023_002,financial,3,4,1,0,0
764038_FY2023_003,strategic,30,1,2,2,32
764038_FY2023_004,financial,12,13,0,0,1
764038_FY2023_005,financial,55,60,0,4,5
764038_FY2023_006,financial,9,10,1,0,1
764038_FY2023_007,financial,47,57,0,9,10
764038_FY2023_008,strategic,13,0,2,2,15
764038_FY2023_009,strategic,13,0,4,0,17
764038_FY2023_010,strategic,8,0,7,0,15
764038_FY2023_011,financial,25,25,0,0,0
764038_FY2023_012,financial,61,68,1,7,0
764038_FY2023_013,financial,33,34,1,0,0
764038_FY2023_014,financial,31,36,0,3,5
764038_FY2023_015,regulatory,1,13,0,14,0
764038_FY2023_016,financial,37,41,0,4,1
764038_FY2023_017,financial,0,7,0,3,7
764038_FY2023_018,regulatory,2,3,4,6,4
764038_FY2023_019,financial,13,15,0,2,1
764038_FY2023_020,strategic,3,1,0,2,5
764038_FY2023_021,financial,8,14,0,6,0
764038_FY2023_022,financial,8,8,0,0,0
764038_FY2023_023,operational,21,5,26,1,2
764038_FY2023_024,operational,7,1,37,30,5
764038_FY2023_025,strategic,16,6,3,5,22
764038_FY2023_026,strategic,3,1,10,0,13
764038_FY2023_027,operational,10,0,13,1,3
764038_FY2023_028,operational,18,0,18,0,0
764038_FY2023_029,operational,14,1,15,0,1
764038_FY2023_030,operational,34,6,54,9,20
764038_FY2023_031,operational,104,1,122,18,12
764038_FY2023_032,strategic,26,3,0,5,31
764038_FY2023_033,strategic,15,2,0,14,29
764038_FY2023_034,operational,4,0,7,3,1
764038_FY2023_035,financial,12,13,1,1,0
764038_FY2023_036,financial,41,44,1,3,0
764038_FY2023_037,financial,8,8,0,0,0
764038_FY2023_038,strategic,4,0,6,2,10
764038_FY2023_039,regulatory,24,18,0,42,6
764038_FY2023_040,regulatory,8,3,0,11,0
764038_FY2023_041,regulatory,7,0,0,9,2
764038_FY2023_042,regulatory,3,22,0,25,3
764038_FY2023_043,regulatory,16,5,0,21,2
764038_FY2023_044,regulatory,34,1,2,45,11
764038_FY2023_045,regulatory,35,7,0,42,3
764038_FY2023_046,regulatory,6,9,0,15,0
764038_FY2023_047,regulatory,7,1,0,8,0
764038_FY2023_048,regulatory,19,0,0,19,0
764038_FY2023_049,regulatory,27,2,53,80,5
764038_FY2023_050,regulatory,2,1,0,4,2
764038_FY2023_051,financial,6,7,0,1,0
764038_FY2023_052,financial,1,1,0,0,0
764038_FY2023_053,financial,6,6,0,0,0
764038_FY2023_054,financial,6,13,0,7,0
764038_FY2023_055,financial,3,6,0,0,3
764038_FY2023_056,regulatory,5,3,0,8,2
764038_FY2023_057,regulatory,3,0,0,3,0
764038_FY2023_058,regulatory,11,4,1,15,0
764038_FY2023_059,financial,30,36,0,4,6
764038_FY2023_060,financial,14,17,0,2,3
764038_FY2023_061,financial,6,9,0,3,2
764038_FY2023_062,financial,3,5,0,1,2
764038_FY2023_063,financial,5,10,0,0,5
764038_FY2023_064,financial,21,33,0,12,8
764038_FY2023_065,strategic,2,0,0,0,2
764038_FY2023_066,strategic,15,7,3,0,22
764038_FY2023_067,financial,1,8,0,7,0
764038_FY2023_068,regulatory,20,0,0,23,3
764038_FY2024_000,regulatory,10,1,1,11,0
764038_FY2024_001,regulatory,18,0,0,18,0
764038_FY2024_002,financial,3,4,1,0,0
764038_FY2024_003,strategic,11,0,0,0,11
764038_FY2024_004,strategic,4,3,7,3,11
764038_FY2024_005,strategic,9,0,1,4,13
764038_FY2024_006,financial,0,0,0,0,0
764038_FY2024_007,strategic,27,2,2,6,33
764038_FY2024_008,strategic,13,0,4,1,17
764038_FY2024_009,financial,61,68,0,5,7
764038_FY2024_010,financial,9,10,1,0,1
764038_FY2024_011,financial,46,57,0,9,11
764038_FY2024_012,strategic,13,0,2,2,15
764038_FY2024_013,strategic,8,0,7,0,15
764038_FY2024_014,financial,25,25,0,0,0
764038_FY2024_015,financial,61,68,1,7,0
764038_FY2024_016,financial,8,8,0,0,0
764038_FY2024_017,financial,33,34,1,0,0
764038_FY2024_018,financial,34,41,0,3,7
764038_FY2024_019,regulatory,1,13,0,14,0
764038_FY2024_020,financial,36,41,0,5,4
764038_FY2024_021,strategic,1,7,0,6,8
764038_FY2024_022,regulatory,2,3,4,6,4
764038_FY2024_023,financial,13,15,0,2,1
764038_FY2024_024,strategic,3,1,0,2,5
764038_FY2024_025,financial,7,13,0,6,0
764038_FY2024_026,financial,8,8,0,0,0
764038_FY2024_027,operational,21,5,26,1,3
764038_FY2024_028,operational,8,1,42,34,12
764038_FY2024_029,strategic,4,0,2,1,6
764038_FY2024_030,strategic,3,1,10,0,13
764038_FY2024_031,operational,10,0,13,1,3
764038_FY2024_032,operational,18,0,18,0,0
764038_FY2024_033,operational,14,1,15,0,1
764038_FY2024_034,operational,34,6,54,9,20
764038_FY2024_035,operational,117,1,136,19,15
764038_FY2024_036,strategic,26,4,0,11,37
764038_FY2024_037,strategic,11,2,0,13,24
764038_FY2024_038,operational,4,0,7,3,1
764038_FY2024_039,financial,12,13,1,1,0
764038_FY2024_040,financial,36,38,1,2,0
764038_FY2024_041,financial,8,8,0,0,0
764038_FY2024_042,strategic,4,0,6,2,10
764038_FY2024_043,regulatory,7,0,0,10,3
764038_FY2024_044,regulatory,37,9,0,46,6
764038_FY2024_045,regulatory,9,4,0,13,0
764038_FY2024_046,regulatory,3,22,0,25,3
764038_FY2024_047,regulatory,16,5,0,21,2
764038_FY2024_048,regulatory,34,1,2,45,11
764038_FY2024_049,regulatory,35,7,0,42,3
764038_FY2024_050,regulatory,6,9,0,15,0
764038_FY2024_051,regulatory,7,1,0,8,0
764038_FY2024_052,regulatory,19,0,0,19,0
764038_FY2024_053,regulatory,30,2,63,93,6
764038_FY2024_054,regulatory,5,1,0,10,5
764038_FY2024_055,financial,6,7,0,1,0
764038_FY2024_056,financial,1,1,0,0,0
764038_FY2024_057,financial,6,6,0,0,0
764038_FY2024_058,financial,6,13,0,7,0
764038_FY2024_059,financial,3,6,0,0,3
764038_FY2024_060,regulatory,5,3,0,8,2
764038_FY2024_061,regulatory,3,0,0,3,0
764038_FY2024_062,regulatory,11,4,1,15,0
764038_FY2024_063,financial,29,36,0,4,7
764038_FY2024_064,financial,14,17,0,2,3
764038_FY2024_065,financial,6,9,0,3,2
764038_FY2024_066,financial,3,5,0,1,2
764038_FY2024_067,financial,4,10,0,0,6
764038_FY2024_068,financial,11,34,0,23,11
764038_FY2024_069,strategic,2,0,0,0,2
764038_FY2024_070,strategic,15,7,3,0,22
764038_FY2024_071,financial,1,8,0,7,0
764038_FY2024_072,regulatory,20,0,0,23,3
764038_FY2025_000,regulatory,10,1,1,11,0
764038_FY2025_001,regulatory,18,0,0,18,0
764038_FY2025_002,financial,3,4,1,0,0
764038_FY2025_003,strategic,29,2,2,4,33
764038_FY2025_004,strategic,10,0,1,0,11
764038_FY2025_005,strategic,14,0,5,0,19
764038_FY2025_006,financial,62,69,0,5,7
764038_FY2025_007,financial,9,10,1,0,1
764038_FY2025_008,financial,38,46,0,8,7
764038_FY2025_009,strategic,13,0,2,2,15
764038_FY2025_010,strategic,9,0,6,0,15
764038_FY2025_011,operational,8,1,42,34,13
764038_FY2025_012,financial,25,25,0,0,0
764038_FY2025_013,financial,61,68,1,7,0
764038_FY2025_014,financial,8,8,0,0,0
764038_FY2025_015,financial,33,34,1,0,0
764038_FY2025_016,financial,31,36,0,3,5
764038_FY2025_017,regulatory,1,13,0,14,0
764038_FY2025_018,financial,34,38,0,4,3
764038_FY2025_019,strategic,1,7,0,6,8
764038_FY2025_020,regulatory,1,3,4,5,2
764038_FY2025_021,financial,13,15,0,2,1
764038_FY2025_022,strategic,3,1,0,2,5
764038_FY2025_023,financial,7,13,0,6,0
764038_FY2025_024,financial,8,8,0,0,0
764038_FY2025_025,operational,21,5,26,1,3
764038_FY2025_026,strategic,3,1,11,0,14
764038_FY2025_027,operational,10,0,13,1,3
764038_FY2025_028,operational,18,0,18,0,0
764038_FY2025_029,operational,14,1,15,0,1
764038_FY2025_030,operational,35,6,55,9,20
764038_FY2025_031,operational,117,1,136,19,15
764038_FY2025_032,strategic,38,3,0,2,41
764038_FY2025_033,strategic,10,2,0,8,18
764038_FY2025_034,strategic,4,0,2,1,6
764038_FY2025_035,operational,4,0,7,3,1
764038_FY2025_036,financial,12,13,1,1,0
764038_FY2025_037,financial,34,36,1,2,0
764038_FY2025_038,financial,8,8,0,0,0
764038_FY2025_039,strategic,4,0,6,2,10
764038_FY2025_040,regulatory,9,0,0,12,3
764038_FY2025_041,regulatory,44,9,0,53,6
764038_FY2025_042,regulatory,9,4,0,13,0
764038_FY2025_043,regulatory,1,24,0,25,3
764038_FY2025_044,regulatory,16,5,0,21,2
764038_FY2025_045,regulatory,34,1,2,45,11
764038_FY2025_046,regulatory,35,7,0,42,3
764038_FY2025_047,regulatory,4,10,0,14,1
764038_FY2025_048,regulatory,7,1,0,8,0
764038_FY2025_049,regulatory,19,0,0,19,0
764038_FY2025_050,regulatory,30,2,63,93,6
764038_FY2025_051,regulatory,3,1,0,4,1
764038_FY2025_052,financial,6,7,0,1,0
764038_FY2025_053,financial,1,1,0,0,0
764038_FY2025_054,financial,6,6,0,0,0
764038_FY2025_055,financial,6,13,0,7,0
764038_FY2025_056,financial,3,6,0,0,3
764038_FY2025_057,regulatory,5,3,0,8,2
764038_FY2025_058,regulatory,3,0,0,3,0
764038_FY2025_059,regulatory,11,1,1,12,0
764038_FY2025_060,financial,25,32,0,4,7
764038_FY2025_061,financial,14,17,0,2,3
764038_FY2025_062,financial,6,9,0,3,2
764038_FY2025_063,financial,3,5,0,1,2
764038_FY2025_064,financial,5,10,0,0,5
764038_FY2025_065,financial,11,34,0,23,11
764038_FY2025_066,strategic,2,0,0,0,2
764038_FY2025_067,strategic,22,7,5,2,29
764038_FY2025_068,financial,1,8,0,7,0
764038_FY2025_069,regulatory,20,0,0,23,3
776901_FY2021_000,operational,7,2,9,0,0
776901_FY2021_001,financial,0,0,0,0,0
776901_FY2021_002,operational,7,1,9,2,1
776901_FY2021_003,financial,5,14,2,9,4
776901_FY2021_004,financial,20,25,2,5,3
776901_FY2021_005,financial,14,15,0,1,1
776901_FY2021_006,financial,14,26,1,12,4
776901_FY2021_007,financial,29,34,0,1,5
776901_FY2021_008,financial,43,46,3,1,0
776901_FY2021_009,financial,18,18,0,0,0
776901_FY2021_010,financial,45,46,0,1,0
776901_FY2021_011,financial,54,55,0,1,0
776901_FY2021_012,financial,11,12,0,1,0
776901_FY2021_013,regulatory,32,1,0,33,1
776901_FY2021_014,regulatory,39,18,4,57,3
776901_FY2021_015,regulatory,4,0,0,4,0
776901_FY2021_016,financial,8,9,0,1,0
776901_FY2021_017,financial,17,21,1,4,1
776901_FY2021_018,strategic,2,0,1,3,5
776901_FY2021_019,regulatory,6,1,0,7,0
776901_FY2021_020,regulatory,24,0,2,26,1
776901_FY2021_021,strategic,31,2,3,0,34
776901_FY2021_022,strategic,3,0,0,4,7
776901_FY2021_023,strategic,11,0,4,1,15
776901_FY2021_024,financial,21,21,0,0,0
776901_FY2021_025,financial,5,9,0,0,4
776901_FY2021_026,financial,16,16,0,0,0
776901_FY2021_027,financial,2,2,0,0,0
776901_FY2021_028,financial,2,5,1,3,0
776901_FY2021_029,financial,0,0,0,0,0
776901_FY2021_030,operational,55,0,64,9,7
776901_FY2021_031,operational,33,0,40,1,7
776901_FY2021_032,financial,23,29,0,1,6
776901_FY2021_033,financial,3,10,0,7,0
776901_FY2021_034,financial,2,7,0,5,0
776901_FY2021_035,financial,4,5,0,0,1
776901_FY2021_036,strategic,9,4,2,6,15
776901_FY2021_037,strategic,1,5,1,2,6
776901_FY2021_038,strategic,7,10,3,2,17
776901_FY2021_039,strategic,5,0,0,0,5
776901_FY2021_040,operational,8,2,10,0,1
776901_FY2021_041,financial,12,14,2,1,1
776901_FY2022_000,operational,6,3,9,0,1
776901_FY2022_001,operational,8,1,9,0,1
776901_FY2022_002,strategic,1,1,0,2,3
776901_FY2022_003,financial,26,30,0,4,2
776901_FY2022_004,financial,36,41,0,2,5
776901_FY2022_005,financial,43,46,3,1,0
776901_FY2022_006,financial,18,18,0,0,0
776901_FY2022_007,financial,45,46,0,1,0
776901_FY2022_008,financial,54,55,0,1,0
776901_FY2022_009,financial,11,12,0,1,0
776901_FY2022_010,regulatory,32,1,0,33,1
776901_FY2022_011,regulatory,35,8,0,43,6
776901_FY2022_012,regulatory,4,0,0,4,0
776901_FY2022_013,financial,34,38,1,4,1
776901_FY2022_014,strategic,2,0,1,3,5
776901_FY2022_015,regulatory,6,1,0,7,0
776901_FY2022_016,regulatory,24,0,2,26,1
776901_FY2022_017,strategic,31,2,3,0,34
776901_FY2022_018,strategic,3,0,0,4,7
776901_FY2022_019,strategic,11,0,4,1,15
776901_FY2022_020,financial,21,21,0,0,0
776901_FY2022_021,financial,5,9,0,0,4
776901_FY2022_022,financial,16,16,0,0,0
776901_FY2022_023,financial,2,2,0,0,0
776901_FY2022_024,financial,2,5,1,3,0
776901_FY2022_025,financial,0,0,0,0,0
776901_FY2022_026,operational,63,0,73,10,8
776901_FY2022_027,strategic,7,0,0,1,8
776901_FY2022_028,regulatory,29,0,9,38,4
776901_FY2022_029,operational,14,0,18,4,1
776901_FY2022_030,financial,23,29,0,1,6
776901_FY2022_031,financial,3,10,0,7,0
776901_FY2022_032,financial,2,7,0,5,0
776901_FY2022_033,financial,4,5,0,0,1
776901_FY2022_034,strategic,20,4,3,6,26
776901_FY2022_035,strategic,1,5,1,2,6
776901_FY2022_036,strategic,7,10,3,2,17
776901_FY2022_037,operational,0,2,14,0,14
776901_FY2022_038,financial,12,14,2,1,1
776901_FY2023_000,financial,35,40,0,2,5
776901_FY2023_001,financial,12,23,0,6,11
776901_FY2023_002,financial,43,46,3,1,0
776901_FY2023_003,financial,18,18,0,0,0
776901_FY2023_004,financial,45,46,0,1,0
776901_FY2023_005,financial,61,63,0,1,2
776901_FY2023_006,financial,11,12,0,1,0
776901_FY2023_007,regulatory,38,1,0,39,1
776901_FY2023_008,regulatory,35,8,0,43,6
776901_FY2023_009,regulatory,4,0,0,4,0
776901_FY2023_010,strategic,2,0,1,3,5
776901_FY2023_011,regulatory,6,1,0,7,1
776901_FY2023_012,regulatory,24,0,2,26,1
776901_FY2023_013,strategic,25,2,3,0,28
776901_FY2023_014,strategic,3,0,0,4,7
776901_FY2023_015,strategic,11,0,4,1,15
776901_FY2023_016,financial,21,21,0,0,0
776901_FY2023_017,financial,5,9,0,0,4
776901_FY2023_018,financial,16,16,0,0,0
776901_FY2023_019,financial,2,2,0,0,0
776901_FY2023_020,financial,2,5,1,3,0
776901_FY2023_021,financial,0,0,0,0,0
776901_FY2023_022,operational,63,0,73,10,8
776901_FY2023_023,strategic,7,0,1,1,8
776901_FY2023_024,regulatory,29,0,9,38,4
776901_FY2023_025,operational,14,0,18,4,1
776901_FY2023_026,financial,23,29,0,1,6
776901_FY2023_027,financial,3,10,0,7,0
776901_FY2023_028,financial,2,7,0,5,0
776901_FY2023_029,financial,4,5,0,0,1
776901_FY2023_030,strategic,19,4,3,9,28
776901_FY2023_031,strategic,1,5,1,2,6
776901_FY2023_032,strategic,7,10,3,2,17
776901_FY2023_033,operational,0,2,14,0,14
776901_FY2023_034,financial,12,14,2,1,1
776901_FY2024_000,financial,50,55,0,3,5
776901_FY2024_001,financial,9,18,0,5,9
776901_FY2024_002,financial,45,48,3,1,0
776901_FY2024_003,financial,18,18,0,0,0
776901_FY2024_004,financial,45,46,0,1,0
776901_FY2024_005,financial,57,60,0,2,3
776901_FY2024_006,financial,11,12,0,1,0
776901_FY2024_007,regulatory,37,1,1,38,1
776901_FY2024_008,regulatory,35,8,0,43,6
776901_FY2024_009,regulatory,13,0,0,13,0
776901_FY2024_010,strategic,2,0,1,3,5
776901_FY2024_011,regulatory,5,2,0,7,1
776901_FY2024_012,regulatory,24,0,2,26,1
776901_FY2024_013,strategic,23,1,0,6,29
776901_FY2024_014,strategic,28,3,5,2,33
776901_FY2024_015,strategic,11,0,4,1,15
776901_FY2024_016,financial,21,21,0,0,0
776901_FY2024_017,financial,5,9,0,0,4
776901_FY2024_018,financial,16,16,0,0,0
776901_FY2024_019,financial,2,2,0,0,0
776901_FY2024_020,financial,3,6,1,3,0
776901_FY2024_021,financial,0,0,0,0,0
776901_FY2024_022,operational,63,0,73,10,8
776901_FY2024_023,strategic,6,0,2,1,8
776901_FY2024_024,regulatory,29,0,9,38,4
776901_FY2024_025,operational,6,0,10,4,1
776901_FY2024_026,financial,23,29,0,1,6
776901_FY2024_027,financial,3,10,0,7,0
776901_FY2024_028,financial,2,7,0,5,0
776901_FY2024_029,strategic,22,4,3,2,26
776901_FY2024_030,strategic,1,5,1,2,6
776901_FY2024_031,strategic,6,11,4,2,17
776901_FY2024_032,operational,4,2,18,0,14
776901_FY2024_033,financial,13,15,2,1,1
776901_FY2025_000,financial,36,40,0,4,3
776901_FY2025_001,financial,3,7,0,4,3
776901_FY2025_002,financial,9,10,0,1,0
776901_FY2025_003,financial,32,34,0,0,2
776901_FY2025_004,financial,3,7,0,4,3
776901_FY2025_005,financial,9,10,0,1,0
776901_FY2025_006,financial,45,48,3,1,0
776901_FY2025_007,financial,42,43,0,1,0
776901_FY2025_008,financial,57,60,0,2,3
776901_FY2025_009,financial,11,12,0,1,0
776901_FY2025_010,financial,3,10,0,7,0
776901_FY2025_011,regulatory,39,1,1,40,1
776901_FY2025_012,regulatory,34,8,0,42,6
776901_FY2025_013,regulatory,9,1,0,10,0
776901_FY2025_014,regulatory,0,0,2,6,6
776901_FY2025_015,regulatory,5,2,0,7,0
776901_FY2025_016,regulatory,24,0,2,26,1
776901_FY2025_017,strategic,26,3,5,2,31
776901_FY2025_018,strategic,11,0,4,1,15
776901_FY2025_019,financial,21,21,0,0,0
776901_FY2025_020,financial,4,8,0,0,4
776901_FY2025_021,financial,19,19,0,0,0
776901_FY2025_022,financial,2,2,0,0,0
776901_FY2025_023,financial,3,6,1,3,0
776901_FY2025_024,operational,68,0,79,11,11
776901_FY2025_025,strategic,7,0,0,1,8
776901_FY2025_026,operational,0,0,11,11,2
776901_FY2025_027,regulatory,29,0,9,38,4
776901_FY2025_028,operational,6,0,10,4,1
776901_FY2025_029,financial,23,29,0,1,6
776901_FY2025_030,financial,2,7,0,5,0
776901_FY2025_031,strategic,14,4,3,4,18
776901_FY2025_032,strategic,1,5,1,2,6
776901_FY2025_033,strategic,6,11,4,2,17
776901_FY2025_034,operational,5,4,21,3,16
776901_FY2025_035,financial,13,15,2,1,1
776901_FY2025_036,financial,0,3,0,2,3
7789_FY2021_000,financial,0,1,0,1,0
7789_FY2021_001,financial,7,18,1,11,7
7789_FY2021_002,regulatory,4,14,0,18,1
7789_FY2021_003,financial,30,32,0,0,2
7789_FY2021_004,financial,32,36,1,4,2
7789_FY2021_005,regulatory,3,0,0,3,0
7789_FY2021_006,financial,49,51,0,2,0
7789_FY2021_007,financial,37,37,0,0,0
7789_FY2021_008,financial,30,35,0,5,4
7789_FY2021_009,financial,0,0,0,0,0
7789_FY2021_010,financial,1,1,0,0,0
7789_FY2021_011,financial,2,9,0,7,0
7789_FY2021_012,financial,19,20,0,1,0
7789_FY2021_013,financial,43,50,0,7,0
7789_FY2021_014,financial,12,14,2,0,0
7789_FY2021_015,financial,13,14,0,1,0
7789_FY2021_016,financial,24,25,1,0,0
7789_FY2021_017,financial,65,72,1,7,0
7789_FY2021_018,financial,7,10,0,3,0
7789_FY2021_019,operational,11,0,15,4,1
7789_FY2021_020,operational,51,0,59,8,6
7789_FY2021_021,strategic,2,3,13,3,15
7789_FY2021_022,operational,6,2,11,5,2
7789_FY2021_023,operational,10,1,14,2,4
7789_FY2021_024,operational,1,0,2,1,0
7789_FY2021_025,regulatory,14,3,0,17,0
7789_FY2021_026,financial,14,19,0,5,0
7789_FY2021_027,regulatory,2,0,0,2,0
7789_FY2021_028,financial,2,29,1,27,1
7789_FY2021_029,financial,5,7,2,1,0
7789_FY2021_030,strategic,7,8,2,0,15
7789_FY2021_031,financial,4,12,0,8,0
7789_FY2021_032,strategic,14,3,1,0,17
7789_FY2021_033,strategic,18,2,1,6,24
7789_FY2021_034,regulatory,7,6,0,13,0
7789_FY2021_035,financial,3,8,1,2,5
7789_FY2021_036,financial,16,16,0,0,0
7789_FY2021_037,financial,12,15,0,3,0
7789_FY2021_038,strategic,19,0,1,0,20
7789_FY2021_039,strategic,1,0,1,0,2
7789_FY2021_040,strategic,17,5,6,9,26
7789_FY2021_041,regulatory,8,2,0,26,18
7789_FY2021_042,regulatory,42,5,0,47,5
7789_FY2021_043,regulatory,15,0,1,21,6
7789_FY2021_044,regulatory,14,2,1,16,1
7789_FY2021_045,regulatory,45,3,0,48,0
7789_FY2021_046,financial,9,15,0,6,2
7789_FY2021_047,financial,16,17,1,0,0
7789_FY2021_048,regulatory,14,0,0,16,2
7789_FY2021_049,regulatory,8,0,0,8,0
7789_FY2021_050,regulatory,2,0,0,3,1
7789_FY2021_051,regulatory,4,0,0,5,1
7789_FY2021_052,regulatory,14,0,0,21,7
7789_FY2021_053,strategic,2,2,0,5,7
7789_FY2021_054,strategic,4,0,0,0,4
7789_FY2021_055,financial,0,10,0,2,10
7789_FY2021_056,financial,4,7,0,3,0
7789_FY2021_057,financial,7,9,0,2,0
7789_FY2021_058,financial,2,2,0,0,0
7789_FY2021_059,regulatory,7,0,1,9,2
7789_FY2021_060,financial,4,5,0,1,1
7789_FY2021_061,regulatory,8,0,0,10,2
7789_FY2021_062,financial,6,15,0,4,9
7789_FY2021_063,regulatory,4,0,0,4,0
7789_FY2021_064,operational,3,0,4,1,0
7789_FY2021_065,operational,0,0,2,0,2
7789_FY2021_066,operational,8,0,13,0,5
7789_FY2022_000,financial,0,1,0,1,0
7789_FY2022_001,financial,18,27,0,9,2
7789_FY2022_002,regulatory,3,0,0,3,0
7789_FY2022_003,financial,49,51,0,2,0
7789_FY2022_004,financial,36,36,0,0,0
7789_FY2022_005,financial,29,37,0,8,4
7789_FY2022_006,financial,0,0,0,0,0
7789_FY2022_007,financial,1,1,0,0,0
7789_FY2022_008,financial,2,9,0,7,0
7789_FY2022_009,financial,22,23,0,1,0
7789_FY2022_010,financial,49,55,0,6,0
7789_FY2022_011,financial,12,14,2,0,0
7789_FY2022_012,financial,16,17,0,1,0
7789_FY2022_013,financial,23,24,1,0,0
7789_FY2022_014,financial,82,94,1,12,0
7789_FY2022_015,financial,7,10,0,3,0
7789_FY2022_016,operational,11,0,15,4,1
7789_FY2022_017,operational,52,0,63,11,6
7789_FY2022_018,strategic,2,3,13,3,15
7789_FY2022_019,operational,6,2,11,5,2
7789_FY2022_020,operational,10,1,14,2,4
7789_FY2022_021,operational,2,0,3,1,0
7789_FY2022_022,regulatory,17,3,0,20,0
7789_FY2022_023,financial,14,19,0,5,0
7789_FY2022_024,regulatory,2,0,0,2,0
7789_FY2022_025,regulatory,6,30,1,36,1
7789_FY2022_026,financial,5,7,2,1,0
7789_FY2022_027,strategic,20,10,5,12,32
7789_FY2022_028,financial,4,12,0,8,0
7789_FY2022_029,strategic,14,3,1,0,17
7789_FY2022_030,strategic,20,2,1,4,24
7789_FY2022_031,regulatory,8,6,0,14,0
7789_FY2022_032,financial,2,8,1,2,6
7789_FY2022_033,financial,16,16,0,0,0
7789_FY2022_034,financial,12,15,0,3,0
7789_FY2022_035,strategic,19,0,1,0,20
7789_FY2022_036,strategic,1,0,1,0,2
7789_FY2022_037,strategic,17,5,6,9,26
7789_FY2022_038,regulatory,2,2,0,27,25
7789_FY2022_039,regulatory,49,7,0,56,5
7789_FY2022_040,regulatory,13,0,1,19,6
7789_FY2022_041,regulatory,14,2,1,16,1
7789_FY2022_042,regulatory,43,5,0,48,0
7789_FY2022_043,financial,9,15,0,6,2
7789_FY2022_044,financial,16,17,1,0,0
7789_FY2022_045,regulatory,20,0,0,22,2
7789_FY2022_046,regulatory,8,0,0,8,0
7789_FY2022_047,regulatory,2,0,0,3,1
7789_FY2022_048,regulatory,4,0,0,5,1
7789_FY2022_049,strategic,2,2,0,5,7
7789_FY2022_050,strategic,4,0,0,0,4
7789_FY2022_051,financial,0,10,0,2,10
7789_FY2022_052,financial,4,7,0,3,0
7789_FY2022_053,financial,7,9,0,2,0
7789_FY2022_054,financial,2,2,0,0,0
7789_FY2022_055,regulatory,7,0,1,9,2
7789_FY2022_056,financial,3,4,0,1,1
7789_FY2022_057,regulatory,9,0,0,11,2
7789_FY2022_058,financial,6,15,0,3,9
7789_FY2022_059,financial,5,12,1,5,7
7789_FY2022_060,regulatory,4,0,0,4,0
7789_FY2022_061,operational,3,0,4,1,0
7789_FY2022_062,operational,0,0,2,0,2
7789_FY2022_063,operational,8,0,13,0,5
7789_FY2023_000,financial,0,1,0,1,0
7789_FY2023_001,financial,22,32,0,10,2
7789_FY2023_002,regulatory,3,0,0,3,0
7789_FY2023_003,financial,49,51,0,2,0
7789_FY2023_004,financial,34,34,0,0,0
7789_FY2023_005,financial,32,38,0,6,4
7789_FY2023_006,financial,0,0,0,0,0
7789_FY2023_007,financial,1,1,0,0,0
7789_FY2023_008,financial,2,9,0,7,0
7789_FY2023_009,financial,22,23,0,1,0
7789_FY2023_010,financial,55,68,0,13,1
7789_FY2023_011,financial,7,13,0,6,4
7789_FY2023_012,financial,47,52,0,5,0
7789_FY2023_013,financial,12,14,2,0,0
7789_FY2023_014,financial,10,11,0,1,0
7789_FY2023_015,financial,23,24,1,0,0
7789_FY2023_016,financial,11,14,0,3,0
7789_FY2023_017,operational,11,0,15,4,1
7789_FY2023_018,operational,61,0,71,10,6
7789_FY2023_019,strategic,4,3,11,3,15
7789_FY2023_020,operational,28,2,33,5,2
7789_FY2023_021,operational,0,0,5,5,1
7789_FY2023_022,regulatory,28,0,10,38,2
7789_FY2023_023,regulatory,12,0,3,15,0
7789_FY2023_024,operational,10,1,14,2,4
7789_FY2023_025,operational,2,0,3,1,0
7789_FY2023_026,regulatory,16,3,0,19,0
7789_FY2023_027,financial,14,19,0,5,0
7789_FY2023_028,regulatory,2,0,0,2,0
7789_FY2023_029,regulatory,12,21,2,33,2
7789_FY2023_030,financial,5,7,2,1,0
7789_FY2023_031,strategic,19,10,7,12,31
7789_FY2023_032,financial,4,12,0,8,0
7789_FY2023_033,strategic,14,3,1,0,17
7789_FY2023_034,strategic,20,2,1,4,24
7789_FY2023_035,regulatory,8,7,0,15,0
7789_FY2023_036,financial,0,8,1,3,8
7789_FY2023_037,financial,16,16,0,0,0
7789_FY2023_038,financial,12,15,0,3,0
7789_FY2023_039,strategic,19,0,1,0,20
7789_FY2023_040,strategic,1,0,1,0,2
7789_FY2023_041,strategic,17,5,6,9,26
7789_FY2023_042,strategic,5,2,0,26,31
7789_FY2023_043,regulatory,44,8,1,52,7
7789_FY2023_044,regulatory,12,0,1,18,6
7789_FY2023_045,regulatory,11,23,0,34,5
7789_FY2023_046,financial,0,8,0,8,0
7789_FY2023_047,regulatory,14,2,1,16,1
7789_FY2023_048,regulatory,43,5,0,48,0
7789_FY2023_049,financial,10,15,0,5,2
7789_FY2023_050,financial,16,17,1,0,0
7789_FY2023_051,regulatory,30,0,1,32,2
7789_FY2023_052,regulatory,8,0,0,8,0
7789_FY2023_053,regulatory,2,0,0,3,1
7789_FY2023_054,regulatory,4,0,0,5,1
7789_FY2023_055,strategic,2,2,0,5,7
7789_FY2023_056,strategic,4,0,0,0,4
7789_FY2023_057,financial,0,10,0,2,10
7789_FY2023_058,financial,4,7,0,3,0
7789_FY2023_059,financial,7,9,0,2,0
7789_FY2023_060,financial,2,2,0,0,0
7789_FY2023_061,regulatory,7,0,1,9,2
7789_FY2023_062,financial,3,4,0,1,1
7789_FY2023_063,regulatory,9,0,0,11,2
7789_FY2023_064,financial,6,15,0,3,9
7789_FY2023_065,regulatory,4,0,0,4,0
7789_FY2023_066,operational,3,0,4,1,0
7789_FY2023_067,operational,0,0,2,0,2
7789_FY2023_068,operational,8,0,13,0,5
7789_FY2024_000,financial,0,1,0,1,0
7789_FY2024_001,financial,26,35,0,9,3
7789_FY2024_002,financial,0,2,0,2,0
7789_FY2024_003,financial,41,43,0,2,0
7789_FY2024_004,financial,34,34,0,0,0
7789_FY2024_005,financial,30,37,0,7,2
7789_FY2024_006,financial,0,0,0,0,0
7789_FY2024_007,financial,1,1,0,0,0
7789_FY2024_008,financial,2,9,0,7,0
7789_FY2024_009,financial,22,23,0,1,0
7789_FY2024_010,financial,55,67,0,12,1
7789_FY2024_011,financial,7,13,0,6,4
7789_FY2024_012,financial,33,37,0,4,1
7789_FY2024_013,financial,12,14,2,0,0
7789_FY2024_014,financial,10,11,0,1,0
7789_FY2024_015,financial,23,24,1,0,0
7789_FY2024_016,financial,11,14,0,3,0
7789_FY2024_017,operational,14,0,19,5,1
7789_FY2024_018,operational,64,0,72,8,6
7789_FY2024_019,strategic,2,3,13,3,15
7789_FY2024_020,operational,30,2,34,4,2
7789_FY2024_021,operational,0,0,5,5,1
7789_FY2024_022,regulatory,34,0,7,41,1
7789_FY2024_023,regulatory,16,3,2,19,0
7789_FY2024_024,operational,13,1,19,6,4
7789_FY2024_025,operational,2,0,3,1,0
7789_FY2024_026,regulatory,15,2,0,17,0
7789_FY2024_027,financial,14,19,0,5,0
7789_FY2024_028,regulatory,2,0,0,2,0
7789_FY2024_029,regulatory,7,16,2,23,2
7789_FY2024_030,financial,6,8,2,1,0
7789_FY2024_031,strategic,11,6,8,21,32
7789_FY2024_032,financial,4,15,0,11,1
7789_FY2024_033,regulatory,1,4,1,7,6
7789_FY2024_034,strategic,14,3,1,0,17
7789_FY2024_035,strategic,20,2,1,4,24
7789_FY2024_036,regulatory,9,7,0,16,0
7789_FY2024_037,strategic,3,8,1,9,12
7789_FY2024_038,financial,16,16,0,0,0
7789_FY2024_039,financial,11,15,0,4,0
7789_FY2024_040,strategic,19,0,1,0,20
7789_FY2024_041,strategic,1,0,1,0,2
7789_FY2024_042,strategic,16,5,6,10,26
7789_FY2024_043,regulatory,10,2,0,41,31
7789_FY2024_044,regulatory,53,8,1,61,7
7789_FY2024_045,regulatory,18,0,1,19,0
7789_FY2024_046,regulatory,21,12,0,33,1
7789_FY2024_047,financial,1,8,0,7,0
7789_FY2024_048,regulatory,14,2,1,16,1
7789_FY2024_049,regulatory,38,5,0,43,0
7789_FY2024_050,financial,10,15,0,5,2
7789_FY2024_051,financial,16,17,1,0,0
7789_FY2024_052,regulatory,34,1,1,36,2
7789_FY2024_053,regulatory,8,0,0,8,0
7789_FY2024_054,regulatory,2,0,0,3,1
7789_FY2024_055,regulatory,4,0,0,5,1
7789_FY2024_056,strategic,2,2,0,5,7
7789_FY2024_057,strategic,4,0,0,0,4
7789_FY2024_058,financial,0,10,0,2,10
7789_FY2024_059,financial,4,7,0,3,0
7789_FY2024_060,financial,7,9,0,2,0
7789_FY2024_061,financial,2,2,0,0,0
7789_FY2024_062,regulatory,7,0,1,9,2
7789_FY2024_063,financial,3,4,0,1,1
7789_FY2024_064,regulatory,9,0,0,11,2
7789_FY2024_065,financial,6,15,0,3,9
7789_FY2024_066,regulatory,4,0,0,4,0
7789_FY2024_067,operational,3,0,4,1,0
7789_FY2024_068,operational,0,0,2,0,2
7789_FY2024_069,strategic,2,0,3,0,5
7789_FY2025_000,financial,0,1,0,1,0
7789_FY2025_001,financial,23,32,0,9,3
7789_FY2025_002,regulatory,1,2,0,3,0
7789_FY2025_003,financial,41,43,0,2,0
7789_FY2025_004,financial,34,34,0,0,0
7789_FY2025_005,financial,29,35,0,6,0
7789_FY2025_006,financial,0,0,0,0,0
7789_FY2025_007,financial,1,1,0,0,0
7789_FY2025_008,financial,2,9,0,7,0
7789_FY2025_009,financial,22,23,0,1,0
7789_FY2025_010,financial,36,41,0,5,0
7789_FY2025_011,financial,7,13,0,6,4
7789_FY2025_012,financial,32,37,0,5,1
7789_FY2025_013,financial,12,14,2,0,0
7789_FY2025_014,financial,11,11,0,0,0
7789_FY2025_015,financial,23,24,1,0,0
7789_FY2025_016,financial,11,14,0,3,0
7789_FY2025_017,operational,15,0,20,5,1
7789_FY2025_018,operational,70,0,78,8,6
7789_FY2025_019,strategic,2,3,13,3,15
7789_FY2025_020,operational,22,2,28,5,6
7789_FY2025_021,regulatory,25,0,10,35,2
7789_FY2025_022,regulatory,16,1,6,23,7
7789_FY2025_023,operational,15,1,21,6,4
7789_FY2025_024,operational,2,0,3,1,0
7789_FY2025_025,regulatory,15,2,0,17,0
7789_FY2025_026,financial,14,19,0,5,0
7789_FY2025_027,regulatory,2,0,0,2,0
7789_FY2025_028,regulatory,6,10,0,16,8
7789_FY2025_029,financial,6,8,2,1,0
7789_FY2025_030,regulatory,1,4,2,7,6
7789_FY2025_031,strategic,14,3,1,0,17
7789_FY2025_032,strategic,22,2,1,4,26
7789_FY2025_033,regulatory,7,7,0,14,0
7789_FY2025_034,strategic,3,9,1,9,12
7789_FY2025_035,financial,16,16,0,0,0
7789_FY2025_036,financial,11,15,0,4,0
7789_FY2025_037,strategic,19,0,1,0,20
7789_FY2025_038,strategic,1,0,1,0,2
7789_FY2025_039,strategic,17,5,6,10,27
7789_FY2025_040,regulatory,4,1,0,25,21
7789_FY2025_041,strategic,12,5,6,2,18
7789_FY2025_042,regulatory,25,4,0,29,3
7789_FY2025_043,regulatory,17,0,1,18,0
7789_FY2025_044,regulatory,33,1,0,34,0
7789_FY2025_045,regulatory,21,8,0,29,0
7789_FY2025_046,regulatory,14,2,1,16,1
7789_FY2025_047,regulatory,32,4,0,36,0
7789_FY2025_048,financial,11,13,0,2,2
7789_FY2025_049,financial,16,17,1,0,0
7789_FY2025_050,regulatory,17,0,0,18,1
7789_FY2025_051,regulatory,8,0,0,8,0
7789_FY2025_052,regulatory,2,0,0,3,1
7789_FY2025_053,regulatory,4,0,0,5,1
7789_FY2025_054,strategic,5,2,0,5,10
7789_FY2025_055,strategic,4,0,0,0,4
7789_FY2025_056,financial,0,10,0,2,10
7789_FY2025_057,financial,4,7,0,3,0
7789_FY2025_058,financial,7,9,0,2,0
7789_FY2025_059,financial,2,2,0,0,0
7789_FY2025_060,regulatory,7,0,1,9,2
7789_FY2025_061,financial,3,4,0,1,1
7789_FY2025_062,regulatory,4,0,0,4,0
7789_FY2025_063,operational,3,0,4,1,0
7789_FY2025_064,operational,0,0,2,0,2
7789_FY2025_065,strategic,2,0,3,0,5
798941_FY2021_000,financial,1,1,0,0,0
798941_FY2021_001,strategic,18,2,3,7,25
798941_FY2021_002,strategic,13,0,1,0,14
798941_FY2021_003,strategic,13,0,1,0,14
798941_FY2021_004,strategic,6,0,0,0,6
798941_FY2021_005,strategic,16,8,1,3,24
798941_FY2021_006,regulatory,2,0,0,3,1
798941_FY2021_007,regulatory,5,3,8,13,0
798941_FY2021_008,financial,15,17,0,2,0
798941_FY2021_009,financial,5,6,0,0,1
798941_FY2021_010,strategic,11,0,1,0,12
798941_FY2021_011,operational,50,2,66,16,10
798941_FY2021_012,financial,32,40,8,7,4
798941_FY2021_013,regulatory,9,0,0,12,3
798941_FY2021_014,operational,4,0,14,8,10
798941_FY2021_015,operational,11,0,13,0,2
798941_FY2021_016,financial,6,18,1,12,1
798941_FY2021_017,operational,20,0,22,0,2
798941_FY2021_018,strategic,5,0,0,5,10
798941_FY2021_019,operational,3,0,6,3,1
798941_FY2021_020,financial,19,20,1,0,0
798941_FY2021_021,financial,22,24,0,2,1
798941_FY2021_022,financial,18,19,0,1,0
798941_FY2021_023,financial,23,24,0,1,0
798941_FY2021_024,financial,4,4,0,0,0
798941_FY2021_025,financial,10,11,0,1,1
798941_FY2021_026,financial,31,36,0,5,2
798941_FY2021_027,strategic,2,4,0,2,6
798941_FY2021_028,financial,14,14,0,0,0
798941_FY2021_029,financial,38,42,2,4,1
798941_FY2021_030,financial,3,4,0,1,0
798941_FY2021_031,financial,1,3,0,1,2
798941_FY2021_032,financial,23,24,0,1,1
798941_FY2021_033,financial,2,13,1,11,1
798941_FY2021_034,regulatory,14,0,0,16,2
798941_FY2021_035,financial,1,2,0,1,0
798941_FY2021_036,regulatory,20,7,0,27,0
798941_FY2021_037,strategic,7,5,0,0,12
798941_FY2021_038,regulatory,55,8,1,63,4
798941_FY2021_039,regulatory,17,0,0,26,9
798941_FY2021_040,regulatory,9,0,1,10,1
798941_FY2021_041,regulatory,42,3,0,45,0
798941_FY2021_042,regulatory,38,1,0,39,0
798941_FY2021_043,strategic,11,0,5,1,16
798941_FY2021_044,financial,4,4,0,0,0
798941_FY2021_045,financial,0,4,0,4,0
798941_FY2021_046,financial,0,0,0,0,0
798941_FY2021_047,operational,4,8,12,3,0
798941_FY2021_048,operational,8,0,13,1,5
798941_FY2022_000,financial,1,1,0,0,0
798941_FY2022_001,strategic,14,6,3,12,26
798941_FY2022_002,strategic,6,0,0,0,6
798941_FY2022_003,strategic,18,8,1,3,26
798941_FY2022_004,strategic,18,0,1,0,19
798941_FY2022_005,regulatory,3,0,0,4,1
798941_FY2022_006,regulatory,5,3,8,13,0
798941_FY2022_007,financial,15,17,0,2,0
798941_FY2022_008,financial,5,5,0,0,0
798941_FY2022_009,strategic,11,0,1,0,12
798941_FY2022_010,operational,53,2,75,22,13
798941_FY2022_011,financial,2,6,0,4,2
798941_FY2022_012,regulatory,9,0,0,12,3
798941_FY2022_013,operational,5,1,15,7,10
798941_FY2022_014,operational,11,0,13,0,2
798941_FY2022_015,financial,3,18,1,15,1
798941_FY2022_016,operational,23,0,25,0,2
798941_FY2022_017,strategic,5,0,0,5,10
798941_FY2022_018,operational,3,0,6,3,1
798941_FY2022_019,financial,19,20,1,0,0
798941_FY2022_020,financial,22,24,0,2,1
798941_FY2022_021,financial,19,20,0,1,0
798941_FY2022_022,financial,23,24,0,1,0
798941_FY2022_023,financial,4,4,0,0,0
798941_FY2022_024,financial,12,24,0,12,1
798941_FY2022_025,financial,29,36,0,7,2
798941_FY2022_026,strategic,3,2,0,0,5
798941_FY2022_027,financial,14,14,0,0,0
798941_FY2022_028,financial,39,48,2,9,1
798941_FY2022_029,financial,3,4,0,1,0
798941_FY2022_030,financial,1,3,0,1,2
798941_FY2022_031,financial,25,31,1,6,2
798941_FY2022_032,regulatory,14,0,0,16,2
798941_FY2022_033,financial,1,2,0,1,0
798941_FY2022_034,regulatory,20,7,0,27,0
798941_FY2022_035,financial,1,6,0,0,5
798941_FY2022_036,regulatory,55,8,1,63,4
798941_FY2022_037,regulatory,9,0,20,29,0
798941_FY2022_038,regulatory,20,0,0,22,2
798941_FY2022_039,regulatory,10,4,1,14,0
798941_FY2022_040,regulatory,42,3,0,45,0
798941_FY2022_041,regulatory,36,3,0,39,0
798941_FY2022_042,strategic,11,0,5,3,16
798941_FY2022_043,financial,4,4,0,0,0
798941_FY2022_044,regulatory,5,0,0,5,0
798941_FY2022_045,financial,0,0,0,0,0
798941_FY2022_046,operational,4,8,12,3,0
798941_FY2022_047,operational,8,0,13,1,5
798941_FY2023_000,financial,1,1,0,0,0
798941_FY2023_001,strategic,12,25,6,27,39
798941_FY2023_002,strategic,20,12,1,4,32
798941_FY2023_003,regulatory,3,0,0,4,1
798941_FY2023_004,regulatory,5,3,8,13,0
798941_FY2023_005,financial,18,20,0,2,0
798941_FY2023_006,financial,5,5,0,0,0
798941_FY2023_007,strategic,11,0,1,0,12
798941_FY2023_008,strategic,22,2,4,4,26
798941_FY2023_009,operational,59,2,82,23,17
798941_FY2023_010,regulatory,9,0,0,12,3
798941_FY2023_011,operational,3,1,18,8,15
798941_FY2023_012,operational,12,0,14,0,2
798941_FY2023_013,regulatory,4,18,1,22,1
798941_FY2023_014,operational,21,0,22,0,1
798941_FY2023_015,strategic,5,0,0,5,10
798941_FY2023_016,operational,5,0,8,3,3
798941_FY2023_017,financial,2,7,0,5,0
798941_FY2023_018,financial,19,20,1,0,0
798941_FY2023_019,financial,21,23,0,2,1
798941_FY2023_020,financial,27,34,1,2,7
798941_FY2023_021,financial,39,41,0,2,1
798941_FY2023_022,financial,6,9,0,3,0
798941_FY2023_023,financial,14,26,0,12,1
798941_FY2023_024,financial,33,41,0,8,2
798941_FY2023_025,strategic,3,2,0,0,5
798941_FY2023_026,financial,14,14,0,0,0
798941_FY2023_027,financial,3,4,0,1,0
798941_FY2023_028,financial,0,3,0,1,3
798941_FY2023_029,financial,34,43,1,9,5
798941_FY2023_030,regulatory,16,0,0,18,2
798941_FY2023_031,financial,1,2,0,1,0
798941_FY2023_032,regulatory,23,10,1,33,3
798941_FY2023_033,strategic,2,4,0,2,6
798941_FY2023_034,regulatory,55,6,1,61,5
798941_FY2023_035,operational,8,0,45,37,0
798941_FY2023_036,regulatory,20,1,0,22,2
798941_FY2023_037,regulatory,14,4,1,18,2
798941_FY2023_038,regulatory,43,3,0,46,0
798941_FY2023_039,regulatory,37,2,0,39,0
798941_FY2023_040,strategic,8,0,6,9,17
798941_FY2023_041,financial,2,2,0,0,0
798941_FY2023_042,regulatory,5,0,0,5,0
798941_FY2023_043,financial,0,0,0,0,0
798941_FY2023_044,operational,4,8,12,3,0
798941_FY2023_045,operational,8,0,13,1,5
798941_FY2023_046,financial,21,38,0,2,17
798941_FY2024_000,financial,3,3,0,0,0
798941_FY2024_001,financial,6,8,0,2,1
798941_FY2024_002,regulatory,5,2,0,7,0
798941_FY2024_003,regulatory,16,0,2,19,3
798941_FY2024_004,financial,0,1,0,1,0
798941_FY2024_005,strategic,26,12,8,21,47
798941_FY2024_006,strategic,12,31,4,9,43
798941_FY2024_007,regulatory,14,3,9,23,6
798941_FY2024_008,financial,17,22,0,5,0
798941_FY2024_009,strategic,10,0,2,0,12
798941_FY2024_010,strategic,23,2,4,6,29
798941_FY2024_011,operational,57,2,80,23,17
798941_FY2024_012,operational,21,0,27,6,6
798941_FY2024_013,regulatory,9,0,0,12,3
798941_FY2024_014,operational,4,0,21,8,17
798941_FY2024_015,operational,15,0,17,1,2
798941_FY2024_016,financial,1,19,1,18,2
798941_FY2024_017,operational,17,0,19,2,1
798941_FY2024_018,strategic,5,0,0,5,10
798941_FY2024_019,regulatory,2,4,0,6,0
798941_FY2024_020,regulatory,6,3,1,9,0
798941_FY2024_021,financial,19,20,1,0,0
798941_FY2024_022,financial,21,23,0,2,1
798941_FY2024_023,financial,30,34,1,2,4
798941_FY2024_024,financial,38,40,0,2,1
798941_FY2024_025,financial,13,16,0,3,0
798941_FY2024_026,regulatory,1,1,0,2,0
798941_FY2024_027,financial,32,42,0,10,2
798941_FY2024_028,financial,12,13,0,0,1
798941_FY2024_029,financial,5,16,0,11,0
798941_FY2024_030,financial,12,12,0,0,0
798941_FY2024_031,financial,3,4,0,1,0
798941_FY2024_032,financial,1,4,0,1,3
798941_FY2024_033,financial,35,38,0,3,3
798941_FY2024_034,regulatory,4,10,1,14,0
798941_FY2024_035,financial,1,2,0,1,0
798941_FY2024_036,regulatory,12,11,0,23,0
798941_FY2024_037,strategic,2,4,0,1,6
798941_FY2024_038,regulatory,44,1,2,49,5
798941_FY2024_039,regulatory,3,0,21,24,0
798941_FY2024_040,regulatory,20,1,0,22,2
798941_FY2024_041,operational,1,0,2,1,1
798941_FY2024_042,regulatory,66,1,0,67,0
798941_FY2024_043,regulatory,38,1,0,39,0
798941_FY2024_044,strategic,9,0,6,5,15
798941_FY2024_045,regulatory,26,2,0,29,3
798941_FY2024_046,financial,2,2,0,0,0
798941_FY2024_047,strategic,3,2,0,0,5
798941_FY2024_048,regulatory,5,0,0,5,0
798941_FY2024_049,financial,0,0,0,0,0
798941_FY2024_050,operational,4,8,12,3,0
798941_FY2024_051,operational,8,0,13,1,5
798941_FY2024_052,financial,21,32,0,2,11
798941_FY2025_000,strategic,9,4,2,4,13
798941_FY2025_001,operational,12,4,16,2,2
798941_FY2025_002,financial,16,17,0,1,1
798941_FY2025_003,financial,3,3,0,0,0
798941_FY2025_004,financial,5,7,0,2,0
798941_FY2025_005,regulatory,4,2,0,6,0
798941_FY2025_006,regulatory,26,0,3,29,3
798941_FY2025_007,operational,1,1,4,3,1
798941_FY2025_008,strategic,23,8,6,14,37
798941_FY2025_009,strategic,12,21,1,1,33
798941_FY2025_010,financial,0,9,1,3,9
798941_FY2025_011,regulatory,11,3,9,20,4
798941_FY2025_012,financial,17,22,0,5,0
798941_FY2025_013,operational,3,1,7,4,4
798941_FY2025_014,strategic,20,2,4,6,26
798941_FY2025_015,regulatory,3,6,2,9,0
798941_FY2025_016,operational,46,2,65,19,12
798941_FY2025_017,operational,16,0,22,6,6
798941_FY2025_018,regulatory,6,0,0,10,4
798941_FY2025_019,operational,5,0,15,7,10
798941_FY2025_020,operational,15,0,17,1,2
798941_FY2025_021,regulatory,2,8,0,10,0
798941_FY2025_022,operational,2,0,4,2,1
798941_FY2025_023,strategic,7,0,0,5,12
798941_FY2025_024,financial,0,8,0,8,0
798941_FY2025_025,financial,19,20,1,0,0
798941_FY2025_026,financial,22,24,0,2,1
798941_FY2025_027,financial,40,45,1,5,2
798941_FY2025_028,financial,49,55,0,6,1
798941_FY2025_029,regulatory,1,1,0,2,0
798941_FY2025_030,financial,3,3,0,0,0
798941_FY2025_031,strategic,3,2,0,0,5
798941_FY2025_032,financial,34,40,0,6,2
798941_FY2025_033,financial,10,11,0,0,1
798941_FY2025_034,financial,5,11,0,6,0
798941_FY2025_035,financial,3,4,0,1,0
798941_FY2025_036,financial,3,4,0,1,1
798941_FY2025_037,financial,36,39,0,2,3
798941_FY2025_038,regulatory,3,11,1,14,0
798941_FY2025_039,financial,1,2,0,1,0
798941_FY2025_040,regulatory,12,11,0,23,0
798941_FY2025_041,strategic,1,4,0,2,5
798941_FY2025_042,regulatory,44,1,2,49,5
798941_FY2025_043,regulatory,15,0,15,30,0
798941_FY2025_044,regulatory,20,1,0,22,2
798941_FY2025_045,operational,1,0,2,1,1
798941_FY2025_046,regulatory,37,0,0,37,0
798941_FY2025_047,regulatory,33,1,0,34,0
798941_FY2025_048,strategic,4,0,5,11,15
798941_FY2025_049,regulatory,5,0,0,5,0
798941_FY2025_050,financial,0,0,0,0,0
798941_FY2025_051,operational,4,8,12,6,0
798941_FY2025_052,operational,7,0,11,1,4
801337_FY2021_000,strategic,9,0,3,0,12
801337_FY2021_001,strategic,7,0,1,4,11
801337_FY2021_002,strategic,12,0,1,3,15
801337_FY2021_003,operational,8,0,15,0,7
801337_FY2021_004,strategic,19,4,0,3,23
801337_FY2021_005,strategic,2,0,0,1,3
801337_FY2021_006,strategic,2,0,0,0,2
801337_FY2021_007,financial,17,19,0,2,2
801337_FY2021_008,financial,18,18,0,0,0
801337_FY2021_009,financial,42,45,0,3,1
801337_FY2021_010,financial,2,7,0,5,1
801337_FY2021_011,financial,10,13,0,3,0
801337_FY2021_012,regulatory,6,0,0,6,0
801337_FY2021_013,financial,3,3,0,0,0
801337_FY2021_014,strategic,8,6,0,0,14
801337_FY2021_015,financial,5,7,0,1,2
801337_FY2021_016,regulatory,1,0,0,1,0
801337_FY2021_017,operational,38,0,49,5,11
801337_FY2021_018,financial,33,35,0,2,0
801337_FY2021_019,financial,9,9,0,0,0
801337_FY2021_020,financial,43,43,0,0,0
801337_FY2021_021,regulatory,23,4,0,27,2
801337_FY2021_022,regulatory,10,0,1,11,0
801337_FY2021_023,financial,7,10,0,1,3
801337_FY2021_024,regulatory,16,0,0,16,0
801337_FY2021_025,regulatory,7,0,0,7,0
801337_FY2021_026,operational,3,0,4,1,0
801337_FY2021_027,operational,10,0,12,0,2
801337_FY2021_028,regulatory,4,1,0,5,0
801337_FY2021_029,operational,7,0,9,0,2
801337_FY2021_030,financial,34,41,5,7,0
801337_FY2021_031,regulatory,5,0,0,12,7
801337_FY2021_032,financial,5,6,0,1,0
801337_FY2021_033,strategic,2,6,0,2,8
801337_FY2021_034,operational,2,11,13,6,4
801337_FY2022_000,operational,28,0,33,5,5
801337_FY2022_001,operational,9,0,10,1,0
801337_FY2022_002,strategic,5,0,2,6,11
801337_FY2022_003,regulatory,5,0,0,12,7
801337_FY2022_004,financial,32,39,5,7,0
801337_FY2022_005,operational,7,0,9,0,2
801337_FY2022_006,operational,10,0,12,0,2
801337_FY2022_007,operational,3,0,4,1,0
801337_FY2022_008,financial,5,6,0,1,0
801337_FY2022_009,financial,7,10,1,1,3
801337_FY2022_010,financial,33,35,0,2,0
801337_FY2022_011,financial,9,9,0,0,0
801337_FY2022_012,financial,43,43,0,0,0
801337_FY2022_013,regulatory,23,4,0,27,2
801337_FY2022_014,regulatory,13,4,1,17,0
801337_FY2022_015,regulatory,19,0,0,19,0
801337_FY2022_016,regulatory,7,0,0,7,0
801337_FY2022_017,regulatory,4,1,0,5,0
801337_FY2022_018,financial,33,37,1,2,4
801337_FY2022_019,financial,18,18,0,0,0
801337_FY2022_020,financial,35,38,0,3,1
801337_FY2022_021,financial,11,14,0,1,3
801337_FY2022_022,financial,27,30,0,2,3
801337_FY2022_023,financial,1,7,0,6,2
801337_FY2022_024,strategic,2,6,0,2,8
801337_FY2022_025,financial,4,5,0,0,1
801337_FY2022_026,financial,10,13,0,3,0
801337_FY2022_027,regulatory,5,0,0,5,0
801337_FY2022_028,financial,3,3,0,0,0
801337_FY2022_029,strategic,8,6,0,0,14
801337_FY2022_030,financial,5,7,0,1,2
801337_FY2022_031,regulatory,1,0,0,1,0
801337_FY2022_032,strategic,10,0,3,0,13
801337_FY2022_033,strategic,8,0,1,4,12
801337_FY2022_034,strategic,12,0,1,3,15
801337_FY2022_035,operational,8,0,12,0,4
801337_FY2022_036,operational,7,0,11,0,4
801337_FY2022_037,strategic,19,4,0,3,23
801337_FY2022_038,strategic,2,0,0,1,3
801337_FY2022_039,strategic,2,0,0,0,2
801337_FY2023_000,operational,36,0,49,5,13
801337_FY2023_001,strategic,5,0,2,6,11
801337_FY2023_002,regulatory,5,0,0,12,7
801337_FY2023_003,operational,7,0,9,0,2
801337_FY2023_004,operational,10,0,12,0,2
801337_FY2023_005,operational,3,0,4,1,0
801337_FY2023_006,financial,5,6,0,1,0
801337_FY2023_007,financial,7,10,1,1,3
801337_FY2023_008,financial,33,35,0,2,0
801337_FY2023_009,financial,9,9,0,0,0
801337_FY2023_010,financial,44,45,0,0,1
801337_FY2023_011,financial,16,16,0,0,0
801337_FY2023_012,regulatory,24,3,0,27,2
801337_FY2023_013,regulatory,17,3,1,20,0
801337_FY2023_014,regulatory,13,0,0,13,0
801337_FY2023_015,regulatory,7,0,0,7,0
801337_FY2023_016,regulatory,4,1,0,5,0
801337_FY2023_017,financial,33,37,1,2,4
801337_FY2023_018,financial,18,18,0,0,0
801337_FY2023_019,financial,48,52,0,4,4
801337_FY2023_020,financial,27,30,0,2,3
801337_FY2023_021,financial,12,13,0,1,0
801337_FY2023_022,financial,23,29,0,6,0
801337_FY2023_023,financial,17,17,0,0,0
801337_FY2023_024,financial,4,7,0,3,1
801337_FY2023_025,strategic,2,6,0,2,8
801337_FY2023_026,financial,10,13,0,3,0
801337_FY2023_027,regulatory,5,0,0,5,0
801337_FY2023_028,financial,3,3,0,0,0
801337_FY2023_029,strategic,7,6,0,0,13
801337_FY2023_030,financial,5,7,0,1,2
801337_FY2023_031,regulatory,1,0,0,1,0
801337_FY2023_032,strategic,12,0,1,3,15
801337_FY2023_033,operational,15,0,23,0,8
801337_FY2023_034,strategic,19,4,0,3,23
801337_FY2023_035,strategic,2,0,1,1,3
801337_FY2023_036,strategic,12,4,0,0,16
801337_FY2024_000,operational,27,0,40,5,13
801337_FY2024_001,regulatory,13,0,20,33,1
801337_FY2024_002,operational,7,1,8,1,1
801337_FY2024_003,strategic,3,1,3,6,9
801337_FY2024_004,regulatory,5,0,0,12,7
801337_FY2024_005,operational,7,0,9,0,2
801337_FY2024_006,operational,10,0,12,0,2
801337_FY2024_007,operational,3,0,4,1,0
801337_FY2024_008,financial,5,6,0,1,0
801337_FY2024_009,financial,4,6,0,1,2
801337_FY2024_010,financial,2,6,0,0,4
801337_FY2024_011,operational,8,2,11,3,1
801337_FY2024_012,regulatory,5,1,5,10,2
801337_FY2024_013,financial,33,35,0,2,0
801337_FY2024_014,financial,9,9,0,0,0
801337_FY2024_015,financial,44,45,0,0,1
801337_FY2024_016,financial,16,16,0,0,0
801337_FY2024_017,regulatory,29,3,0,32,2
801337_FY2024_018,regulatory,5,1,0,9,4
801337_FY2024_019,regulatory,16,3,1,19,0
801337_FY2024_020,regulatory,17,4,1,21,0
801337_FY2024_021,regulatory,13,0,0,13,0
801337_FY2024_022,regulatory,7,0,0,7,0
801337_FY2024_023,regulatory,4,1,0,5,0
801337_FY2024_024,regulatory,0,0,0,10,10
801337_FY2024_025,financial,34,38,1,2,4
801337_FY2024_026,financial,18,18,0,0,0
801337_FY2024_027,financial,48,52,0,3,4
801337_FY2024_028,financial,27,30,0,2,3
801337_FY2024_029,financial,21,22,0,1,0
801337_FY2024_030,financial,23,29,0,6,0
801337_FY2024_031,financial,17,17,0,0,0
801337_FY2024_032,financial,4,7,0,3,1
801337_FY2024_033,financial,4,6,0,1,2
801337_FY2024_034,financial,5,6,0,0,1
801337_FY2024_035,strategic,2,6,0,2,8
801337_FY2024_036,financial,13,16,0,3,0
801337_FY2024_037,regulatory,5,0,0,5,0
801337_FY2024_038,financial,3,3,0,0,0
801337_FY2024_039,strategic,7,6,0,0,13
801337_FY2024_040,financial,5,7,0,1,2
801337_FY2024_041,regulatory,1,0,0,1,0
801337_FY2024_042,strategic,12,0,1,3,15
801337_FY2024_043,operational,15,0,23,0,8
801337_FY2024_044,strategic,19,4,0,3,23
801337_FY2024_045,strategic,2,0,1,1,3
801337_FY2024_046,strategic,14,0,0,0,14
801337_FY2025_000,regulatory,0,0,0,1,1
801337_FY2025_001,financial,9,9,0,0,0
801337_FY2025_002,financial,7,8,0,1,0
801337_FY2025_003,financial,10,10,0,0,0
801337_FY2025_004,operational,2,2,7,1,5
801337_FY2025_005,regulatory,19,0,1,22,3
801337_FY2025_006,strategic,7,1,2,1,9
801337_FY2025_007,operational,1,0,1,0,0
801337_FY2025_008,operational,4,0,4,0,0
801337_FY2025_009,regulatory,2,1,0,3,0
801337_FY2025_010,regulatory,1,2,0,3,1
801337_FY2025_011,regulatory,15,0,0,16,1
801337_FY2025_012,strategic,2,0,1,1,3
801337_FY2025_013,strategic,5,1,3,0,8
801337_FY2025_014,financial,35,38,2,3,0
801337_FY2025_015,financial,8,10,0,0,2
801337_FY2025_016,financial,54,55,0,0,1
801337_FY2025_017,financial,32,32,0,0,0
801337_FY2025_018,financial,27,28,0,1,0
801337_FY2025_019,financial,29,33,0,4,0
801337_FY2025_020,financial,9,10,0,0,1
801337_FY2025_021,regulatory,1,7,0,8,1
801337_FY2025_022,financial,6,8,0,2,2
801337_FY2025_023,financial,42,46,1,4,4
801337_FY2025_024,financial,31,31,0,0,0
801337_FY2025_025,financial,59,64,0,5,5
801337_FY2025_026,financial,26,33,0,5,7
801337_FY2025_027,strategic,2,6,0,2,8
801337_FY2025_028,financial,9,16,0,7,0
801337_FY2025_029,financial,18,19,0,1,1
801337_FY2025_030,operational,7,0,9,0,2
801337_FY2025_031,operational,10,0,12,0,2
801337_FY2025_032,operational,3,0,4,1,0
801337_FY2025_033,financial,3,9,0,6,3
801337_FY2025_034,financial,5,6,0,1,0
801337_FY2025_035,operational,8,2,11,3,1
801337_FY2025_036,operational,3,2,14,11,3
801337_FY2025_037,operational,32,0,45,5,13
801337_FY2025_038,operational,7,1,8,1,1
801337_FY2025_039,regulatory,5,0,0,5,0
801337_FY2025_040,financial,3,3,0,0,0
801337_FY2025_041,strategic,7,6,0,0,13
801337_FY2025_042,financial,5,7,0,1,2
801337_FY2025_043,regulatory,16,3,1,19,0
801337_FY2025_044,regulatory,13,0,0,13,0
801337_FY2025_045,regulatory,37,3,1,40,3
801337_FY2025_046,regulatory,5,1,0,9,4
801337_FY2025_047,regulatory,18,4,1,22,0
801337_FY2025_048,regulatory,7,0,0,7,0
801337_FY2025_049,regulatory,4,1,0,5,0
801337_FY2025_050,regulatory,5,0,0,12,7
801337_FY2025_051,regulatory,13,0,20,33,1
801337_FY2025_052,strategic,12,0,1,3,15
801337_FY2025_053,operational,17,0,25,0,8
801337_FY2025_054,strategic,22,4,0,3,26
801337_FY2025_055,strategic,2,0,1,1,3
801337_FY2025_056,strategic,14,0,0,0,14
801337_FY2025_057,regulatory,1,0,0,1,0
801337_FY2025_058,strategic,5,1,4,6,11
801337_FY2025_059,financial,4,8,0,0,4
811830_FY2021_000,financial,2,2,0,0,0
811830_FY2021_001,financial,0,4,0,0,4
811830_FY2021_002,financial,9,10,0,0,1
811830_FY2021_003,strategic,1,0,0,0,1
811830_FY2021_004,regulatory,10,0,0,10,0
811830_FY2021_005,regulatory,8,0,0,8,0
811830_FY2021_006,financial,7,8,0,1,0
811830_FY2021_007,financial,16,17,0,1,0
811830_FY2021_008,financial,5,6,0,1,1
811830_FY2021_009,strategic,8,0,0,2,10
811830_FY2021_010,operational,7,0,8,0,1
811830_FY2021_011,operational,12,0,12,0,0
811830_FY2021_012,financial,1,1,0,0,0
811830_FY2021_013,strategic,1,3,2,1,4
811830_FY2021_014,financial,17,17,0,0,0
811830_FY2021_015,financial,25,31,1,3,6
811830_FY2021_016,financial,11,16,0,5,5
811830_FY2021_017,financial,43,47,3,4,3
811830_FY2021_018,financial,2,10,0,8,0
811830_FY2021_019,regulatory,33,2,1,36,3
811830_FY2021_020,regulatory,14,1,0,15,0
811830_FY2021_021,regulatory,4,8,0,12,5
811830_FY2021_022,financial,5,14,2,9,3
811830_FY2021_023,regulatory,16,0,0,16,0
811830_FY2021_024,regulatory,9,0,1,10,0
811830_FY2021_025,regulatory,41,2,4,45,1
811830_FY2021_026,regulatory,46,1,3,49,3
811830_FY2021_027,regulatory,34,0,3,37,2
811830_FY2021_028,regulatory,27,0,0,27,0
811830_FY2021_029,financial,3,6,0,3,0
811830_FY2021_030,financial,49,52,0,3,3
811830_FY2021_031,financial,15,15,0,0,0
811830_FY2021_032,financial,39,40,0,1,0
811830_FY2021_033,financial,8,9,1,0,0
811830_FY2021_034,financial,55,58,0,2,3
811830_FY2021_035,financial,20,21,0,1,0
811830_FY2021_036,financial,45,46,0,1,1
811830_FY2021_037,financial,22,25,3,0,0
811830_FY2021_038,financial,2,6,4,1,0
811830_FY2021_039,financial,1,9,8,2,1
811830_FY2021_040,operational,3,7,10,1,1
811830_FY2021_041,financial,5,5,0,0,0
811830_FY2021_042,strategic,29,22,2,2,51
811830_FY2021_043,strategic,23,0,4,1,27
811830_FY2021_044,financial,11,15,0,0,4
811830_FY2021_045,operational,7,0,10,2,3
811830_FY2021_046,strategic,8,2,18,15,26
811830_FY2021_047,financial,0,1,0,1,0
811830_FY2021_048,operational,3,0,6,0,3
811830_FY2021_049,operational,91,2,111,20,16
811830_FY2021_050,financial,7,23,4,16,14
811830_FY2021_051,financial,0,17,0,0,17
811830_FY2021_052,regulatory,2,11,3,13,7
811830_FY2021_053,financial,5,6,0,1,0
811830_FY2021_054,strategic,14,0,2,3,17
811830_FY2021_055,operational,16,2,20,4,3
811830_FY2021_056,financial,4,8,1,4,0
811830_FY2021_057,financial,0,7,0,7,0
811830_FY2021_058,financial,9,10,1,0,0
811830_FY2021_059,operational,8,3,11,3,3
811830_FY2021_060,strategic,2,4,0,4,6
811830_FY2022_000,financial,2,2,0,0,0
811830_FY2022_001,financial,0,4,0,0,4
811830_FY2022_002,financial,9,10,0,0,1
811830_FY2022_003,strategic,1,0,0,0,1
811830_FY2022_004,regulatory,10,0,0,10,0
811830_FY2022_005,regulatory,8,0,0,8,0
811830_FY2022_006,financial,7,8,0,1,0
811830_FY2022_007,financial,16,17,0,1,0
811830_FY2022_008,financial,5,6,0,1,1
811830_FY2022_009,strategic,8,0,0,2,10
811830_FY2022_010,operational,7,0,8,0,1
811830_FY2022_011,operational,12,0,12,0,0
811830_FY2022_012,financial,1,1,0,0,0
811830_FY2022_013,strategic,1,3,2,1,4
811830_FY2022_014,financial,17,17,0,0,0
811830_FY2022_015,financial,24,30,1,3,6
811830_FY2022_016,financial,11,16,0,5,5
811830_FY2022_017,financial,42,46,3,4,3
811830_FY2022_018,financial,4,9,0,5,0
811830_FY2022_019,regulatory,33,2,1,36,3
811830_FY2022_020,regulatory,14,1,0,15,0
811830_FY2022_021,regulatory,4,9,0,13,5
811830_FY2022_022,financial,5,14,2,9,3
811830_FY2022_023,regulatory,24,5,0,29,0
811830_FY2022_024,regulatory,9,0,1,10,0
811830_FY2022_025,regulatory,43,2,4,47,2
811830_FY2022_026,regulatory,46,1,3,49,3
811830_FY2022_027,regulatory,37,0,3,42,5
811830_FY2022_028,regulatory,27,0,0,27,0
811830_FY2022_029,financial,3,6,0,3,0
811830_FY2022_030,financial,49,52,0,3,3
811830_FY2022_031,financial,15,15,0,0,0
811830_FY2022_032,financial,40,41,0,1,0
811830_FY2022_033,financial,8,9,1,0,0
811830_FY2022_034,financial,55,58,0,2,3
811830_FY2022_035,financial,20,21,0,1,0
811830_FY2022_036,financial,45,46,0,1,1
811830_FY2022_037,financial,22,25,3,0,0
811830_FY2022_038,financial,2,6,4,1,0
811830_FY2022_039,financial,1,9,8,2,1
811830_FY2022_040,operational,3,7,10,1,1
811830_FY2022_041,financial,5,5,0,0,0
811830_FY2022_042,strategic,29,22,2,2,51
811830_FY2022_043,strategic,23,0,4,1,27
811830_FY2022_044,financial,11,15,0,0,4
811830_FY2022_045,operational,11,0,14,2,3
811830_FY2022_046,strategic,9,2,18,17,27
811830_FY2022_047,financial,0,1,0,1,0
811830_FY2022_048,operational,3,0,6,0,3
811830_FY2022_049,operational,91,2,116,25,16
811830_FY2022_050,financial,15,18,0,0,3
811830_FY2022_051,strategic,2,12,0,0,14
811830_FY2022_052,financial,2,13,2,11,10
811830_FY2022_053,financial,5,6,0,1,0
811830_FY2022_054,strategic,14,0,2,3,17
811830_FY2022_055,operational,20,2,24,4,3
811830_FY2022_056,financial,4,8,1,4,0
811830_FY2022_057,financial,0,7,0,7,0
811830_FY2022_058,financial,9,10,1,0,0
811830_FY2022_059,operational,8,3,11,3,3
811830_FY2022_060,strategic,2,4,0,4,6
811830_FY2023_000,financial,2,2,0,0,0
811830_FY2023_001,financial,0,4,0,0,4
811830_FY2023_002,regulatory,10,0,0,10,0
811830_FY2023_003,regulatory,8,0,0,8,0
811830_FY2023_004,financial,7,8,0,1,0
811830_FY2023_005,financial,16,17,0,1,0
811830_FY2023_006,financial,5,6,0,1,1
811830_FY2023_007,strategic,8,0,0,2,10
811830_FY2023_008,strategic,1,0,0,0,1
811830_FY2023_009,operational,7,0,8,0,1
811830_FY2023_010,operational,12,0,12,0,0
811830_FY2023_011,financial,5,5,0,0,0
811830_FY2023_012,strategic,1,3,2,1,4
811830_FY2023_013,financial,17,17,0,0,0
811830_FY2023_014,financial,24,30,1,3,6
811830_FY2023_015,financial,11,16,0,5,5
811830_FY2023_016,regulatory,33,2,1,36,3
811830_FY2023_017,regulatory,14,1,0,15,0
811830_FY2023_018,regulatory,4,9,0,13,5
811830_FY2023_019,financial,5,14,2,9,3
811830_FY2023_020,regulatory,21,4,0,25,0
811830_FY2023_021,regulatory,9,0,1,10,0
811830_FY2023_022,regulatory,43,2,4,47,2
811830_FY2023_023,regulatory,46,1,3,49,3
811830_FY2023_024,regulatory,37,0,4,43,6
811830_FY2023_025,regulatory,27,0,0,27,0
811830_FY2023_026,financial,3,6,0,3,0
811830_FY2023_027,financial,47,50,0,3,3
811830_FY2023_028,financial,15,15,0,0,0
811830_FY2023_029,financial,40,41,0,1,0
811830_FY2023_030,financial,8,9,1,0,0
811830_FY2023_031,financial,55,58,0,2,3
811830_FY2023_032,financial,21,22,0,1,0
811830_FY2023_033,financial,45,46,0,1,1
811830_FY2023_034,financial,9,15,0,6,1
811830_FY2023_035,financial,22,25,3,0,0
811830_FY2023_036,financial,2,6,4,1,0
811830_FY2023_037,financial,1,9,8,2,1
811830_FY2023_038,operational,3,7,10,1,1
811830_FY2023_039,financial,5,5,0,0,0
811830_FY2023_040,strategic,29,22,2,2,51
811830_FY2023_041,strategic,23,0,4,1,27
811830_FY2023_042,financial,12,16,0,0,4
811830_FY2023_043,operational,11,0,14,2,3
811830_FY2023_044,strategic,11,2,20,24,35
811830_FY2023_045,financial,0,0,0,0,0
811830_FY2023_046,financial,10,12,2,2,1
811830_FY2023_047,operational,3,0,6,0,3
811830_FY2023_048,operational,98,2,126,28,20
811830_FY2023_049,financial,15,18,0,0,3
811830_FY2023_050,strategic,2,12,0,0,14
811830_FY2023_051,regulatory,4,17,6,21,13
811830_FY2023_052,financial,5,6,0,1,0
811830_FY2023_053,strategic,14,0,2,3,17
811830_FY2023_054,operational,20,2,24,4,3
811830_FY2023_055,regulatory,10,11,4,21,1
811830_FY2023_056,regulatory,1,7,0,8,0
811830_FY2023_057,financial,9,10,1,0,0
811830_FY2023_058,operational,8,3,11,3,3
811830_FY2023_059,strategic,2,4,0,4,6
811830_FY2024_000,financial,2,2,0,0,0
811830_FY2024_001,financial,0,4,0,0,4
811830_FY2024_002,regulatory,10,0,0,10,0
811830_FY2024_003,regulatory,8,0,0,8,0
811830_FY2024_004,financial,7,8,0,1,0
811830_FY2024_005,financial,16,17,0,1,0
811830_FY2024_006,financial,5,6,0,1,1
811830_FY2024_007,strategic,8,0,0,2,10
811830_FY2024_008,strategic,1,0,0,0,1
811830_FY2024_009,operational,7,0,8,0,1
811830_FY2024_010,operational,12,0,12,0,0
811830_FY2024_011,financial,5,5,0,0,0
811830_FY2024_012,strategic,1,3,2,1,4
811830_FY2024_013,financial,17,17,0,0,0
811830_FY2024_014,financial,25,31,1,5,6
811830_FY2024_015,financial,9,16,0,7,5
811830_FY2024_016,regulatory,35,2,1,38,3
811830_FY2024_017,regulatory,14,1,0,15,0
811830_FY2024_018,regulatory,4,9,0,13,5
811830_FY2024_019,financial,5,14,2,9,3
811830_FY2024_020,regulatory,20,4,0,24,0
811830_FY2024_021,regulatory,11,0,1,12,0
811830_FY2024_022,regulatory,6,0,0,6,0
811830_FY2024_023,regulatory,43,2,4,47,2
811830_FY2024_024,regulatory,46,1,3,49,3
811830_FY2024_025,regulatory,37,0,4,43,6
811830_FY2024_026,regulatory,27,0,0,27,0
811830_FY2024_027,financial,3,6,0,3,0
811830_FY2024_028,financial,46,50,0,4,3
811830_FY2024_029,financial,15,15,0,0,0
811830_FY2024_030,financial,40,41,0,1,0
811830_FY2024_031,financial,8,9,1,0,0
811830_FY2024_032,financial,66,70,1,2,4
811830_FY2024_033,financial,21,22,0,1,0
811830_FY2024_034,financial,53,54,0,1,1
811830_FY2024_035,financial,6,12,0,6,1
811830_FY2024_036,financial,22,25,3,0,0
811830_FY2024_037,financial,2,6,4,1,0
811830_FY2024_038,financial,0,9,9,2,1
811830_FY2024_039,operational,3,7,10,1,1
811830_FY2024_040,financial,5,5,0,0,0
811830_FY2024_041,strategic,29,22,2,2,51
811830_FY2024_042,strategic,22,0,5,1,27
811830_FY2024_043,financial,11,15,0,0,4
811830_FY2024_044,operational,8,0,11,2,3
811830_FY2024_045,strategic,11,2,20,24,35
811830_FY2024_046,regulatory,2,0,0,2,0
811830_FY2024_047,financial,7,10,2,3,1
811830_FY2024_048,operational,3,0,6,0,3
811830_FY2024_049,operational,102,2,132,30,19
811830_FY2024_050,regulatory,29,0,3,32,2
811830_FY2024_051,financial,15,18,0,0,3
811830_FY2024_052,regulatory,6,20,7,26,14
811830_FY2024_053,financial,5,6,0,1,0
811830_FY2024_054,strategic,14,0,2,3,17
811830_FY2024_055,operational,20,2,24,4,3
811830_FY2024_056,regulatory,10,11,4,21,1
811830_FY2024_057,regulatory,1,7,0,8,0
811830_FY2024_058,financial,9,10,1,0,0
811830_FY2024_059,operational,8,3,11,3,3
811830_FY2024_060,strategic,2,4,0,4,6
811830_FY2025_000,financial,2,2,0,0,0
811830_FY2025_001,financial,0,4,0,0,4
811830_FY2025_002,regulatory,10,0,0,10,0
811830_FY2025_003,financial,7,8,0,1,0
811830_FY2025_004,financial,16,17,0,1,0
811830_FY2025_005,financial,5,6,0,1,1
811830_FY2025_006,strategic,8,0,0,2,10
811830_FY2025_007,regulatory,8,0,0,8,0
811830_FY2025_008,operational,7,0,8,0,1
811830_FY2025_009,operational,12,0,12,0,0
811830_FY2025_010,strategic,2,0,0,0,2
811830_FY2025_011,financial,5,5,0,0,0
811830_FY2025_012,strategic,1,3,2,1,4
811830_FY2025_013,financial,16,16,0,0,0
811830_FY2025_014,financial,24,30,1,5,6
811830_FY2025_015,financial,7,11,0,2,4
811830_FY2025_016,financial,8,16,0,8,5
811830_FY2025_017,regulatory,35,2,1,38,3
811830_FY2025_018,regulatory,15,1,0,16,0
811830_FY2025_019,regulatory,6,9,0,15,6
811830_FY2025_020,financial,5,14,2,9,3
811830_FY2025_021,regulatory,22,4,0,26,2
811830_FY2025_022,regulatory,17,0,1,18,0
811830_FY2025_023,regulatory,36,2,1,38,2
811830_FY2025_024,regulatory,41,1,2,44,3
811830_FY2025_025,regulatory,33,0,4,39,6
811830_FY2025_026,regulatory,24,6,0,30,0
811830_FY2025_027,financial,46,50,0,4,3
811830_FY2025_028,financial,15,15,0,0,0
811830_FY2025_029,financial,41,44,0,3,3
811830_FY2025_030,financial,8,9,1,0,0
811830_FY2025_031,financial,66,69,0,2,3
811830_FY2025_032,financial,21,22,0,1,0
811830_FY2025_033,financial,53,54,0,1,1
811830_FY2025_034,financial,10,16,0,6,2
811830_FY2025_035,financial,22,25,3,0,0
811830_FY2025_036,financial,2,6,4,1,0
811830_FY2025_037,financial,0,9,9,2,1
811830_FY2025_038,operational,3,7,10,1,1
811830_FY2025_039,financial,6,6,0,0,0
811830_FY2025_040,strategic,34,22,2,2,56
811830_FY2025_041,strategic,37,0,7,3,44
811830_FY2025_042,financial,11,15,0,0,4
811830_FY2025_043,operational,6,0,9,1,3
811830_FY2025_044,strategic,9,2,19,18,28
811830_FY2025_045,regulatory,2,0,0,2,0
811830_FY2025_046,operational,126,2,166,40,25
811830_FY2025_047,operational,20,1,31,11,11
811830_FY2025_048,financial,14,17,0,0,3
811830_FY2025_049,strategic,14,0,2,3,17
811830_FY2025_050,operational,12,2,14,2,2
811830_FY2025_051,financial,8,21,4,13,2
811830_FY2025_052,financial,5,6,0,1,0
811830_FY2025_053,regulatory,5,0,0,5,0
811830_FY2025_054,financial,0,3,1,3,0
811830_FY2025_055,operational,8,3,11,3,3
811830_FY2025_056,strategic,2,4,0,4,6
83246_FY2021_000,financial,38,45,2,7,4
83246_FY2021_001,regulatory,1,15,14,16,5
83246_FY2021_002,financial,40,41,0,1,0
83246_FY2021_003,financial,7,11,0,4,0
83246_FY2021_004,regulatory,22,6,0,28,4
83246_FY2021_005,regulatory,17,0,0,21,4
83246_FY2021_006,regulatory,1,1,0,3,2
83246_FY2021_007,regulatory,5,3,0,8,0
83246_FY2021_008,regulatory,55,3,2,59,4
83246_FY2021_009,regulatory,8,2,1,13,5
83246_FY2021_010,regulatory,21,19,2,40,2
83246_FY2021_011,regulatory,3,0,1,5,2
83246_FY2021_012,regulatory,12,0,2,14,0
83246_FY2021_013,strategic,9,6,10,6,19
83246_FY2021_014,regulatory,2,1,5,7,5
83246_FY2021_015,strategic,14,2,1,1,16
83246_FY2021_016,financial,37,42,0,5,2
83246_FY2021_017,strategic,24,2,0,2,26
83246_FY2021_018,financial,6,11,0,5,1
83246_FY2021_019,financial,15,18,3,3,1
83246_FY2021_020,financial,1,2,1,1,0
83246_FY2021_021,financial,7,8,0,0,1
83246_FY2021_022,regulatory,21,0,1,22,1
83246_FY2021_023,operational,10,1,15,2,5
83246_FY2021_024,strategic,2,0,4,0,6
83246_FY2021_025,strategic,1,9,0,11,12
83246_FY2021_026,operational,24,0,30,5,6
83246_FY2021_027,operational,17,1,32,15,10
83246_FY2021_028,operational,11,0,14,3,2
83246_FY2021_029,operational,13,0,17,4,2
83246_FY2021_030,operational,1,4,5,3,3
83246_FY2021_031,regulatory,4,0,0,4,0
83246_FY2021_032,financial,6,6,0,0,0
83246_FY2021_033,financial,12,18,0,6,0
83246_FY2021_034,regulatory,8,0,0,16,8
83246_FY2021_035,regulatory,3,0,1,6,3
83246_FY2021_036,operational,0,0,7,7,1
83246_FY2021_037,operational,5,0,13,2,8
83246_FY2021_038,financial,4,8,0,4,0
83246_FY2021_039,operational,5,0,6,1,0
83246_FY2021_040,regulatory,6,0,0,6,0
83246_FY2022_000,financial,39,46,2,7,5
83246_FY2022_001,financial,40,41,0,1,0
83246_FY2022_002,financial,7,11,0,4,0
83246_FY2022_003,regulatory,22,5,0,27,2
83246_FY2022_004,regulatory,16,1,0,22,6
83246_FY2022_005,strategic,1,0,0,2,3
83246_FY2022_006,regulatory,5,3,0,8,0
83246_FY2022_007,regulatory,55,3,2,59,4
83246_FY2022_008,regulatory,8,2,1,13,5
83246_FY2022_009,regulatory,20,19,2,39,2
83246_FY2022_010,regulatory,3,0,1,5,2
83246_FY2022_011,regulatory,12,0,2,14,0
83246_FY2022_012,strategic,17,0,2,2,19
83246_FY2022_013,regulatory,0,3,4,7,7
83246_FY2022_014,strategic,4,2,0,1,6
83246_FY2022_015,financial,21,24,0,3,1
83246_FY2022_016,financial,17,19,0,2,1
83246_FY2022_017,strategic,24,1,0,2,26
83246_FY2022_018,financial,5,9,0,4,1
83246_FY2022_019,financial,15,19,4,3,1
83246_FY2022_020,financial,7,8,0,0,1
83246_FY2022_021,regulatory,21,0,1,22,1
83246_FY2022_022,operational,10,1,15,2,5
83246_FY2022_023,strategic,2,0,4,0,6
83246_FY2022_024,strategic,1,11,1,12,13
83246_FY2022_025,operational,24,0,30,5,6
83246_FY2022_026,operational,24,1,39,15,10
83246_FY2022_027,operational,11,0,14,3,2
83246_FY2022_028,operational,13,0,17,4,2
83246_FY2022_029,operational,1,4,5,3,3
83246_FY2022_030,regulatory,4,0,0,4,0
83246_FY2022_031,financial,18,24,0,6,0
83246_FY2022_032,regulatory,4,0,0,12,8
83246_FY2022_033,regulatory,3,0,1,6,3
83246_FY2022_034,operational,0,0,7,7,1
83246_FY2022_035,operational,4,0,12,2,8
83246_FY2022_036,financial,4,8,0,4,0
83246_FY2022_037,operational,5,0,6,1,0
83246_FY2022_038,regulatory,6,0,0,6,0
83246_FY2023_000,financial,35,42,2,7,6
83246_FY2023_001,financial,11,11,0,0,0
83246_FY2023_002,financial,40,41,0,1,0
83246_FY2023_003,financial,7,11,0,4,0
83246_FY2023_004,regulatory,43,6,0,51,8
83246_FY2023_005,strategic,1,0,0,2,3
83246_FY2023_006,regulatory,5,3,0,8,0
83246_FY2023_007,regulatory,22,1,0,23,0
83246_FY2023_008,regulatory,33,2,2,37,4
83246_FY2023_009,regulatory,9,4,1,14,5
83246_FY2023_010,regulatory,28,13,2,41,6
83246_FY2023_011,regulatory,3,0,1,5,2
83246_FY2023_012,regulatory,12,0,2,14,0
83246_FY2023_013,strategic,15,0,1,1,16
83246_FY2023_014,strategic,2,0,1,1,3
83246_FY2023_015,regulatory,0,3,4,7,7
83246_FY2023_016,strategic,4,2,0,1,6
83246_FY2023_017,financial,38,43,0,5,2
83246_FY2023_018,strategic,23,1,1,2,25
83246_FY2023_019,financial,6,10,0,4,1
83246_FY2023_020,financial,7,8,0,0,1
83246_FY2023_021,regulatory,7,1,17,24,4
83246_FY2023_022,operational,5,0,9,4,4
83246_FY2023_023,operational,52,2,56,4,3
83246_FY2023_024,regulatory,20,0,5,26,6
83246_FY2023_025,operational,11,0,14,1,3
83246_FY2023_026,regulatory,0,11,0,14,14
83246_FY2023_027,operational,11,0,14,3,2
83246_FY2023_028,operational,13,0,17,4,2
83246_FY2023_029,operational,1,4,5,3,3
83246_FY2023_030,financial,18,24,0,6,0
83246_FY2023_031,regulatory,4,0,0,12,8
83246_FY2023_032,operational,0,0,7,7,1
83246_FY2023_033,operational,4,0,12,2,8
83246_FY2023_034,financial,4,8,0,4,0
83246_FY2023_035,operational,5,0,6,1,0
83246_FY2023_036,regulatory,6,0,0,6,0
83246_FY2024_000,financial,38,45,2,7,4
83246_FY2024_001,financial,1,1,0,0,0
83246_FY2024_002,financial,40,41,0,1,0
83246_FY2024_003,financial,7,11,0,4,0
83246_FY2024_004,regulatory,24,5,2,29,2
83246_FY2024_005,regulatory,16,1,0,22,6
83246_FY2024_006,strategic,1,0,0,2,3
83246_FY2024_007,regulatory,9,3,1,12,0
83246_FY2024_008,regulatory,56,3,2,60,4
83246_FY2024_009,regulatory,8,2,1,13,5
83246_FY2024_010,regulatory,22,20,2,42,4
83246_FY2024_011,regulatory,3,0,1,5,2
83246_FY2024_012,regulatory,12,0,2,14,0
83246_FY2024_013,strategic,17,0,2,2,19
83246_FY2024_014,regulatory,0,3,4,7,7
83246_FY2024_015,strategic,4,2,0,1,6
83246_FY2024_016,strategic,1,0,0,0,1
83246_FY2024_017,financial,38,43,0,5,2
83246_FY2024_018,strategic,23,1,1,2,25
83246_FY2024_019,financial,5,9,0,4,1
83246_FY2024_020,financial,7,8,0,0,1
83246_FY2024_021,regulatory,5,1,17,22,5
83246_FY2024_022,operational,6,0,10,4,4
83246_FY2024_023,operational,55,2,59,4,3
83246_FY2024_024,regulatory,18,0,5,26,8
83246_FY2024_025,operational,12,0,15,1,3
83246_FY2024_026,strategic,3,19,4,23,26
83246_FY2024_027,strategic,1,0,0,3,4
83246_FY2024_028,operational,11,0,14,3,2
83246_FY2024_029,operational,13,0,17,4,2
83246_FY2024_030,operational,1,4,5,3,3
83246_FY2024_031,financial,18,24,0,6,0
83246_FY2024_032,regulatory,4,0,0,12,8
83246_FY2024_033,operational,1,0,8,7,1
83246_FY2024_034,operational,4,0,12,2,8
83246_FY2024_035,financial,4,8,0,4,0
83246_FY2024_036,regulatory,7,4,0,11,0
83246_FY2024_037,operational,5,0,6,1,0
83246_FY2024_038,regulatory,6,0,0,6,0
83246_FY2025_000,financial,38,44,2,6,4
83246_FY2025_001,financial,1,1,0,0,0
83246_FY2025_002,financial,40,41,0,1,0
83246_FY2025_003,financial,7,11,0,4,0
83246_FY2025_004,regulatory,24,3,2,28,4
83246_FY2025_005,regulatory,17,0,0,21,4
83246_FY2025_006,regulatory,9,3,1,12,0
83246_FY2025_007,regulatory,50,3,2,55,5
83246_FY2025_008,regulatory,8,2,1,13,5
83246_FY2025_009,regulatory,24,20,2,44,4
83246_FY2025_010,regulatory,3,0,1,5,2
83246_FY2025_011,regulatory,12,0,2,14,0
83246_FY2025_012,strategic,17,0,2,2,19
83246_FY2025_013,regulatory,0,3,4,7,7
83246_FY2025_014,strategic,1,0,0,2,3
83246_FY2025_015,strategic,3,1,0,1,4
83246_FY2025_016,financial,38,43,0,5,2
83246_FY2025_017,strategic,23,1,1,2,25
83246_FY2025_018,financial,5,9,0,4,1
83246_FY2025_019,financial,7,8,0,0,1
83246_FY2025_020,regulatory,16,0,4,20,2
83246_FY2025_021,operational,16,1,25,6,9
83246_FY2025_022,operational,40,2,44,4,3
83246_FY2025_023,operational,16,0,16,0,0
83246_FY2025_024,regulatory,18,0,5,26,8
83246_FY2025_025,operational,12,0,15,1,3
83246_FY2025_026,strategic,5,13,4,22,27
83246_FY2025_027,operational,7,0,10,3,2
83246_FY2025_028,operational,13,0,17,4,2
83246_FY2025_029,financial,0,4,4,3,3
83246_FY2025_030,financial,18,24,0,6,0
83246_FY2025_031,regulatory,4,0,0,12,8
83246_FY2025_032,operational,1,0,8,7,1
83246_FY2025_033,operational,2,0,11,2,9
83246_FY2025_034,financial,4,8,4,4,0
83246_FY2025_035,regulatory,6,0,0,6,0
857855_FY2021_000,strategic,15,12,2,2,27
857855_FY2021_001,strategic,9,1,0,0,10
857855_FY2021_002,strategic,14,0,0,1,15
857855_FY2021_003,strategic,6,6,3,4,12
857855_FY2021_004,strategic,2,0,0,0,2
857855_FY2021_005,strategic,7,0,0,1,8
857855_FY2021_006,strategic,1,3,5,0,6
857855_FY2021_007,operational,18,2,20,0,0
857855_FY2021_008,operational,15,0,16,1,0
857855_FY2021_009,operational,33,2,42,9,6
857855_FY2021_010,operational,31,6,37,1,4
857855_FY2021_011,operational,0,5,6,6,5
857855_FY2021_012,operational,0,1,13,0,13
857855_FY2021_013,financial,29,31,0,2,0
857855_FY2021_014,financial,7,16,0,9,1
857855_FY2021_015,financial,11,14,1,3,0
857855_FY2021_016,strategic,1,3,0,6,7
857855_FY2021_017,financial,23,23,0,0,0
857855_FY2021_018,financial,18,18,0,0,0
857855_FY2021_019,financial,47,48,0,1,1
857855_FY2021_020,financial,35,36,0,1,1
857855_FY2021_021,financial,4,16,12,3,1
857855_FY2021_022,regulatory,11,13,0,24,1
857855_FY2021_023,financial,0,14,0,14,0
857855_FY2021_024,regulatory,6,0,3,9,2
857855_FY2021_025,regulatory,9,0,4,13,0
857855_FY2021_026,financial,69,75,0,5,6
857855_FY2021_027,financial,47,50,0,2,3
857855_FY2021_028,financial,21,21,0,0,0
857855_FY2021_029,financial,3,5,0,2,0
857855_FY2021_030,financial,43,50,1,7,0
857855_FY2021_031,financial,7,8,0,1,0
857855_FY2021_032,regulatory,6,0,0,6,0
857855_FY2021_033,regulatory,16,0,0,16,0
857855_FY2021_034,operational,3,0,4,1,0
857855_FY2021_035,financial,13,17,0,3,4
857855_FY2021_036,financial,6,7,0,1,0
857855_FY2021_037,financial,19,23,0,4,0
857855_FY2021_038,financial,13,14,0,1,0
857855_FY2021_039,financial,16,16,0,0,0
857855_FY2021_040,strategic,5,5,0,2,10
857855_FY2021_041,strategic,4,0,3,4,8
857855_FY2021_042,financial,3,5,0,1,2
857855_FY2022_000,strategic,15,12,2,2,27
857855_FY2022_001,strategic,9,0,0,0,9
857855_FY2022_002,strategic,16,0,0,1,17
857855_FY2022_003,strategic,8,6,3,4,14
857855_FY2022_004,strategic,2,0,0,0,2
857855_FY2022_005,strategic,7,0,0,1,8
857855_FY2022_006,strategic,1,3,5,0,6
857855_FY2022_007,operational,18,2,20,0,0
857855_FY2022_008,operational,15,0,16,1,0
857855_FY2022_009,operational,33,2,42,9,6
857855_FY2022_010,operational,31,6,37,1,4
857855_FY2022_011,operational,0,5,6,6,5
857855_FY2022_012,operational,0,1,13,0,13
857855_FY2022_013,financial,11,11,0,0,0
857855_FY2022_014,financial,40,43,0,3,0
857855_FY2022_015,financial,9,16,0,7,0
857855_FY2022_016,financial,11,14,1,3,0
857855_FY2022_017,strategic,1,4,0,6,7
857855_FY2022_018,financial,35,35,0,0,0
857855_FY2022_019,financial,47,48,0,1,1
857855_FY2022_020,financial,35,36,0,1,1
857855_FY2022_021,financial,2,14,12,2,1
857855_FY2022_022,regulatory,10,15,0,25,1
857855_FY2022_023,financial,0,14,0,14,0
857855_FY2022_024,regulatory,6,0,3,9,2
857855_FY2022_025,regulatory,9,0,4,13,0
857855_FY2022_026,financial,68,74,0,5,6
857855_FY2022_027,financial,48,51,0,2,3
857855_FY2022_028,financial,22,23,0,1,0
857855_FY2022_029,financial,37,44,1,7,5
857855_FY2022_030,financial,7,8,0,1,0
857855_FY2022_031,regulatory,6,0,0,6,0
857855_FY2022_032,regulatory,16,0,0,16,0
857855_FY2022_033,operational,3,0,4,1,0
857855_FY2022_034,financial,13,17,0,1,4
857855_FY2022_035,regulatory,2,12,1,14,7
857855_FY2022_036,financial,19,23,0,4,0
857855_FY2022_037,financial,13,14,0,1,0
857855_FY2022_038,strategic,5,5,0,2,10
857855_FY2022_039,strategic,4,0,3,4,8
857855_FY2022_040,financial,3,5,0,1,2
857855_FY2023_000,strategic,13,14,2,2,27
857855_FY2023_001,strategic,9,0,0,0,9
857855_FY2023_002,strategic,14,0,3,1,17
857855_FY2023_003,strategic,8,6,3,4,14
857855_FY2023_004,strategic,2,0,0,0,2
857855_FY2023_005,strategic,8,0,0,0,8
857855_FY2023_006,strategic,1,3,5,0,6
857855_FY2023_007,operational,17,2,19,0,0
857855_FY2023_008,operational,15,0,16,1,0
857855_FY2023_009,operational,34,2,43,9,6
857855_FY2023_010,operational,31,6,37,1,4
857855_FY2023_011,operational,2,5,8,6,5
857855_FY2023_012,operational,0,1,14,0,14
857855_FY2023_013,financial,4,14,10,0,0
857855_FY2023_014,financial,11,11,0,0,0
857855_FY2023_015,financial,40,43,0,3,0
857855_FY2023_016,financial,10,14,0,4,0
857855_FY2023_017,financial,11,14,1,3,0
857855_FY2023_018,strategic,1,3,0,6,7
857855_FY2023_019,financial,36,36,0,0,0
857855_FY2023_020,financial,47,48,0,1,1
857855_FY2023_021,financial,35,36,0,1,1
857855_FY2023_022,regulatory,10,15,0,25,1
857855_FY2023_023,financial,0,14,0,14,0
857855_FY2023_024,regulatory,6,0,3,9,2
857855_FY2023_025,regulatory,9,0,4,13,0
857855_FY2023_026,financial,57,62,0,5,5
857855_FY2023_027,financial,5,7,0,2,0
857855_FY2023_028,financial,31,37,0,6,0
857855_FY2023_029,financial,48,51,0,2,3
857855_FY2023_030,financial,22,23,0,1,0
857855_FY2023_031,financial,5,8,0,1,3
857855_FY2023_032,financial,7,8,0,1,0
857855_FY2023_033,regulatory,6,0,0,6,0
857855_FY2023_034,regulatory,16,0,0,16,0
857855_FY2023_035,operational,3,0,4,1,0
857855_FY2023_036,financial,13,17,0,1,4
857855_FY2023_037,regulatory,2,12,1,14,7
857855_FY2023_038,financial,19,23,0,4,0
857855_FY2023_039,financial,13,14,0,1,0
857855_FY2023_040,strategic,5,5,0,2,10
857855_FY2023_041,strategic,4,0,3,4,8
857855_FY2023_042,financial,3,5,0,1,2
857855_FY2023_043,operational,0,0,1,1,1
857855_FY2024_000,strategic,10,0,0,0,10
857855_FY2024_001,strategic,14,0,3,1,17
857855_FY2024_002,strategic,7,6,3,4,13
857855_FY2024_003,strategic,16,10,1,3,26
857855_FY2024_004,strategic,5,0,1,0,6
857855_FY2024_005,strategic,6,0,0,0,6
857855_FY2024_006,strategic,7,1,7,0,14
857855_FY2024_007,operational,17,2,19,0,0
857855_FY2024_008,operational,15,0,16,1,0
857855_FY2024_009,operational,41,2,50,9,8
857855_FY2024_010,operational,31,6,37,1,4
857855_FY2024_011,operational,2,5,8,6,5
857855_FY2024_012,operational,0,1,14,0,14
857855_FY2024_013,financial,4,14,10,0,0
857855_FY2024_014,financial,13,13,0,0,0
857855_FY2024_015,financial,32,34,0,2,0
857855_FY2024_016,financial,11,16,0,5,0
857855_FY2024_017,financial,11,14,1,3,0
857855_FY2024_018,financial,48,51,0,2,3
857855_FY2024_019,financial,27,28,0,1,0
857855_FY2024_020,strategic,1,3,0,6,7
857855_FY2024_021,financial,36,36,0,0,0
857855_FY2024_022,financial,45,46,0,1,1
857855_FY2024_023,financial,36,37,0,1,1
857855_FY2024_024,regulatory,14,15,0,29,1
857855_FY2024_025,financial,0,14,0,14,0
857855_FY2024_026,regulatory,6,0,3,9,2
857855_FY2024_027,regulatory,9,0,4,13,0
857855_FY2024_028,financial,57,62,0,5,5
857855_FY2024_029,financial,5,7,0,2,0
857855_FY2024_030,financial,30,36,0,6,0
857855_FY2024_031,financial,5,6,0,1,0
857855_FY2024_032,regulatory,6,0,0,6,0
857855_FY2024_033,regulatory,16,0,0,16,0
857855_FY2024_034,operational,3,0,4,1,0
857855_FY2024_035,financial,13,17,0,1,4
857855_FY2024_036,financial,7,11,0,4,3
857855_FY2024_037,financial,19,23,0,4,0
857855_FY2024_038,financial,13,14,0,1,0
857855_FY2024_039,strategic,5,5,0,2,10
857855_FY2024_040,strategic,4,0,3,4,8
857855_FY2024_041,financial,3,5,0,1,2
857855_FY2024_042,operational,0,0,1,1,1
857855_FY2025_000,strategic,10,0,0,0,10
857855_FY2025_001,strategic,15,0,3,1,18
857855_FY2025_002,strategic,7,6,3,4,13
857855_FY2025_003,strategic,16,10,1,3,26
857855_FY2025_004,strategic,5,0,1,0,6
857855_FY2025_005,strategic,6,0,0,0,6
857855_FY2025_006,strategic,10,1,8,1,18
857855_FY2025_007,operational,17,2,19,0,0
857855_FY2025_008,operational,15,0,16,1,0
857855_FY2025_009,operational,31,2,39,8,6
857855_FY2025_010,operational,15,0,16,1,1
857855_FY2025_011,operational,30,6,36,1,4
857855_FY2025_012,operational,3,2,8,4,5
857855_FY2025_013,operational,6,0,7,0,1
857855_FY2025_014,operational,0,1,6,0,6
857855_FY2025_015,financial,4,15,11,0,0
857855_FY2025_016,financial,12,12,0,0,0
857855_FY2025_017,financial,32,34,0,2,0
857855_FY2025_018,financial,11,14,1,3,0
857855_FY2025_019,financial,48,51,0,2,3
857855_FY2025_020,financial,25,25,0,0,0
857855_FY2025_021,strategic,1,3,0,6,7
857855_FY2025_022,financial,36,36,0,0,0
857855_FY2025_023,financial,44,45,0,1,1
857855_FY2025_024,financial,36,37,0,1,1
857855_FY2025_025,regulatory,18,7,0,25,0
857855_FY2025_026,regulatory,5,4,0,9,1
857855_FY2025_027,regulatory,14,14,0,28,0
857855_FY2025_028,regulatory,6,0,3,9,2
857855_FY2025_029,regulatory,9,0,4,13,0
857855_FY2025_030,financial,58,63,0,5,5
857855_FY2025_031,financial,5,7,0,2,0
857855_FY2025_032,financial,30,36,0,6,0
857855_FY2025_033,financial,1,2,0,1,0
857855_FY2025_034,regulatory,6,0,0,6,0
857855_FY2025_035,regulatory,16,0,0,16,0
857855_FY2025_036,operational,3,0,4,1,0
857855_FY2025_037,financial,13,17,0,1,4
857855_FY2025_038,financial,4,6,0,2,1
857855_FY2025_039,financial,19,23,0,4,0
857855_FY2025_040,financial,9,10,0,1,0
857855_FY2025_041,strategic,5,5,0,2,10
857855_FY2025_042,strategic,4,0,3,4,8
857855_FY2025_043,financial,3,5,0,1,2
857855_FY2025_044,operational,0,0,1,1,1
860413_FY2021_000,regulatory,49,2,0,51,1
860413_FY2021_001,regulatory,14,0,0,14,0
860413_FY2021_002,regulatory,12,4,0,16,0
860413_FY2021_003,financial,1,6,0,5,0
860413_FY2021_004,regulatory,30,6,0,36,4
860413_FY2021_005,regulatory,10,0,0,14,4
860413_FY2021_006,financial,67,68,0,1,0
860413_FY2021_007,financial,30,30,0,0,0
860413_FY2021_008,financial,33,34,0,1,0
860413_FY2021_009,financial,6,6,0,0,0
860413_FY2021_010,financial,8,10,0,1,2
860413_FY2021_011,financial,31,36,0,5,1
860413_FY2021_012,financial,30,32,0,0,2
860413_FY2021_013,financial,68,69,0,1,1
860413_FY2021_014,regulatory,2,1,1,3,0
860413_FY2021_015,strategic,30,6,0,2,36
860413_FY2021_016,financial,50,59,0,9,3
860413_FY2021_017,operational,36,0,45,6,9
860413_FY2021_018,regulatory,13,0,10,23,1
860413_FY2021_019,financial,11,12,0,1,1
860413_FY2021_020,financial,15,15,0,0,0
860413_FY2021_021,operational,13,3,18,1,5
860413_FY2021_022,strategic,5,1,5,7,12
860413_FY2021_023,operational,3,0,5,0,2
860413_FY2021_024,operational,7,0,18,0,11
860413_FY2021_025,financial,4,11,1,7,0
860413_FY2021_026,operational,7,0,10,3,0
860413_FY2021_027,strategic,2,0,0,0,2
860413_FY2021_028,strategic,14,1,0,12,26
860413_FY2021_029,strategic,34,19,3,3,53
860413_FY2021_030,strategic,11,1,8,0,19
860413_FY2021_031,strategic,7,0,3,2,10
860413_FY2021_032,financial,1,3,0,2,0
860413_FY2021_033,regulatory,3,0,5,10,7
860413_FY2021_034,financial,13,16,0,3,3
860413_FY2021_035,financial,4,5,0,1,0
860413_FY2021_036,strategic,1,0,1,0,2
860413_FY2021_037,financial,3,5,0,0,2
860413_FY2021_038,financial,5,26,8,21,7
860413_FY2021_039,strategic,1,0,0,0,1
860413_FY2021_040,financial,7,10,1,1,3
860413_FY2022_000,regulatory,54,3,1,57,1
860413_FY2022_001,regulatory,17,0,0,17,0
860413_FY2022_002,regulatory,14,1,0,15,0
860413_FY2022_003,regulatory,12,4,3,16,0
860413_FY2022_004,financial,1,6,0,5,0
860413_FY2022_005,regulatory,30,6,0,36,4
860413_FY2022_006,regulatory,19,0,0,23,4
860413_FY2022_007,financial,63,65,0,2,0
860413_FY2022_008,financial,27,27,0,0,0
860413_FY2022_009,financial,18,24,0,6,0
860413_FY2022_010,financial,33,34,0,1,0
860413_FY2022_011,financial,6,6,0,0,0
860413_FY2022_012,financial,27,27,0,0,0
860413_FY2022_013,financial,26,33,0,7,3
860413_FY2022_014,financial,34,38,0,1,4
860413_FY2022_015,financial,27,31,0,4,1
860413_FY2022_016,financial,43,43,0,0,0
860413_FY2022_017,regulatory,2,1,1,3,0
860413_FY2022_018,strategic,26,4,0,1,30
860413_FY2022_019,financial,49,59,0,9,10
860413_FY2022_020,financial,15,15,0,0,0
860413_FY2022_021,operational,36,0,45,6,9
860413_FY2022_022,regulatory,13,0,10,23,1
860413_FY2022_023,financial,14,17,0,1,3
860413_FY2022_024,operational,14,3,19,4,5
860413_FY2022_025,strategic,5,1,5,7,12
860413_FY2022_026,operational,1,0,5,2,4
860413_FY2022_027,operational,5,0,10,0,5
860413_FY2022_028,financial,4,11,1,7,0
860413_FY2022_029,operational,7,0,10,3,0
860413_FY2022_030,strategic,2,0,0,0,2
860413_FY2022_031,strategic,14,19,0,3,33
860413_FY2022_032,strategic,17,0,3,0,20
860413_FY2022_033,strategic,11,0,3,2,14
860413_FY2022_034,financial,1,4,0,2,3
860413_FY2022_035,regulatory,3,0,5,10,7
860413_FY2022_036,financial,13,16,0,3,3
860413_FY2022_037,financial,4,5,0,1,0
860413_FY2022_038,operational,0,0,1,0,1
860413_FY2022_039,financial,3,5,0,0,2
860413_FY2022_040,financial,2,12,3,10,4
860413_FY2022_041,strategic,1,0,0,0,1
860413_FY2022_042,financial,7,10,1,1,3
860413_FY2023_000,regulatory,55,2,1,57,1
860413_FY2023_001,regulatory,7,18,0,25,1
860413_FY2023_002,regulatory,13,0,0,13,0
860413_FY2023_003,regulatory,4,0,0,4,0
860413_FY2023_004,regulatory,21,5,3,26,0
860413_FY2023_005,regulatory,7,2,0,9,0
860413_FY2023_006,financial,1,6,0,5,0
860413_FY2023_007,regulatory,30,6,0,36,4
860413_FY2023_008,regulatory,19,0,0,23,4
860413_FY2023_009,financial,8,15,0,7,1
860413_FY2023_010,regulatory,2,1,0,3,0
860413_FY2023_011,financial,63,65,0,2,0
860413_FY2023_012,financial,27,27,0,0,0
860413_FY2023_013,financial,25,32,0,7,1
860413_FY2023_014,financial,33,34,0,1,0
860413_FY2023_015,financial,15,15,0,0,0
860413_FY2023_016,regulatory,1,0,0,1,0
860413_FY2023_017,regulatory,1,1,0,2,0
860413_FY2023_018,financial,6,6,0,0,0
860413_FY2023_019,financial,56,63,0,7,3
860413_FY2023_020,financial,34,38,0,1,4
860413_FY2023_021,financial,3,3,0,0,0
860413_FY2023_022,financial,25,26,0,1,1
860413_FY2023_023,financial,70,76,0,6,1
860413_FY2023_024,financial,16,17,0,1,1
860413_FY2023_025,operational,43,0,54,6,11
860413_FY2023_026,regulatory,19,0,27,46,3
860413_FY2023_027,financial,14,17,0,1,3
860413_FY2023_028,operational,14,3,19,4,5
860413_FY2023_029,strategic,5,1,6,7,12
860413_FY2023_030,regulatory,1,1,0,2,0
860413_FY2023_031,operational,1,0,5,2,4
860413_FY2023_032,operational,6,0,14,0,8
860413_FY2023_033,financial,4,11,1,7,0
860413_FY2023_034,operational,7,0,10,3,0
860413_FY2023_035,strategic,2,0,0,0,2
860413_FY2023_036,strategic,34,19,3,3,53
860413_FY2023_037,strategic,16,3,0,1,19
860413_FY2023_038,strategic,15,3,0,1,18
860413_FY2023_039,strategic,2,1,3,6,8
860413_FY2023_040,strategic,9,0,1,1,10
860413_FY2023_041,strategic,2,0,2,1,4
860413_FY2023_042,financial,1,4,0,2,3
860413_FY2023_043,regulatory,2,0,5,7,5
860413_FY2023_044,regulatory,1,0,0,3,2
860413_FY2023_045,financial,13,16,0,3,3
860413_FY2023_046,financial,4,5,0,1,0
860413_FY2023_047,operational,0,0,1,0,1
860413_FY2023_048,financial,3,5,0,0,2
860413_FY2023_049,operational,5,0,6,1,0
860413_FY2023_050,regulatory,1,3,1,4,1
860413_FY2023_051,strategic,1,0,0,0,1
860413_FY2023_052,financial,7,10,1,1,3
860413_FY2024_000,regulatory,83,2,1,85,1
860413_FY2024_001,regulatory,9,16,0,25,0
860413_FY2024_002,regulatory,17,0,0,17,0
860413_FY2024_003,regulatory,25,4,0,29,0
860413_FY2024_004,regulatory,5,0,0,5,0
860413_FY2024_005,regulatory,30,6,0,36,4
860413_FY2024_006,regulatory,19,0,0,23,4
860413_FY2024_007,financial,5,12,0,7,1
860413_FY2024_008,financial,66,67,0,1,0
860413_FY2024_009,financial,52,59,0,7,1
860413_FY2024_010,financial,25,26,0,1,0
860413_FY2024_011,regulatory,2,1,0,3,0
860413_FY2024_012,financial,6,6,0,0,0
860413_FY2024_013,financial,56,63,0,7,3
860413_FY2024_014,financial,35,39,0,1,4
860413_FY2024_015,financial,25,26,0,1,1
860413_FY2024_016,financial,67,73,0,6,1
860413_FY2024_017,financial,15,16,0,1,0
860413_FY2024_018,operational,82,0,94,9,12
860413_FY2024_019,regulatory,27,0,43,70,3
860413_FY2024_020,financial,13,16,0,1,3
860413_FY2024_021,operational,15,3,20,4,5
860413_FY2024_022,strategic,5,1,6,7,12
860413_FY2024_023,regulatory,1,1,0,2,0
860413_FY2024_024,operational,1,0,5,2,4
860413_FY2024_025,operational,6,0,14,0,8
860413_FY2024_026,financial,4,11,1,7,0
860413_FY2024_027,operational,6,3,15,9,1
860413_FY2024_028,strategic,2,0,0,0,2
860413_FY2024_029,strategic,5,0,0,0,5
860413_FY2024_030,strategic,40,23,3,3,63
860413_FY2024_031,strategic,31,6,0,2,37
860413_FY2024_032,strategic,2,1,2,6,8
860413_FY2024_033,strategic,11,0,3,2,14
860413_FY2024_034,financial,1,4,0,2,3
860413_FY2024_035,regulatory,3,0,5,10,7
860413_FY2024_036,financial,13,16,0,3,3
860413_FY2024_037,financial,4,5,0,1,0
860413_FY2024_038,operational,0,0,1,0,1
860413_FY2024_039,financial,3,5,0,0,2
860413_FY2024_040,strategic,1,0,0,0,1
860413_FY2024_041,financial,7,10,1,1,3
860413_FY2025_000,regulatory,112,4,2,117,5
860413_FY2025_001,regulatory,9,16,0,25,0
860413_FY2025_002,regulatory,17,0,0,17,0
860413_FY2025_003,regulatory,22,4,0,26,0
860413_FY2025_004,regulatory,5,0,0,5,0
860413_FY2025_005,regulatory,42,6,0,48,4
860413_FY2025_006,regulatory,19,0,0,23,4
860413_FY2025_007,financial,3,13,0,10,1
860413_FY2025_008,financial,83,84,0,1,0
860413_FY2025_009,financial,47,53,0,6,0
860413_FY2025_010,financial,36,37,0,1,0
860413_FY2025_011,financial,2,6,0,4,0
860413_FY2025_012,financial,6,6,0,0,0
860413_FY2025_013,financial,56,63,0,7,4
860413_FY2025_014,financial,35,39,0,1,4
860413_FY2025_015,financial,26,28,0,1,2
860413_FY2025_016,financial,93,99,0,6,4
860413_FY2025_017,financial,15,16,0,1,0
860413_FY2025_018,operational,82,0,94,9,12
860413_FY2025_019,regulatory,27,0,43,70,3
860413_FY2025_020,financial,13,16,0,1,3
860413_FY2025_021,operational,14,5,26,12,7
860413_FY2025_022,strategic,2,1,6,13,15
860413_FY2025_023,regulatory,1,1,0,2,0
860413_FY2025_024,operational,2,0,6,1,4
860413_FY2025_025,operational,6,0,14,0,8
860413_FY2025_026,financial,4,11,1,7,0
860413_FY2025_027,operational,4,3,12,8,1
860413_FY2025_028,strategic,2,0,0,0,2
860413_FY2025_029,strategic,5,0,0,0,5
860413_FY2025_030,strategic,39,29,3,3,68
860413_FY2025_031,strategic,32,10,0,2,42
860413_FY2025_032,strategic,2,1,2,6,8
860413_FY2025_033,strategic,11,0,3,2,14
860413_FY2025_034,financial,1,4,0,2,3
860413_FY2025_035,regulatory,3,0,5,10,7
860413_FY2025_036,financial,13,16,0,3,3
860413_FY2025_037,financial,4,5,0,1,0
860413_FY2025_038,operational,0,0,1,0,1
860413_FY2025_039,financial,3,5,0,0,2
860413_FY2025_040,financial,5,10,0,5,2
860413_FY2025_041,strategic,1,0,0,0,1
860413_FY2025_042,financial,7,11,1,2,4
861842_FY2021_000,financial,26,36,9,8,10
861842_FY2021_001,financial,30,42,0,12,3
861842_FY2021_002,financial,21,24,0,3,2
861842_FY2021_003,financial,17,20,0,3,1
861842_FY2021_004,financial,8,10,0,1,2
861842_FY2021_005,financial,4,5,0,1,0
861842_FY2021_006,financial,20,26,0,6,1
861842_FY2021_007,financial,20,24,0,4,0
861842_FY2021_008,financial,39,40,0,1,0
861842_FY2021_009,financial,10,10,0,0,0
861842_FY2021_010,financial,30,32,0,1,2
861842_FY2021_011,financial,5,5,0,0,0
861842_FY2021_012,operational,6,5,11,2,5
861842_FY2021_013,financial,32,34,1,2,2
861842_FY2021_014,financial,44,46,1,2,0
861842_FY2021_015,financial,80,83,1,3,1
861842_FY2021_016,regulatory,3,0,0,3,0
861842_FY2021_017,financial,8,8,0,0,0
861842_FY2021_018,operational,8,0,20,12,0
861842_FY2021_019,regulatory,1,8,0,9,0
861842_FY2021_020,strategic,19,3,1,3,22
861842_FY2021_021,strategic,12,10,1,2,22
861842_FY2021_022,operational,7,1,15,8,5
861842_FY2021_023,financial,10,14,4,1,1
861842_FY2021_024,regulatory,9,13,0,22,1
861842_FY2021_025,financial,0,1,1,1,1
861842_FY2021_026,operational,32,2,41,9,4
861842_FY2021_027,operational,5,0,12,1,7
861842_FY2021_028,strategic,1,0,7,5,8
861842_FY2021_029,regulatory,12,0,16,28,1
861842_FY2021_030,regulatory,52,17,1,69,7
861842_FY2021_031,regulatory,30,1,0,31,0
861842_FY2021_032,regulatory,26,0,0,27,1
861842_FY2021_033,regulatory,37,1,1,40,3
861842_FY2021_034,regulatory,31,7,0,38,4
861842_FY2021_035,financial,31,34,3,3,3
861842_FY2021_036,financial,0,9,0,9,0
861842_FY2021_037,regulatory,8,0,0,8,0
861842_FY2021_038,regulatory,6,0,0,6,0
861842_FY2021_039,regulatory,15,12,0,27,0
861842_FY2021_040,strategic,2,10,0,4,12
861842_FY2021_041,financial,3,5,0,2,1
861842_FY2021_042,financial,0,19,0,19,0
861842_FY2021_043,financial,3,3,0,0,0
861842_FY2021_044,strategic,4,0,0,0,4
861842_FY2021_045,financial,17,18,0,1,0
861842_FY2021_046,financial,2,4,0,2,1
861842_FY2022_000,regulatory,11,8,0,19,0
861842_FY2022_001,financial,36,48,0,12,0
861842_FY2022_002,financial,21,24,0,3,2
861842_FY2022_003,financial,17,20,0,3,1
861842_FY2022_004,financial,8,10,0,1,2
861842_FY2022_005,financial,4,5,0,1,0
861842_FY2022_006,financial,20,26,0,6,1
861842_FY2022_007,financial,20,24,0,4,0
861842_FY2022_008,financial,39,40,0,1,0
861842_FY2022_009,financial,10,10,0,0,0
861842_FY2022_010,financial,30,32,0,1,2
861842_FY2022_011,financial,5,5,0,0,0
861842_FY2022_012,operational,6,5,11,2,5
861842_FY2022_013,financial,32,34,1,2,2
861842_FY2022_014,financial,80,83,1,3,1
861842_FY2022_015,regulatory,3,0,0,3,0
861842_FY2022_016,financial,8,8,0,0,0
861842_FY2022_017,operational,8,0,20,12,0
861842_FY2022_018,regulatory,1,8,0,9,0
861842_FY2022_019,strategic,19,3,1,3,22
861842_FY2022_020,strategic,12,10,1,2,22
861842_FY2022_021,operational,7,1,15,8,5
861842_FY2022_022,financial,12,16,4,1,1
861842_FY2022_023,regulatory,15,11,1,26,1
861842_FY2022_024,strategic,23,0,4,4,27
861842_FY2022_025,financial,0,1,1,1,1
861842_FY2022_026,operational,32,2,41,9,4
861842_FY2022_027,operational,5,0,12,1,7
861842_FY2022_028,strategic,1,0,7,5,8
861842_FY2022_029,regulatory,12,0,16,28,1
861842_FY2022_030,regulatory,52,17,1,69,7
861842_FY2022_031,regulatory,30,1,0,31,0
861842_FY2022_032,regulatory,26,0,0,27,1
861842_FY2022_033,regulatory,37,1,1,40,3
861842_FY2022_034,regulatory,31,7,0,38,4
861842_FY2022_035,financial,25,28,2,3,3
861842_FY2022_036,financial,0,9,0,9,0
861842_FY2022_037,regulatory,8,0,0,8,0
861842_FY2022_038,regulatory,10,0,0,10,0
861842_FY2022_039,regulatory,15,12,0,27,0
861842_FY2022_040,strategic,2,10,0,4,12
861842_FY2022_041,financial,3,5,0,2,1
861842_FY2022_042,financial,0,19,0,19,0
861842_FY2022_043,financial,3,3,0,0,0
861842_FY2022_044,strategic,4,0,0,0,4
861842_FY2022_045,financial,17,18,0,1,0
861842_FY2022_046,financial,2,4,0,2,1
861842_FY2023_000,financial,36,48,0,12,0
861842_FY2023_001,financial,21,24,0,3,2
861842_FY2023_002,financial,17,20,0,3,1
861842_FY2023_003,financial,8,10,0,1,2
861842_FY2023_004,financial,4,5,0,1,0
861842_FY2023_005,financial,20,26,0,6,1
861842_FY2023_006,financial,20,24,0,4,0
861842_FY2023_007,financial,39,40,0,1,0
861842_FY2023_008,financial,10,10,0,0,0
861842_FY2023_009,financial,34,36,0,1,2
861842_FY2023_010,financial,5,5,0,0,0
861842_FY2023_011,operational,6,5,11,2,5
861842_FY2023_012,financial,32,34,1,2,2
861842_FY2023_013,financial,80,83,1,3,1
861842_FY2023_014,regulatory,3,0,0,3,0
861842_FY2023_015,financial,8,8,0,0,0
861842_FY2023_016,operational,8,0,20,12,0
861842_FY2023_017,financial,2,16,0,14,0
861842_FY2023_018,strategic,19,3,1,3,22
861842_FY2023_019,strategic,12,10,1,2,22
861842_FY2023_020,operational,7,1,15,8,5
861842_FY2023_021,financial,12,16,4,1,1
861842_FY2023_022,regulatory,20,13,1,33,1
861842_FY2023_023,strategic,23,0,4,4,27
861842_FY2023_024,financial,0,1,1,1,1
861842_FY2023_025,operational,32,2,41,9,4
861842_FY2023_026,operational,5,0,12,1,7
861842_FY2023_027,strategic,1,0,7,5,8
861842_FY2023_028,regulatory,12,0,16,28,1
861842_FY2023_029,regulatory,52,17,1,69,7
861842_FY2023_030,regulatory,30,1,0,31,0
861842_FY2023_031,regulatory,26,0,0,27,1
861842_FY2023_032,regulatory,37,1,1,40,3
861842_FY2023_033,regulatory,31,7,0,38,4
861842_FY2023_034,financial,0,9,0,9,0
861842_FY2023_035,regulatory,8,0,0,8,0
861842_FY2023_036,regulatory,10,0,0,10,0
861842_FY2023_037,regulatory,15,12,0,27,0
861842_FY2023_038,strategic,2,10,0,4,12
861842_FY2023_039,financial,3,5,0,2,1
861842_FY2023_040,financial,0,19,0,19,0
861842_FY2023_041,financial,3,3,0,0,0
861842_FY2023_042,strategic,4,0,0,0,4
861842_FY2023_043,financial,17,18,0,1,0
861842_FY2023_044,financial,2,4,0,2,1
861842_FY2024_000,financial,37,50,0,13,0
861842_FY2024_001,financial,21,24,0,3,2
861842_FY2024_002,financial,17,20,0,3,1
861842_FY2024_003,financial,8,10,0,1,2
861842_FY2024_004,financial,4,5,0,1,0
861842_FY2024_005,financial,20,26,0,6,1
861842_FY2024_006,financial,20,24,0,4,0
861842_FY2024_007,financial,39,40,0,1,0
861842_FY2024_008,financial,10,10,0,0,0
861842_FY2024_009,financial,34,36,0,1,2
861842_FY2024_010,financial,5,5,0,0,0
861842_FY2024_011,operational,6,5,11,2,5
861842_FY2024_012,financial,32,34,1,2,2
861842_FY2024_013,financial,80,83,1,3,1
861842_FY2024_014,regulatory,3,0,0,3,0
861842_FY2024_015,financial,8,8,0,0,0
861842_FY2024_016,operational,8,0,20,12,0
861842_FY2024_017,financial,3,19,0,16,0
861842_FY2024_018,strategic,19,3,1,3,22
861842_FY2024_019,strategic,12,10,1,2,22
861842_FY2024_020,operational,7,1,15,8,5
861842_FY2024_021,financial,12,16,4,1,1
861842_FY2024_022,regulatory,25,13,1,38,1
861842_FY2024_023,strategic,23,0,4,4,27
861842_FY2024_024,financial,0,1,1,1,1
861842_FY2024_025,operational,32,2,41,9,4
861842_FY2024_026,operational,5,0,12,1,7
861842_FY2024_027,strategic,1,0,7,5,8
861842_FY2024_028,regulatory,12,0,16,28,1
861842_FY2024_029,regulatory,55,17,1,72,7
861842_FY2024_030,regulatory,30,1,0,31,0
861842_FY2024_031,regulatory,26,0,0,27,1
861842_FY2024_032,regulatory,37,1,1,40,3
861842_FY2024_033,regulatory,31,7,0,38,4
861842_FY2024_034,financial,0,9,0,9,0
861842_FY2024_035,regulatory,8,0,0,8,0
861842_FY2024_036,regulatory,10,0,0,10,0
861842_FY2024_037,regulatory,15,12,0,27,0
861842_FY2024_038,strategic,2,10,0,4,12
861842_FY2024_039,financial,3,5,0,2,1
861842_FY2024_040,financial,0,19,0,19,0
861842_FY2024_041,financial,3,3,0,0,0
861842_FY2024_042,strategic,4,0,0,0,4
861842_FY2024_043,financial,17,18,0,1,0
861842_FY2024_044,financial,2,4,0,2,1
861842_FY2025_000,financial,37,50,0,13,0
861842_FY2025_001,financial,21,24,0,3,2
861842_FY2025_002,financial,17,20,0,3,1
861842_FY2025_003,financial,8,10,0,1,2
861842_FY2025_004,financial,4,5,0,1,0
861842_FY2025_005,financial,20,26,0,6,1
861842_FY2025_006,financial,20,24,0,4,0
861842_FY2025_007,financial,36,39,0,3,0
861842_FY2025_008,financial,10,10,0,0,0
861842_FY2025_009,financial,34,36,0,1,2
861842_FY2025_010,financial,5,5,0,0,0
861842_FY2025_011,operational,6,5,11,2,5
861842_FY2025_012,financial,32,34,1,2,2
861842_FY2025_013,financial,80,83,1,3,1
861842_FY2025_014,regulatory,3,0,0,3,0
861842_FY2025_015,financial,8,8,0,0,0
861842_FY2025_016,operational,8,0,20,12,0
861842_FY2025_017,regulatory,2,19,0,21,0
861842_FY2025_018,strategic,19,3,1,3,22
861842_FY2025_019,strategic,12,10,1,2,22
861842_FY2025_020,operational,7,1,15,8,5
861842_FY2025_021,financial,12,16,4,1,1
861842_FY2025_022,regulatory,23,13,0,36,1
861842_FY2025_023,strategic,23,0,4,4,27
861842_FY2025_024,financial,0,1,1,1,1
861842_FY2025_025,operational,32,2,41,9,4
861842_FY2025_026,operational,5,0,12,1,7
861842_FY2025_027,strategic,1,0,7,5,8
861842_FY2025_028,regulatory,12,0,16,28,1
861842_FY2025_029,regulatory,55,17,1,72,7
861842_FY2025_030,regulatory,30,1,0,31,0
861842_FY2025_031,regulatory,26,0,0,27,1
861842_FY2025_032,regulatory,37,1,1,40,3
861842_FY2025_033,regulatory,31,7,0,38,4
861842_FY2025_034,financial,0,9,0,9,0
861842_FY2025_035,regulatory,8,0,0,8,0
861842_FY2025_036,regulatory,10,0,0,10,0
861842_FY2025_037,regulatory,15,12,0,27,0
861842_FY2025_038,strategic,2,10,0,4,12
861842_FY2025_039,financial,3,5,0,2,1
861842_FY2025_040,financial,0,19,0,19,0
861842_FY2025_041,financial,3,3,0,0,0
861842_FY2025_042,strategic,4,0,0,0,4
861842_FY2025_043,financial,17,18,0,1,0
861842_FY2025_044,financial,2,4,0,2,1
868671_FY2021_000,financial,30,30,0,0,0
868671_FY2021_001,strategic,8,5,0,1,13
868671_FY2021_002,strategic,7,0,0,2,9
868671_FY2021_003,strategic,21,2,3,2,24
868671_FY2021_004,strategic,1,7,0,2,8
868671_FY2021_005,financial,5,10,0,5,0
868671_FY2021_006,financial,58,62,0,4,1
868671_FY2021_007,financial,47,48,0,1,1
868671_FY2021_008,financial,25,25,0,0,0
868671_FY2021_009,financial,19,20,0,1,0
868671_FY2021_010,financial,23,23,0,0,0
868671_FY2021_011,financial,0,9,0,9,0
868671_FY2021_012,strategic,7,4,1,0,11
868671_FY2021_013,financial,15,16,0,1,0
868671_FY2021_014,financial,25,27,2,2,1
868671_FY2021_015,regulatory,1,0,0,1,0
868671_FY2021_016,regulatory,1,0,1,2,0
868671_FY2021_017,operational,19,0,28,5,9
868671_FY2021_018,strategic,4,0,0,0,4
868671_FY2021_019,regulatory,61,3,1,64,2
868671_FY2021_020,financial,3,4,0,1,1
868671_FY2021_021,strategic,1,0,0,0,1
868671_FY2021_022,strategic,3,0,6,1,9
868671_FY2021_023,regulatory,6,0,0,6,0
868671_FY2021_024,financial,2,5,0,3,1
868671_FY2021_025,financial,0,8,0,8,0
868671_FY2022_000,financial,33,33,0,0,0
868671_FY2022_001,strategic,8,5,0,1,13
868671_FY2022_002,strategic,7,0,0,2,9
868671_FY2022_003,strategic,21,2,3,2,24
868671_FY2022_004,strategic,1,7,0,2,8
868671_FY2022_005,financial,5,10,0,5,0
868671_FY2022_006,financial,58,62,0,4,1
868671_FY2022_007,financial,51,53,0,2,1
868671_FY2022_008,financial,25,25,0,0,0
868671_FY2022_009,financial,19,20,0,1,0
868671_FY2022_010,financial,23,23,0,0,0
868671_FY2022_011,financial,0,9,0,9,0
868671_FY2022_012,strategic,7,4,1,0,11
868671_FY2022_013,financial,17,19,0,2,1
868671_FY2022_014,financial,19,23,2,4,0
868671_FY2022_015,regulatory,1,0,0,1,0
868671_FY2022_016,regulatory,1,0,1,2,0
868671_FY2022_017,operational,21,1,30,5,9
868671_FY2022_018,strategic,4,0,0,0,4
868671_FY2022_019,regulatory,61,3,1,64,2
868671_FY2022_020,financial,3,4,0,1,1
868671_FY2022_021,strategic,1,0,0,0,1
868671_FY2022_022,strategic,3,0,6,1,9
868671_FY2022_023,regulatory,6,0,0,6,0
868671_FY2022_024,financial,2,8,0,6,3
868671_FY2022_025,financial,0,8,0,8,0
868671_FY2023_000,financial,32,32,0,0,0
868671_FY2023_001,strategic,8,5,0,1,13
868671_FY2023_002,strategic,6,0,0,3,9
868671_FY2023_003,strategic,21,2,3,2,24
868671_FY2023_004,strategic,1,7,0,2,8
868671_FY2023_005,financial,6,11,0,5,0
868671_FY2023_006,financial,58,62,0,4,1
868671_FY2023_007,financial,50,52,0,2,1
868671_FY2023_008,financial,25,25,0,0,0
868671_FY2023_009,financial,19,20,0,1,0
868671_FY2023_010,financial,23,23,0,0,0
868671_FY2023_011,financial,0,9,0,9,0
868671_FY2023_012,strategic,8,4,1,0,12
868671_FY2023_013,financial,15,18,0,3,1
868671_FY2023_014,financial,19,23,2,4,0
868671_FY2023_015,regulatory,1,0,0,1,0
868671_FY2023_016,regulatory,1,0,1,2,0
868671_FY2023_017,operational,26,0,35,5,9
868671_FY2023_018,strategic,4,0,0,0,4
868671_FY2023_019,regulatory,61,3,1,64,2
868671_FY2023_020,financial,3,4,0,1,0
868671_FY2023_021,strategic,1,0,0,0,1
868671_FY2023_022,strategic,3,0,6,1,9
868671_FY2023_023,regulatory,6,0,0,6,0
868671_FY2023_024,financial,0,8,0,8,0
868671_FY2024_000,financial,32,32,0,0,0
868671_FY2024_001,strategic,8,5,0,1,13
868671_FY2024_002,strategic,6,0,0,3,9
868671_FY2024_003,strategic,21,2,2,2,23
868671_FY2024_004,strategic,1,7,0,2,8
868671_FY2024_005,financial,6,11,0,5,0
868671_FY2024_006,financial,58,62,0,4,1
868671_FY2024_007,financial,48,49,0,1,1
868671_FY2024_008,financial,25,25,0,0,0
868671_FY2024_009,financial,19,20,0,1,0
868671_FY2024_010,financial,23,23,0,0,0
868671_FY2024_011,financial,1,10,0,9,0
868671_FY2024_012,strategic,7,4,1,0,11
868671_FY2024_013,financial,15,18,0,3,1
868671_FY2024_014,financial,2,3,0,1,1
868671_FY2024_015,regulatory,4,0,1,5,0
868671_FY2024_016,operational,29,0,38,5,9
868671_FY2024_017,strategic,3,0,4,9,12
868671_FY2024_018,strategic,4,0,0,0,4
868671_FY2024_019,regulatory,61,3,1,64,2
868671_FY2024_020,regulatory,32,0,6,38,2
868671_FY2024_021,regulatory,27,0,0,34,7
868671_FY2024_022,financial,13,14,0,1,0
868671_FY2024_023,regulatory,10,3,0,13,0
868671_FY2024_024,strategic,1,0,0,0,1
868671_FY2024_025,strategic,3,0,6,1,9
868671_FY2024_026,regulatory,6,0,0,6,0
868671_FY2024_027,financial,0,8,0,8,0
868671_FY2025_000,financial,31,31,0,0,0
868671_FY2025_001,strategic,12,5,0,1,17
868671_FY2025_002,strategic,6,0,0,4,10
868671_FY2025_003,strategic,21,2,2,2,23
868671_FY2025_004,strategic,1,7,0,2,8
868671_FY2025_005,financial,6,11,0,5,0
868671_FY2025_006,financial,58,62,0,4,1
868671_FY2025_007,financial,48,49,0,1,1
868671_FY2025_008,financial,27,27,0,0,0
868671_FY2025_009,financial,22,23,0,1,0
868671_FY2025_010,financial,24,24,0,0,0
868671_FY2025_011,financial,1,10,0,9,0
868671_FY2025_012,strategic,16,4,2,3,20
868671_FY2025_013,financial,16,19,0,3,1
868671_FY2025_014,financial,2,3,0,1,1
868671_FY2025_015,regulatory,4,0,1,5,0
868671_FY2025_016,operational,33,0,42,5,9
868671_FY2025_017,strategic,2,0,3,11,13
868671_FY2025_018,strategic,4,0,0,0,4
868671_FY2025_019,regulatory,62,0,1,64,2
868671_FY2025_020,regulatory,32,0,6,38,2
868671_FY2025_021,regulatory,27,0,0,34,7
868671_FY2025_022,regulatory,36,0,0,36,0
868671_FY2025_023,financial,15,16,0,1,1
868671_FY2025_024,regulatory,10,5,0,15,0
868671_FY2025_025,strategic,1,0,0,0,1
868671_FY2025_026,strategic,3,0,6,1,9
868671_FY2025_027,regulatory,6,0,0,6,0
868671_FY2025_028,regulatory,4,8,0,12,0
875357_FY2021_000,strategic,6,3,2,1,9
875357_FY2021_001,strategic,17,3,4,3,21
875357_FY2021_002,regulatory,30,1,0,39,9
875357_FY2021_003,financial,5,8,3,3,2
875357_FY2021_004,financial,11,23,0,12,4
875357_FY2021_005,financial,26,26,0,0,0
875357_FY2021_006,financial,9,9,0,0,0
875357_FY2021_007,financial,2,4,0,2,0
875357_FY2021_008,financial,6,6,0,0,0
875357_FY2021_009,financial,40,46,3,6,1
875357_FY2021_010,financial,54,57,0,3,0
875357_FY2021_011,financial,1,8,7,0,1
875357_FY2021_012,financial,5,8,0,0,3
875357_FY2021_013,operational,33,0,44,11,3
875357_FY2021_014,operational,2,0,4,1,2
875357_FY2021_015,operational,5,0,7,1,2
875357_FY2021_016,financial,8,8,0,0,0
875357_FY2021_017,operational,1,0,1,0,0
875357_FY2021_018,regulatory,3,3,0,6,0
875357_FY2021_019,financial,3,6,0,3,0
875357_FY2022_000,strategic,6,3,2,1,9
875357_FY2022_001,strategic,17,3,4,3,21
875357_FY2022_002,regulatory,43,8,0,53,10
875357_FY2022_003,financial,6,7,0,1,1
875357_FY2022_004,financial,11,23,0,12,4
875357_FY2022_005,financial,26,26,0,0,0
875357_FY2022_006,financial,9,9,0,0,0
875357_FY2022_007,financial,2,4,0,2,0
875357_FY2022_008,financial,13,14,1,0,1
875357_FY2022_009,financial,46,59,1,13,0
875357_FY2022_010,financial,54,57,0,3,1
875357_FY2022_011,financial,1,8,7,0,1
875357_FY2022_012,financial,5,8,0,0,3
875357_FY2022_013,operational,34,0,45,11,4
875357_FY2022_014,operational,2,0,4,1,2
875357_FY2022_015,operational,5,0,7,1,2
875357_FY2022_016,operational,17,0,19,0,2
875357_FY2022_017,financial,8,8,0,0,0
875357_FY2022_018,operational,1,0,1,0,0
875357_FY2022_019,regulatory,3,3,0,6,0
875357_FY2022_020,financial,3,6,0,3,0
875357_FY2023_000,strategic,6,3,2,1,9
875357_FY2023_001,strategic,17,3,4,3,21
875357_FY2023_002,regulatory,43,8,0,53,10
875357_FY2023_003,financial,11,23,0,12,4
875357_FY2023_004,financial,26,26,0,0,0
875357_FY2023_005,financial,9,9,0,0,0
875357_FY2023_006,financial,17,19,1,2,0
875357_FY2023_007,financial,29,33,1,4,0
875357_FY2023_008,financial,54,57,0,3,1
875357_FY2023_009,financial,1,8,7,0,1
875357_FY2023_010,financial,26,30,0,1,4
875357_FY2023_011,financial,43,47,0,2,4
875357_FY2023_012,financial,7,8,0,1,0
875357_FY2023_013,operational,34,0,45,11,4
875357_FY2023_014,operational,3,0,5,1,2
875357_FY2023_015,operational,17,0,19,0,2
875357_FY2023_016,financial,6,15,0,9,2
875357_FY2023_017,financial,8,8,0,0,0
875357_FY2023_018,operational,1,0,1,0,0
875357_FY2023_019,regulatory,3,3,0,6,0
875357_FY2023_020,financial,3,6,0,3,0
875357_FY2023_021,operational,5,0,7,1,2
875357_FY2023_022,financial,13,14,1,0,1
875357_FY2023_023,financial,6,7,0,1,1
875357_FY2024_000,strategic,6,3,3,1,9
875357_FY2024_001,strategic,17,3,4,3,21
875357_FY2024_002,regulatory,49,8,0,59,10
875357_FY2024_003,financial,5,22,1,17,4
875357_FY2024_004,financial,26,26,0,0,0
875357_FY2024_005,financial,9,9,0,0,0
875357_FY2024_006,financial,17,19,1,2,0
875357_FY2024_007,financial,29,33,1,4,0
875357_FY2024_008,financial,54,57,0,3,1
875357_FY2024_009,financial,1,8,7,0,1
875357_FY2024_010,financial,26,30,0,1,4
875357_FY2024_011,financial,43,47,0,2,4
875357_FY2024_012,financial,7,8,0,1,0
875357_FY2024_013,operational,34,0,45,11,4
875357_FY2024_014,regulatory,1,0,8,9,0
875357_FY2024_015,operational,10,0,12,2,2
875357_FY2024_016,operational,17,0,19,0,2
875357_FY2024_017,financial,8,8,0,0,0
875357_FY2024_018,operational,1,0,1,0,0
875357_FY2024_019,regulatory,3,3,0,6,0
875357_FY2024_020,financial,3,6,0,3,0
875357_FY2024_021,operational,4,0,8,1,4
875357_FY2024_022,financial,13,14,1,0,1
875357_FY2024_023,financial,6,7,0,1,1
875357_FY2025_000,strategic,6,3,3,1,9
875357_FY2025_001,strategic,17,3,4,3,21
875357_FY2025_002,regulatory,49,8,0,59,10
875357_FY2025_003,financial,9,22,1,13,4
875357_FY2025_004,financial,26,26,0,0,0
875357_FY2025_005,financial,9,9,0,0,0
875357_FY2025_006,financial,17,19,1,2,0
875357_FY2025_007,financial,29,33,1,4,0
875357_FY2025_008,financial,54,57,0,3,1
875357_FY2025_009,financial,1,8,7,0,1
875357_FY2025_010,financial,18,22,0,1,4
875357_FY2025_011,financial,40,43,0,2,3
875357_FY2025_012,financial,7,8,0,1,0
875357_FY2025_013,financial,5,5,0,0,0
875357_FY2025_014,operational,34,0,45,11,4
875357_FY2025_015,regulatory,3,0,8,11,0
875357_FY2025_016,operational,10,0,12,2,2
875357_FY2025_017,operational,17,0,19,0,2
875357_FY2025_018,financial,8,8,0,0,0
875357_FY2025_019,operational,1,0,1,0,0
875357_FY2025_020,regulatory,3,3,0,6,0
875357_FY2025_021,financial,3,6,0,3,0
875357_FY2025_022,operational,3,0,8,0,5
875357_FY2025_023,financial,13,14,1,0,1
875357_FY2025_024,financial,6,7,0,1,1
883948_FY2021_000,financial,35,37,0,2,1
883948_FY2021_001,financial,9,9,0,0,0
883948_FY2021_002,strategic,1,2,0,0,3
883948_FY2021_003,strategic,4,0,3,0,7
883948_FY2021_004,regulatory,16,1,0,17,1
883948_FY2021_005,financial,5,5,0,0,0
883948_FY2021_006,strategic,1,2,1,1,3
883948_FY2021_007,financial,26,38,12,10,4
883948_FY2021_008,financial,21,25,1,4,1
883948_FY2021_009,financial,24,27,0,3,0
883948_FY2021_010,financial,45,48,1,3,1
883948_FY2021_011,financial,37,37,0,0,0
883948_FY2021_012,financial,32,35,0,1,3
883948_FY2021_013,financial,10,28,0,18,4
883948_FY2021_014,financial,21,23,0,2,0
883948_FY2021_015,financial,16,16,0,0,0
883948_FY2021_016,financial,16,16,0,0,0
883948_FY2021_017,financial,18,19,0,1,0
883948_FY2021_018,financial,35,36,0,0,1
883948_FY2021_019,financial,83,92,0,9,4
883948_FY2021_020,financial,32,34,0,2,0
883948_FY2021_021,financial,20,21,0,0,1
883948_FY2021_022,strategic,17,5,0,1,22
883948_FY2021_023,financial,4,8,0,0,4
883948_FY2021_024,operational,26,4,32,4,6
883948_FY2021_025,strategic,26,1,0,2,28
883948_FY2021_026,strategic,20,0,1,1,21
883948_FY2021_027,financial,1,3,0,0,2
883948_FY2021_028,financial,0,1,1,1,1
883948_FY2021_029,strategic,4,0,4,1,8
883948_FY2021_030,strategic,8,0,0,0,8
883948_FY2021_031,operational,2,1,7,0,5
883948_FY2021_032,operational,6,0,8,0,2
883948_FY2021_033,financial,1,1,0,0,0
883948_FY2021_034,operational,4,0,5,0,1
883948_FY2021_035,operational,13,2,15,0,2
883948_FY2021_036,financial,5,9,0,0,4
883948_FY2021_037,regulatory,4,0,0,5,1
883948_FY2021_038,financial,2,2,0,0,0
883948_FY2021_039,regulatory,27,0,0,28,1
883948_FY2021_040,regulatory,21,0,7,28,4
883948_FY2021_041,regulatory,32,3,0,36,4
883948_FY2021_042,regulatory,7,7,1,14,3
883948_FY2021_043,regulatory,29,4,0,33,0
883948_FY2021_044,regulatory,16,0,0,20,4
883948_FY2021_045,financial,11,13,0,2,0
883948_FY2021_046,financial,5,5,0,0,0
883948_FY2021_047,financial,4,5,0,1,1
883948_FY2021_048,financial,5,5,0,0,0
883948_FY2021_049,financial,6,7,0,1,0
883948_FY2021_050,regulatory,1,0,0,3,2
883948_FY2021_051,financial,4,5,0,1,0
883948_FY2021_052,strategic,19,0,1,0,20
883948_FY2021_053,strategic,8,0,0,1,9
883948_FY2021_054,regulatory,4,0,1,5,0
883948_FY2021_055,financial,13,17,4,1,4
883948_FY2022_000,financial,36,38,2,0,0
883948_FY2022_001,financial,17,17,0,0,0
883948_FY2022_002,financial,32,36,1,4,1
883948_FY2022_003,financial,32,32,0,0,0
883948_FY2022_004,financial,28,31,0,1,3
883948_FY2022_005,financial,3,13,0,10,1
883948_FY2022_006,financial,24,25,0,1,1
883948_FY2022_007,financial,28,30,2,0,0
883948_FY2022_008,financial,13,17,0,0,4
883948_FY2022_009,financial,19,20,0,1,0
883948_FY2022_010,financial,21,22,0,0,1
883948_FY2022_011,financial,23,24,1,0,0
883948_FY2022_012,financial,0,7,0,7,0
883948_FY2022_013,financial,56,62,0,6,3
883948_FY2022_014,financial,28,30,0,2,0
883948_FY2022_015,financial,28,30,0,2,1
883948_FY2022_016,financial,28,33,1,4,5
883948_FY2022_017,financial,23,30,5,0,7
883948_FY2022_018,financial,22,28,1,0,6
883948_FY2022_019,strategic,15,5,1,1,20
883948_FY2022_020,financial,4,8,0,0,4
883948_FY2022_021,operational,36,6,49,8,13
883948_FY2022_022,operational,74,1,87,13,11
883948_FY2022_023,strategic,35,2,1,4,39
883948_FY2022_024,strategic,18,3,3,16,34
883948_FY2022_025,financial,1,3,0,0,2
883948_FY2022_026,regulatory,0,1,1,3,3
883948_FY2022_027,strategic,7,0,0,0,7
883948_FY2022_028,operational,5,1,7,0,2
883948_FY2022_029,operational,16,0,21,3,5
883948_FY2022_030,financial,5,5,0,0,0
883948_FY2022_031,operational,16,0,18,1,2
883948_FY2022_032,operational,7,0,17,0,10
883948_FY2022_033,operational,2,2,4,1,1
883948_FY2022_034,strategic,2,4,0,4,6
883948_FY2022_035,regulatory,3,0,1,6,3
883948_FY2022_036,regulatory,16,0,0,18,2
883948_FY2022_037,financial,2,2,0,0,0
883948_FY2022_038,regulatory,24,8,0,32,3
883948_FY2022_039,regulatory,30,0,7,37,4
883948_FY2022_040,regulatory,15,10,0,25,4
883948_FY2022_041,regulatory,29,4,0,33,0
883948_FY2022_042,regulatory,29,2,2,40,11
883948_FY2022_043,regulatory,35,7,0,42,3
883948_FY2022_044,regulatory,7,1,0,8,0
883948_FY2022_045,financial,13,22,0,9,1
883948_FY2022_046,financial,11,11,0,0,0
883948_FY2022_047,financial,5,9,0,1,4
883948_FY2022_048,financial,13,14,0,1,0
883948_FY2022_049,strategic,2,0,0,3,5
883948_FY2022_050,regulatory,0,9,0,10,10
883948_FY2022_051,strategic,20,0,1,0,21
883948_FY2022_052,strategic,3,0,3,7,10
883948_FY2022_053,regulatory,4,0,1,5,0
883948_FY2022_054,financial,19,23,3,0,4
883948_FY2022_055,strategic,16,6,3,5,22
883948_FY2023_000,financial,36,38,2,0,0
883948_FY2023_001,financial,17,17,0,0,0
883948_FY2023_002,financial,32,37,1,5,1
883948_FY2023_003,financial,32,32,0,0,0
883948_FY2023_004,financial,28,31,0,1,3
883948_FY2023_005,financial,4,12,0,8,0
883948_FY2023_006,financial,24,25,0,1,1
883948_FY2023_007,financial,22,22,0,0,0
883948_FY2023_008,financial,13,17,0,0,4
883948_FY2023_009,financial,17,18,0,1,0
883948_FY2023_010,financial,21,22,0,0,1
883948_FY2023_011,financial,23,24,1,0,0
883948_FY2023_012,financial,0,7,0,7,0
883948_FY2023_013,financial,30,37,1,4,7
883948_FY2023_014,financial,43,50,1,2,7
883948_FY2023_015,strategic,15,5,1,1,20
883948_FY2023_016,financial,4,8,0,0,4
883948_FY2023_017,financial,32,37,0,5,3
883948_FY2023_018,financial,25,26,0,1,0
883948_FY2023_019,operational,31,6,44,8,13
883948_FY2023_020,operational,87,1,100,13,11
883948_FY2023_021,strategic,14,0,1,1,15
883948_FY2023_022,regulatory,0,0,0,21,21
883948_FY2023_023,strategic,16,1,3,0,19
883948_FY2023_024,financial,9,17,0,0,8
883948_FY2023_025,regulatory,2,0,0,16,14
883948_FY2023_026,strategic,36,2,1,4,40
883948_FY2023_027,strategic,25,4,4,16,41
883948_FY2023_028,financial,1,3,0,0,2
883948_FY2023_029,regulatory,0,1,2,3,3
883948_FY2023_030,operational,4,3,9,5,0
883948_FY2023_031,strategic,5,0,1,2,7
883948_FY2023_032,strategic,20,0,1,0,21
883948_FY2023_033,operational,5,1,7,0,2
883948_FY2023_034,operational,21,0,27,3,6
883948_FY2023_035,financial,5,5,0,0,0
883948_FY2023_036,operational,16,0,18,1,2
883948_FY2023_037,operational,7,0,17,0,10
883948_FY2023_038,operational,2,2,4,1,1
883948_FY2023_039,strategic,2,4,0,1,6
883948_FY2023_040,regulatory,12,0,1,15,3
883948_FY2023_041,regulatory,16,0,0,18,2
883948_FY2023_042,financial,2,2,0,0,0
883948_FY2023_043,regulatory,23,8,0,31,3
883948_FY2023_044,regulatory,26,0,6,32,4
883948_FY2023_045,regulatory,15,10,0,25,4
883948_FY2023_046,regulatory,40,4,0,44,0
883948_FY2023_047,regulatory,29,2,2,40,11
883948_FY2023_048,regulatory,35,7,0,42,3
883948_FY2023_049,regulatory,7,1,0,8,0
883948_FY2023_050,financial,13,22,0,9,1
883948_FY2023_051,financial,11,11,0,0,0
883948_FY2023_052,financial,5,9,0,1,4
883948_FY2023_053,financial,13,14,0,1,1
883948_FY2023_054,strategic,2,0,0,3,5
883948_FY2023_055,regulatory,0,9,0,10,10
883948_FY2023_056,strategic,4,0,4,7,11
883948_FY2023_057,regulatory,4,0,1,5,0
883948_FY2023_058,financial,21,25,3,2,4
883948_FY2023_059,strategic,10,6,2,6,16
883948_FY2024_000,strategic,4,0,0,0,4
883948_FY2024_001,strategic,18,6,11,2,29
883948_FY2024_002,strategic,16,0,0,1,17
883948_FY2024_003,strategic,18,0,2,2,20
883948_FY2024_004,strategic,7,1,0,0,8
883948_FY2024_005,financial,32,40,0,1,8
883948_FY2024_006,strategic,4,11,0,2,15
883948_FY2024_007,regulatory,8,3,0,15,7
883948_FY2024_008,strategic,7,4,4,0,11
883948_FY2024_009,regulatory,2,0,0,16,14
883948_FY2024_010,financial,36,38,2,0,0
883948_FY2024_011,financial,17,17,0,0,0
883948_FY2024_012,financial,32,37,1,5,1
883948_FY2024_013,financial,32,32,0,0,0
883948_FY2024_014,financial,28,31,0,1,3
883948_FY2024_015,financial,4,12,0,8,0
883948_FY2024_016,financial,24,25,0,1,1
883948_FY2024_017,financial,22,22,0,0,0
883948_FY2024_018,financial,13,17,0,0,4
883948_FY2024_019,financial,17,18,0,1,0
883948_FY2024_020,financial,18,19,0,0,1
883948_FY2024_021,financial,23,24,1,1,0
883948_FY2024_022,financial,0,7,0,7,0
883948_FY2024_023,financial,30,37,1,4,7
883948_FY2024_024,financial,43,50,1,2,7
883948_FY2024_025,strategic,15,5,1,1,20
883948_FY2024_026,financial,4,8,0,0,4
883948_FY2024_027,financial,34,40,0,6,4
883948_FY2024_028,financial,25,26,0,1,0
883948_FY2024_029,operational,31,6,44,8,13
883948_FY2024_030,operational,87,1,100,13,11
883948_FY2024_031,strategic,36,2,1,4,40
883948_FY2024_032,strategic,27,4,4,15,42
883948_FY2024_033,financial,1,3,0,0,2
883948_FY2024_034,regulatory,1,1,1,4,3
883948_FY2024_035,operational,4,3,9,5,0
883948_FY2024_036,strategic,5,0,1,2,7
883948_FY2024_037,strategic,20,0,1,0,21
883948_FY2024_038,operational,5,1,7,0,2
883948_FY2024_039,operational,21,0,27,3,6
883948_FY2024_040,financial,5,5,0,0,0
883948_FY2024_041,operational,16,0,18,1,2
883948_FY2024_042,operational,7,0,17,0,10
883948_FY2024_043,operational,2,2,4,1,1
883948_FY2024_044,strategic,2,4,0,1,6
883948_FY2024_045,regulatory,12,0,1,15,3
883948_FY2024_046,regulatory,16,0,0,18,2
883948_FY2024_047,financial,4,4,0,0,0
883948_FY2024_048,regulatory,29,9,0,38,3
883948_FY2024_049,regulatory,11,4,2,15,1
883948_FY2024_050,regulatory,26,0,6,32,4
883948_FY2024_051,regulatory,13,10,0,23,4
883948_FY2024_052,regulatory,45,4,0,49,0
883948_FY2024_053,regulatory,35,1,0,45,10
883948_FY2024_054,regulatory,35,7,0,42,3
883948_FY2024_055,regulatory,7,1,0,8,0
883948_FY2024_056,financial,13,22,0,9,1
883948_FY2024_057,financial,11,11,0,0,0
883948_FY2024_058,financial,5,9,0,1,4
883948_FY2024_059,financial,13,14,0,1,1
883948_FY2024_060,strategic,2,0,0,3,5
883948_FY2024_061,regulatory,0,9,0,10,10
883948_FY2024_062,financial,3,9,0,6,5
883948_FY2024_063,strategic,4,0,4,7,11
883948_FY2024_064,regulatory,4,0,1,5,0
883948_FY2024_065,financial,21,25,3,2,4
883948_FY2024_066,strategic,12,4,1,11,23
883948_FY2025_000,financial,36,38,2,0,0
883948_FY2025_001,financial,17,17,0,0,0
883948_FY2025_002,financial,32,37,1,5,1
883948_FY2025_003,financial,32,32,0,0,0
883948_FY2025_004,financial,33,34,0,1,0
883948_FY2025_005,financial,4,12,0,8,0
883948_FY2025_006,financial,24,25,0,1,1
883948_FY2025_007,financial,22,22,0,0,0
883948_FY2025_008,financial,15,19,0,0,4
883948_FY2025_009,financial,17,18,0,1,0
883948_FY2025_010,financial,18,19,0,0,1
883948_FY2025_011,financial,23,24,1,1,0
883948_FY2025_012,financial,0,7,0,7,0
883948_FY2025_013,financial,30,37,1,4,7
883948_FY2025_014,financial,43,50,1,2,7
883948_FY2025_015,strategic,15,5,1,1,20
883948_FY2025_016,strategic,1,12,1,5,13
883948_FY2025_017,financial,36,43,0,7,4
883948_FY2025_018,financial,24,25,0,1,0
883948_FY2025_019,operational,31,6,44,8,13
883948_FY2025_020,operational,87,1,100,13,11
883948_FY2025_021,strategic,38,2,1,5,43
883948_FY2025_022,strategic,24,4,4,15,39
883948_FY2025_023,financial,1,3,0,0,2
883948_FY2025_024,regulatory,0,1,1,3,3
883948_FY2025_025,operational,13,3,18,5,0
883948_FY2025_026,operational,2,0,11,8,9
883948_FY2025_027,strategic,20,0,1,0,21
883948_FY2025_028,operational,5,1,7,0,2
883948_FY2025_029,operational,21,0,27,3,6
883948_FY2025_030,financial,5,5,0,0,0
883948_FY2025_031,operational,21,0,23,1,2
883948_FY2025_032,operational,6,1,17,0,11
883948_FY2025_033,operational,2,2,4,1,1
883948_FY2025_034,strategic,2,4,0,1,6
883948_FY2025_035,regulatory,12,0,1,15,3
883948_FY2025_036,regulatory,16,0,0,18,2
883948_FY2025_037,financial,3,3,0,0,0
883948_FY2025_038,regulatory,10,0,0,10,0
883948_FY2025_039,regulatory,32,9,0,41,3
883948_FY2025_040,regulatory,26,0,6,32,4
883948_FY2025_041,regulatory,13,10,0,23,4
883948_FY2025_042,regulatory,37,4,0,41,0
883948_FY2025_043,regulatory,35,1,0,45,10
883948_FY2025_044,regulatory,35,7,0,42,3
883948_FY2025_045,regulatory,7,1,0,8,0
883948_FY2025_046,financial,13,22,0,9,1
883948_FY2025_047,financial,11,11,0,0,0
883948_FY2025_048,financial,5,9,0,1,4
883948_FY2025_049,financial,13,14,0,1,1
883948_FY2025_050,strategic,2,0,0,3,5
883948_FY2025_051,regulatory,0,9,0,10,10
883948_FY2025_052,strategic,4,0,4,7,11
883948_FY2025_053,regulatory,4,0,1,5,0
883948_FY2025_054,financial,19,23,3,2,4
883948_FY2025_055,strategic,12,4,1,15,27
887343_FY2021_000,financial,9,19,3,10,4
887343_FY2021_001,operational,27,2,38,5,11
887343_FY2021_002,strategic,13,0,0,3,16
887343_FY2021_003,strategic,25,3,7,4,32
887343_FY2021_004,strategic,1,0,0,17,18
887343_FY2021_005,strategic,16,0,1,1,17
887343_FY2021_006,strategic,18,1,3,0,21
887343_FY2021_007,operational,4,0,13,0,9
887343_FY2021_008,strategic,5,0,2,0,7
887343_FY2021_009,strategic,8,0,1,1,9
887343_FY2021_010,regulatory,0,0,0,12,12
887343_FY2021_011,strategic,19,0,0,2,21
887343_FY2021_012,financial,9,14,0,1,5
887343_FY2021_013,strategic,4,5,0,1,9
887343_FY2021_014,operational,13,0,18,5,3
887343_FY2021_015,strategic,6,0,1,2,8
887343_FY2021_016,regulatory,3,0,1,13,10
887343_FY2021_017,operational,17,0,32,7,15
887343_FY2021_018,operational,2,0,14,1,12
887343_FY2021_019,operational,6,0,8,2,0
887343_FY2021_020,financial,40,40,0,0,0
887343_FY2021_021,financial,44,45,0,1,0
887343_FY2021_022,financial,25,25,0,0,0
887343_FY2021_023,financial,32,35,0,3,0
887343_FY2021_024,financial,19,20,0,1,1
887343_FY2021_025,financial,28,32,0,4,0
887343_FY2021_026,financial,22,28,0,6,0
887343_FY2021_027,financial,28,30,2,0,0
887343_FY2021_028,financial,20,21,0,1,0
887343_FY2021_029,regulatory,2,5,0,7,3
887343_FY2021_030,strategic,3,5,0,1,8
887343_FY2021_031,financial,13,14,0,1,1
887343_FY2021_032,regulatory,76,6,0,82,1
887343_FY2021_033,regulatory,4,0,0,4,0
887343_FY2021_034,financial,1,3,0,2,1
887343_FY2021_035,strategic,4,13,0,1,17
887343_FY2021_036,regulatory,2,12,1,14,4
887343_FY2021_037,financial,1,2,0,1,1
887343_FY2021_038,financial,6,6,0,0,0
887343_FY2021_039,financial,8,11,0,3,0
887343_FY2021_040,strategic,3,0,0,0,3
887343_FY2022_000,operational,30,2,42,7,12
887343_FY2022_001,strategic,13,0,0,3,16
887343_FY2022_002,strategic,25,3,7,4,32
887343_FY2022_003,financial,5,15,4,10,4
887343_FY2022_004,strategic,9,0,1,1,10
887343_FY2022_005,strategic,18,1,3,0,21
887343_FY2022_006,operational,4,0,13,0,9
887343_FY2022_007,strategic,5,0,2,0,7
887343_FY2022_008,strategic,8,0,1,1,9
887343_FY2022_009,strategic,20,0,0,2,22
887343_FY2022_010,financial,9,14,0,1,5
887343_FY2022_011,strategic,4,5,0,1,9
887343_FY2022_012,operational,16,0,21,5,5
887343_FY2022_013,strategic,6,0,1,2,8
887343_FY2022_014,regulatory,2,0,1,13,11
887343_FY2022_015,operational,17,0,32,7,15
887343_FY2022_016,operational,2,0,14,1,12
887343_FY2022_017,operational,6,0,8,2,0
887343_FY2022_018,financial,40,40,0,0,0
887343_FY2022_019,financial,46,49,0,3,0
887343_FY2022_020,financial,25,25,0,0,0
887343_FY2022_021,financial,28,31,0,3,0
887343_FY2022_022,financial,19,20,0,1,1
887343_FY2022_023,financial,41,44,0,3,0
887343_FY2022_024,financial,25,33,0,8,0
887343_FY2022_025,financial,28,30,2,0,0
887343_FY2022_026,financial,20,21,0,1,0
887343_FY2022_027,regulatory,2,5,0,7,3
887343_FY2022_028,strategic,3,5,0,1,8
887343_FY2022_029,financial,13,14,0,1,1
887343_FY2022_030,regulatory,76,6,0,82,1
887343_FY2022_031,regulatory,4,0,0,4,0
887343_FY2022_032,financial,12,15,1,3,3
887343_FY2022_033,strategic,4,13,0,1,17
887343_FY2022_034,regulatory,2,12,1,14,4
887343_FY2022_035,financial,1,2,0,1,1
887343_FY2022_036,financial,6,6,0,0,0
887343_FY2022_037,financial,8,11,0,3,0
887343_FY2022_038,strategic,3,0,0,0,3
887343_FY2023_000,operational,33,2,46,7,13
887343_FY2023_001,strategic,32,3,7,7,39
887343_FY2023_002,strategic,6,0,1,2,8
887343_FY2023_003,operational,16,0,21,5,5
887343_FY2023_004,operational,7,0,18,11,2
887343_FY2023_005,strategic,15,1,3,0,18
887343_FY2023_006,operational,11,0,13,0,2
887343_FY2023_007,financial,38,38,0,0,0
887343_FY2023_008,financial,46,49,0,3,0
887343_FY2023_009,financial,36,39,0,3,0
887343_FY2023_010,financial,24,27,0,3,0
887343_FY2023_011,financial,19,20,0,1,1
887343_FY2023_012,financial,44,47,0,3,0
887343_FY2023_013,financial,7,8,0,1,1
887343_FY2023_014,financial,28,30,2,0,0
887343_FY2023_015,financial,20,21,0,1,0
887343_FY2023_016,regulatory,2,5,0,7,3
887343_FY2023_017,strategic,3,5,0,1,8
887343_FY2023_018,financial,17,21,0,0,4
887343_FY2023_019,financial,14,15,0,1,0
887343_FY2023_020,financial,46,57,0,1,11
887343_FY2023_021,financial,0,10,0,10,0
887343_FY2023_022,regulatory,76,6,0,82,1
887343_FY2023_023,regulatory,4,0,0,4,0
887343_FY2023_024,regulatory,2,0,1,13,11
887343_FY2023_025,financial,0,2,0,2,2
887343_FY2023_026,financial,12,15,1,3,3
887343_FY2023_027,strategic,4,13,0,1,17
887343_FY2023_028,regulatory,2,12,1,14,4
887343_FY2023_029,financial,1,2,0,1,1
887343_FY2023_030,financial,6,6,0,0,0
887343_FY2023_031,financial,8,11,0,3,0
887343_FY2023_032,strategic,3,0,0,0,3
887343_FY2024_000,operational,21,2,28,0,7
887343_FY2024_001,operational,11,0,18,7,6
887343_FY2024_002,strategic,31,3,7,7,38
887343_FY2024_003,strategic,6,0,1,2,8
887343_FY2024_004,operational,16,0,21,5,5
887343_FY2024_005,operational,7,0,18,11,2
887343_FY2024_006,financial,36,38,0,0,2
887343_FY2024_007,financial,46,49,0,3,0
887343_FY2024_008,financial,36,39,0,3,0
887343_FY2024_009,financial,24,27,0,3,0
887343_FY2024_010,financial,19,20,0,1,1
887343_FY2024_011,financial,42,45,0,3,0
887343_FY2024_012,financial,28,30,2,0,0
887343_FY2024_013,financial,20,21,0,1,0
887343_FY2024_014,regulatory,2,5,0,7,3
887343_FY2024_015,strategic,3,2,0,1,5
887343_FY2024_016,financial,0,3,0,0,3
887343_FY2024_017,financial,17,21,0,0,4
887343_FY2024_018,financial,17,18,0,1,0
887343_FY2024_019,financial,39,41,0,1,2
887343_FY2024_020,financial,0,10,0,10,0
887343_FY2024_021,regulatory,76,6,0,82,1
887343_FY2024_022,regulatory,4,0,0,4,0
887343_FY2024_023,regulatory,3,0,1,13,10
887343_FY2024_024,financial,0,2,0,2,2
887343_FY2024_025,financial,14,17,1,3,3
887343_FY2024_026,strategic,4,13,0,1,17
887343_FY2024_027,financial,0,14,1,14,7
887343_FY2024_028,financial,1,2,0,1,1
887343_FY2024_029,financial,6,6,0,0,0
887343_FY2024_030,financial,8,11,0,3,0
887343_FY2024_031,strategic,3,0,0,0,3
887343_FY2025_000,operational,35,2,48,9,13
887343_FY2025_001,strategic,31,3,7,7,38
887343_FY2025_002,strategic,6,0,1,2,8
887343_FY2025_003,operational,16,0,21,5,5
887343_FY2025_004,operational,7,0,18,11,2
887343_FY2025_005,strategic,14,1,5,0,19
887343_FY2025_006,operational,8,0,13,0,5
887343_FY2025_007,financial,36,38,0,0,2
887343_FY2025_008,financial,46,49,0,3,0
887343_FY2025_009,financial,36,39,0,3,0
887343_FY2025_010,financial,24,27,0,3,0
887343_FY2025_011,financial,19,20,0,1,1
887343_FY2025_012,financial,41,44,0,3,0
887343_FY2025_013,financial,28,30,2,0,0
887343_FY2025_014,financial,20,21,0,1,0
887343_FY2025_015,regulatory,2,5,0,7,3
887343_FY2025_016,strategic,3,5,0,1,8
887343_FY2025_017,financial,17,21,0,0,4
887343_FY2025_018,financial,17,18,0,1,0
887343_FY2025_019,financial,39,41,0,1,2
887343_FY2025_020,financial,0,10,0,10,0
887343_FY2025_021,regulatory,76,6,0,82,1
887343_FY2025_022,regulatory,4,0,0,4,0
887343_FY2025_023,regulatory,3,0,1,13,10
887343_FY2025_024,financial,0,2,0,2,2
887343_FY2025_025,financial,14,17,1,3,3
887343_FY2025_026,strategic,4,15,0,2,19
887343_FY2025_027,financial,5,12,1,6,7
887343_FY2025_028,financial,1,2,0,1,1
887343_FY2025_029,financial,6,6,0,0,0
887343_FY2025_030,financial,8,11,0,3,0
887343_FY2025_031,strategic,3,0,0,0,3
90498_FY2021_000,financial,17,18,0,0,1
90498_FY2021_001,financial,6,6,0,0,0
90498_FY2021_002,financial,22,23,0,1,0
90498_FY2021_003,financial,19,19,0,0,0
90498_FY2021_004,financial,19,19,0,0,0
90498_FY2021_005,financial,12,22,0,10,0
90498_FY2021_006,financial,26,33,0,7,2
90498_FY2021_007,financial,44,46,0,2,0
90498_FY2021_008,financial,14,19,0,0,5
90498_FY2021_009,financial,30,36,1,4,6
90498_FY2021_010,financial,43,44,0,1,1
90498_FY2021_011,strategic,21,3,0,1,24
90498_FY2021_012,strategic,31,6,2,1,37
90498_FY2021_013,financial,5,8,0,1,3
90498_FY2021_014,strategic,4,2,5,6,10
90498_FY2021_015,strategic,4,2,1,1,6
90498_FY2021_016,operational,14,2,16,1,0
90498_FY2021_017,financial,18,19,0,1,0
90498_FY2021_018,operational,1,1,7,6,0
90498_FY2021_019,strategic,1,3,0,2,4
90498_FY2021_020,operational,45,0,52,4,7
90498_FY2021_021,operational,7,1,10,0,3
90498_FY2021_022,operational,13,2,15,0,2
90498_FY2021_023,operational,2,1,4,1,2
90498_FY2021_024,financial,0,8,0,8,0
90498_FY2021_025,regulatory,41,0,0,41,0
90498_FY2021_026,regulatory,19,1,0,28,9
90498_FY2021_027,regulatory,14,1,0,16,2
90498_FY2021_028,financial,0,5,0,5,4
90498_FY2021_029,financial,0,2,0,2,0
90498_FY2021_030,financial,10,12,1,1,2
90498_FY2021_031,financial,10,16,0,6,2
90498_FY2021_032,financial,2,3,0,1,0
90498_FY2021_033,financial,11,14,0,3,0
90498_FY2021_034,regulatory,3,0,1,5,2
90498_FY2021_035,strategic,3,1,0,0,4
90498_FY2021_036,strategic,3,1,0,2,5
90498_FY2021_037,financial,0,5,1,0,5
90498_FY2022_000,financial,29,36,0,7,2
90498_FY2022_001,financial,41,43,0,2,0
90498_FY2022_002,financial,16,21,0,0,5
90498_FY2022_003,financial,15,15,0,0,0
90498_FY2022_004,financial,18,19,0,1,0
90498_FY2022_005,financial,17,18,0,0,1
90498_FY2022_006,financial,6,6,0,0,0
90498_FY2022_007,financial,22,23,0,1,0
90498_FY2022_008,financial,19,19,0,0,0
90498_FY2022_009,financial,19,19,0,0,0
90498_FY2022_010,financial,4,12,0,8,0
90498_FY2022_011,financial,49,49,0,0,0
90498_FY2022_012,financial,15,16,0,1,0
90498_FY2022_013,financial,28,33,1,4,5
90498_FY2022_014,financial,11,13,2,0,0
90498_FY2022_015,financial,43,44,0,1,1
90498_FY2022_016,strategic,21,3,0,1,24
90498_FY2022_017,strategic,31,6,2,1,37
90498_FY2022_018,financial,5,8,0,1,3
90498_FY2022_019,strategic,4,2,5,6,10
90498_FY2022_020,strategic,4,2,3,1,7
90498_FY2022_021,operational,14,2,16,1,0
90498_FY2022_022,operational,1,1,7,6,0
90498_FY2022_023,strategic,1,3,0,2,4
90498_FY2022_024,operational,45,0,52,4,7
90498_FY2022_025,operational,7,1,10,0,3
90498_FY2022_026,operational,13,2,15,0,2
90498_FY2022_027,operational,2,1,4,1,2
90498_FY2022_028,operational,2,0,2,0,0
90498_FY2022_029,financial,0,8,0,8,0
90498_FY2022_030,regulatory,41,0,0,41,0
90498_FY2022_031,regulatory,19,1,0,28,9
90498_FY2022_032,regulatory,14,2,0,16,2
90498_FY2022_033,financial,0,5,0,5,4
90498_FY2022_034,financial,0,2,0,2,0
90498_FY2022_035,financial,10,12,1,1,2
90498_FY2022_036,financial,10,16,0,6,2
90498_FY2022_037,financial,2,3,0,1,0
90498_FY2022_038,financial,11,14,0,3,0
90498_FY2022_039,regulatory,3,0,1,5,2
90498_FY2022_040,operational,5,9,14,4,1
90498_FY2022_041,strategic,3,1,0,0,4
90498_FY2022_042,strategic,3,1,0,2,5
90498_FY2022_043,financial,0,5,1,0,5
90498_FY2023_000,financial,29,38,0,9,2
90498_FY2023_001,financial,21,26,0,0,5
90498_FY2023_002,financial,17,17,0,0,0
90498_FY2023_003,financial,18,19,0,1,0
90498_FY2023_004,financial,18,21,1,3,0
90498_FY2023_005,financial,17,18,0,0,1
90498_FY2023_006,financial,6,6,0,0,0
90498_FY2023_007,financial,22,23,0,1,0
90498_FY2023_008,financial,19,19,0,0,0
90498_FY2023_009,financial,19,19,0,0,0
90498_FY2023_010,financial,4,12,0,8,0
90498_FY2023_011,financial,49,49,0,0,0
90498_FY2023_012,financial,15,16,0,1,0
90498_FY2023_013,financial,24,28,0,3,4
90498_FY2023_014,financial,27,31,1,4,4
90498_FY2023_015,financial,11,13,2,0,0
90498_FY2023_016,financial,43,44,0,1,1
90498_FY2023_017,strategic,21,3,0,1,24
90498_FY2023_018,strategic,31,6,2,1,37
90498_FY2023_019,financial,5,8,0,1,3
90498_FY2023_020,strategic,4,2,5,6,10
90498_FY2023_021,strategic,4,2,3,1,7
90498_FY2023_022,operational,14,2,16,1,0
90498_FY2023_023,operational,1,1,7,6,0
90498_FY2023_024,strategic,1,3,0,2,4
90498_FY2023_025,operational,45,0,52,4,7
90498_FY2023_026,operational,7,1,10,0,3
90498_FY2023_027,operational,13,2,15,0,2
90498_FY2023_028,operational,2,1,4,1,2
90498_FY2023_029,operational,2,0,2,0,0
90498_FY2023_030,regulatory,1,8,0,9,0
90498_FY2023_031,regulatory,41,0,0,41,0
90498_FY2023_032,regulatory,19,1,0,28,9
90498_FY2023_033,regulatory,16,2,0,18,2
90498_FY2023_034,financial,0,5,0,5,4
90498_FY2023_035,financial,0,2,0,2,0
90498_FY2023_036,financial,10,12,1,1,2
90498_FY2023_037,financial,10,16,0,6,2
90498_FY2023_038,financial,2,3,0,1,0
90498_FY2023_039,financial,11,14,0,3,0
90498_FY2023_040,regulatory,3,0,1,5,2
90498_FY2023_041,strategic,3,1,0,0,4
90498_FY2023_042,strategic,3,1,0,2,5
90498_FY2023_043,financial,0,5,1,0,5
90498_FY2024_000,financial,31,40,0,9,2
90498_FY2024_001,financial,21,26,0,0,5
90498_FY2024_002,financial,44,45,1,1,0
90498_FY2024_003,financial,18,19,0,1,0
90498_FY2024_004,financial,18,21,1,3,0
90498_FY2024_005,financial,17,18,0,0,1
90498_FY2024_006,financial,5,5,0,0,0
90498_FY2024_007,financial,27,28,0,1,0
90498_FY2024_008,financial,19,19,0,0,0
90498_FY2024_009,financial,19,19,0,0,0
90498_FY2024_010,financial,4,12,0,8,0
90498_FY2024_011,financial,49,49,0,0,0
90498_FY2024_012,financial,15,16,0,1,0
90498_FY2024_013,financial,17,18,0,1,0
90498_FY2024_014,financial,24,28,0,3,4
90498_FY2024_015,financial,27,31,1,4,4
90498_FY2024_016,financial,11,13,2,0,0
90498_FY2024_017,financial,43,44,0,1,1
90498_FY2024_018,strategic,21,3,0,1,24
90498_FY2024_019,strategic,31,6,2,1,37
90498_FY2024_020,financial,5,8,0,1,3
90498_FY2024_021,strategic,4,2,5,6,10
90498_FY2024_022,strategic,4,2,3,1,7
90498_FY2024_023,operational,14,2,16,1,0
90498_FY2024_024,operational,1,1,7,6,0
90498_FY2024_025,regulatory,1,1,1,4,3
90498_FY2024_026,strategic,1,3,0,2,4
90498_FY2024_027,operational,45,0,52,4,7
90498_FY2024_028,operational,7,1,10,0,3
90498_FY2024_029,operational,13,2,15,0,2
90498_FY2024_030,operational,2,1,4,1,2
90498_FY2024_031,operational,2,0,2,0,0
90498_FY2024_032,regulatory,1,8,0,9,0
90498_FY2024_033,regulatory,41,0,0,41,0
90498_FY2024_034,regulatory,19,1,0,28,9
90498_FY2024_035,regulatory,16,2,0,18,2
90498_FY2024_036,financial,0,5,0,5,4
90498_FY2024_037,financial,0,2,0,2,0
90498_FY2024_038,strategic,1,0,1,0,2
90498_FY2024_039,financial,3,3,0,0,0
90498_FY2024_040,financial,10,17,0,7,2
90498_FY2024_041,financial,2,3,0,1,0
90498_FY2024_042,financial,11,14,0,3,0
90498_FY2024_043,regulatory,3,0,1,5,2
90498_FY2024_044,strategic,3,1,0,0,4
90498_FY2024_045,strategic,3,1,0,2,5
90498_FY2024_046,financial,0,5,1,0,5
90498_FY2025_000,financial,31,40,0,9,2
90498_FY2025_001,financial,21,26,0,0,5
90498_FY2025_002,financial,37,38,1,1,0
90498_FY2025_003,financial,18,19,0,1,0
90498_FY2025_004,financial,47,54,1,0,7
90498_FY2025_005,financial,18,21,1,3,0
90498_FY2025_006,financial,20,21,0,0,1
90498_FY2025_007,financial,31,32,0,1,0
90498_FY2025_008,financial,50,50,0,0,0
90498_FY2025_009,financial,19,19,0,0,0
90498_FY2025_010,financial,19,19,0,0,0
90498_FY2025_011,financial,4,12,0,8,0
90498_FY2025_012,financial,15,16,0,1,0
90498_FY2025_013,financial,17,18,0,1,0
90498_FY2025_014,financial,19,23,0,1,4
90498_FY2025_015,financial,27,31,1,4,4
90498_FY2025_016,financial,11,13,2,0,0
90498_FY2025_017,financial,43,44,0,1,1
90498_FY2025_018,strategic,27,3,0,1,30
90498_FY2025_019,strategic,31,8,2,1,39
90498_FY2025_020,financial,5,8,0,1,3
90498_FY2025_021,strategic,4,2,5,6,10
90498_FY2025_022,operational,4,2,11,4,7
90498_FY2025_023,operational,22,2,24,2,2
90498_FY2025_024,operational,0,1,7,7,0
90498_FY2025_025,regulatory,1,1,1,4,3
90498_FY2025_026,operational,13,2,15,0,2
90498_FY2025_027,strategic,1,3,0,2,4
90498_FY2025_028,operational,48,0,55,5,7
90498_FY2025_029,operational,7,1,10,0,3
90498_FY2025_030,operational,2,1,4,1,2
90498_FY2025_031,operational,2,0,2,0,0
90498_FY2025_032,financial,0,5,0,5,0
90498_FY2025_033,regulatory,1,8,0,9,0
90498_FY2025_034,regulatory,41,0,0,41,0
90498_FY2025_035,regulatory,20,8,0,31,11
90498_FY2025_036,regulatory,16,2,0,18,2
90498_FY2025_037,financial,0,5,0,5,4
90498_FY2025_038,financial,0,2,0,2,0
90498_FY2025_039,strategic,1,0,1,0,2
90498_FY2025_040,financial,3,3,0,0,0
90498_FY2025_041,financial,10,14,0,4,2
90498_FY2025_042,regulatory,6,4,0,10,0
90498_FY2025_043,financial,2,3,0,1,0
90498_FY2025_044,financial,11,14,0,3,0
90498_FY2025_045,regulatory,3,0,1,5,2
90498_FY2025_046,strategic,3,1,0,0,4
90498_FY2025_047,strategic,3,1,0,2,5
90498_FY2025_048,financial,6,12,1,2,6
910073_FY2021_000,financial,25,25,0,0,0
910073_FY2021_001,financial,20,21,0,1,0
910073_FY2021_002,financial,15,17,0,2,0
910073_FY2021_003,financial,56,57,0,1,0
910073_FY2021_004,financial,48,55,2,7,0
910073_FY2021_005,financial,81,82,0,0,1
910073_FY2021_006,financial,34,36,0,2,1
910073_FY2021_007,financial,55,57,0,0,2
910073_FY2021_008,regulatory,3,9,0,12,0
910073_FY2021_009,financial,38,41,0,3,0
910073_FY2021_010,regulatory,9,0,0,9,0
910073_FY2021_011,operational,1,9,10,0,0
910073_FY2021_012,financial,7,8,0,0,1
910073_FY2021_013,financial,54,65,0,3,11
910073_FY2021_014,financial,15,16,0,1,0
910073_FY2021_015,financial,14,26,0,12,0
910073_FY2021_016,regulatory,10,13,0,23,1
910073_FY2021_017,regulatory,35,2,1,37,1
910073_FY2021_018,regulatory,23,1,0,25,2
910073_FY2021_019,strategic,3,0,0,5,8
910073_FY2021_020,regulatory,1,3,0,4,3
910073_FY2021_021,regulatory,8,0,0,8,0
910073_FY2021_022,financial,31,32,0,1,0
910073_FY2021_023,financial,11,11,0,0,0
910073_FY2021_024,financial,7,8,0,0,1
910073_FY2021_025,financial,12,16,0,3,4
910073_FY2021_026,financial,8,22,1,0,14
910073_FY2021_027,financial,16,18,0,2,0
910073_FY2021_028,strategic,22,8,5,2,30
910073_FY2021_029,strategic,8,0,1,8,16
910073_FY2021_030,financial,10,13,0,3,0
910073_FY2021_031,financial,2,8,0,6,0
910073_FY2021_032,operational,14,8,36,22,10
910073_FY2021_033,operational,17,0,19,2,2
910073_FY2021_034,financial,6,12,0,0,6
910073_FY2021_035,operational,5,0,7,0,2
910073_FY2021_036,financial,6,6,0,0,0
910073_FY2021_037,operational,9,0,11,2,0
910073_FY2021_038,strategic,8,2,3,5,13
910073_FY2021_039,regulatory,3,7,0,16,13
910073_FY2022_000,financial,56,57,0,1,0
910073_FY2022_001,financial,36,43,0,7,0
910073_FY2022_002,financial,34,36,0,2,1
910073_FY2022_003,financial,53,53,0,0,0
910073_FY2022_004,regulatory,3,9,0,12,0
910073_FY2022_005,financial,38,41,0,3,0
910073_FY2022_006,operational,1,9,10,0,0
910073_FY2022_007,financial,7,8,0,0,1
910073_FY2022_008,financial,54,65,0,3,11
910073_FY2022_009,financial,15,16,0,1,0
910073_FY2022_010,financial,14,26,0,12,0
910073_FY2022_011,regulatory,10,13,0,23,1
910073_FY2022_012,regulatory,39,7,2,46,3
910073_FY2022_013,regulatory,23,2,2,27,4
910073_FY2022_014,strategic,3,0,0,5,8
910073_FY2022_015,regulatory,1,3,0,4,3
910073_FY2022_016,regulatory,8,0,0,8,0
910073_FY2022_017,regulatory,47,8,1,55,3
910073_FY2022_018,financial,31,32,0,1,0
910073_FY2022_019,financial,11,11,0,0,0
910073_FY2022_020,financial,34,35,0,0,1
910073_FY2022_021,financial,19,22,0,3,2
910073_FY2022_022,financial,7,7,0,0,0
910073_FY2022_023,financial,8,22,1,0,14
910073_FY2022_024,financial,13,15,0,2,0
910073_FY2022_025,strategic,22,8,5,2,30
910073_FY2022_026,strategic,25,0,1,6,31
910073_FY2022_027,financial,9,14,0,5,1
910073_FY2022_028,financial,2,10,0,8,1
910073_FY2022_029,operational,17,8,38,21,10
910073_FY2022_030,operational,11,1,22,11,2
910073_FY2022_031,financial,6,12,0,0,6
910073_FY2022_032,operational,5,0,7,0,2
910073_FY2022_033,financial,6,6,0,0,0
910073_FY2022_034,financial,15,21,2,6,0
910073_FY2022_035,financial,29,34,1,5,1
910073_FY2022_036,regulatory,5,17,15,22,7
910073_FY2022_037,regulatory,23,0,0,25,2
910073_FY2022_038,regulatory,14,0,0,14,0
910073_FY2022_039,strategic,8,2,3,5,13
910073_FY2022_040,regulatory,3,7,0,16,13
910073_FY2023_000,financial,56,57,0,1,0
910073_FY2023_001,financial,34,36,0,2,1
910073_FY2023_002,financial,57,59,0,2,0
910073_FY2023_003,regulatory,2,9,0,11,0
910073_FY2023_004,financial,38,41,0,3,0
910073_FY2023_005,operational,1,9,10,0,0
910073_FY2023_006,financial,9,9,0,0,0
910073_FY2023_007,operational,7,0,12,5,2
910073_FY2023_008,financial,60,73,0,5,13
910073_FY2023_009,financial,3,12,0,9,1
910073_FY2023_010,financial,9,14,0,5,1
910073_FY2023_011,financial,15,16,0,1,0
910073_FY2023_012,financial,13,25,0,12,0
910073_FY2023_013,financial,4,4,0,0,0
910073_FY2023_014,regulatory,12,13,0,25,1
910073_FY2023_015,regulatory,41,8,2,49,3
910073_FY2023_016,regulatory,10,9,1,19,2
910073_FY2023_017,regulatory,23,2,2,27,4
910073_FY2023_018,strategic,3,0,0,5,8
910073_FY2023_019,regulatory,1,3,0,4,3
910073_FY2023_020,regulatory,8,0,0,8,0
910073_FY2023_021,regulatory,49,8,1,57,3
910073_FY2023_022,regulatory,18,0,15,33,8
910073_FY2023_023,financial,31,32,0,1,0
910073_FY2023_024,financial,34,35,0,0,1
910073_FY2023_025,financial,19,22,0,3,2
910073_FY2023_026,financial,7,7,0,0,0
910073_FY2023_027,financial,20,27,0,7,0
910073_FY2023_028,financial,8,22,1,0,14
910073_FY2023_029,financial,13,15,0,2,0
910073_FY2023_030,strategic,22,8,5,2,30
910073_FY2023_031,strategic,28,0,1,6,34
910073_FY2023_032,strategic,2,4,0,2,6
910073_FY2023_033,operational,25,8,48,23,11
910073_FY2023_034,operational,11,1,22,11,2
910073_FY2023_035,financial,6,12,0,0,6
910073_FY2023_036,operational,5,0,7,0,2
910073_FY2023_037,strategic,1,0,0,0,1
910073_FY2023_038,financial,6,6,0,0,0
910073_FY2023_039,financial,15,21,2,6,0
910073_FY2023_040,financial,17,21,1,4,1
910073_FY2023_041,regulatory,5,17,15,22,7
910073_FY2023_042,regulatory,24,1,0,26,2
910073_FY2023_043,regulatory,14,0,0,14,0
910073_FY2023_044,operational,5,3,9,1,4
910073_FY2023_045,strategic,8,2,3,5,13
910073_FY2023_046,regulatory,3,7,0,16,13
910073_FY2024_000,financial,52,56,0,4,0
910073_FY2024_001,financial,37,42,0,5,1
910073_FY2024_002,financial,70,72,0,2,0
910073_FY2024_003,regulatory,2,9,0,11,0
910073_FY2024_004,financial,37,41,0,3,4
910073_FY2024_005,financial,26,28,2,0,1
910073_FY2024_006,financial,2,9,7,0,0
910073_FY2024_007,financial,6,6,0,0,0
910073_FY2024_008,operational,8,0,13,5,2
910073_FY2024_009,financial,60,73,0,6,13
910073_FY2024_010,financial,3,9,0,6,0
910073_FY2024_011,financial,10,14,0,4,0
910073_FY2024_012,financial,15,16,0,1,0
910073_FY2024_013,financial,13,25,0,12,0
910073_FY2024_014,financial,4,4,0,0,0
910073_FY2024_015,regulatory,12,13,0,25,1
910073_FY2024_016,regulatory,47,10,2,57,3
910073_FY2024_017,regulatory,4,12,1,16,2
910073_FY2024_018,regulatory,24,2,2,27,3
910073_FY2024_019,strategic,3,0,0,5,8
910073_FY2024_020,financial,0,4,0,4,3
910073_FY2024_021,regulatory,28,4,3,32,4
910073_FY2024_022,regulatory,8,0,0,8,0
910073_FY2024_023,regulatory,53,16,1,69,3
910073_FY2024_024,financial,20,28,0,8,1
910073_FY2024_025,regulatory,27,0,18,45,8
910073_FY2024_026,financial,31,32,0,1,0
910073_FY2024_027,financial,20,25,0,5,0
910073_FY2024_028,financial,8,20,1,0,12
910073_FY2024_029,strategic,19,0,1,6,25
910073_FY2024_030,operational,25,8,48,23,11
910073_FY2024_031,operational,10,1,22,12,2
910073_FY2024_032,financial,6,12,1,0,6
910073_FY2024_033,operational,5,0,7,0,2
910073_FY2024_034,strategic,11,1,0,3,14
910073_FY2024_035,financial,6,6,0,0,0
910073_FY2024_036,financial,9,18,3,1,9
910073_FY2024_037,regulatory,14,0,0,14,0
910073_FY2024_038,operational,5,3,9,1,4
910073_FY2024_039,regulatory,0,0,1,2,2
910073_FY2024_040,strategic,8,2,3,5,13
910073_FY2024_041,regulatory,3,7,0,16,13
910073_FY2025_000,financial,52,56,0,4,0
910073_FY2025_001,financial,28,33,0,5,1
910073_FY2025_002,financial,70,72,0,2,0
910073_FY2025_003,financial,0,21,0,21,0
910073_FY2025_004,financial,38,41,0,3,0
910073_FY2025_005,financial,27,28,1,0,1
910073_FY2025_006,financial,0,10,10,0,0
910073_FY2025_007,financial,9,9,0,0,0
910073_FY2025_008,operational,9,0,15,6,4
910073_FY2025_009,financial,60,71,0,6,11
910073_FY2025_010,financial,3,9,0,6,0
910073_FY2025_011,financial,15,16,0,1,0
910073_FY2025_012,financial,11,24,0,13,0
910073_FY2025_013,financial,4,4,0,0,0
910073_FY2025_014,regulatory,32,5,0,37,1
910073_FY2025_015,regulatory,14,13,0,27,1
910073_FY2025_016,regulatory,49,10,2,59,3
910073_FY2025_017,regulatory,15,1,0,16,0
910073_FY2025_018,regulatory,24,2,2,27,3
910073_FY2025_019,strategic,3,0,0,5,8
910073_FY2025_020,financial,0,4,0,4,3
910073_FY2025_021,regulatory,27,4,3,31,4
910073_FY2025_022,regulatory,8,0,0,8,0
910073_FY2025_023,regulatory,51,16,1,67,3
910073_FY2025_024,financial,22,27,0,5,0
910073_FY2025_025,regulatory,27,0,18,45,8
910073_FY2025_026,regulatory,10,0,0,10,0
910073_FY2025_027,financial,31,32,0,1,0
910073_FY2025_028,financial,18,23,0,5,0
910073_FY2025_029,financial,8,20,1,0,12
910073_FY2025_030,strategic,19,0,1,6,25
910073_FY2025_031,operational,25,8,48,23,11
910073_FY2025_032,operational,10,0,22,12,2
910073_FY2025_033,financial,3,12,1,0,9
910073_FY2025_034,operational,5,0,7,0,2
910073_FY2025_035,strategic,7,1,1,5,12
910073_FY2025_036,financial,6,6,0,0,0
910073_FY2025_037,financial,9,18,3,1,9
910073_FY2025_038,regulatory,12,0,0,12,0
910073_FY2025_039,operational,5,3,9,1,4
910073_FY2025_040,regulatory,0,0,1,2,2
910073_FY2025_041,strategic,8,2,3,5,13
910073_FY2025_042,regulatory,3,7,0,16,13
91576_FY2021_000,financial,36,36,0,0,0
91576_FY2021_001,financial,12,13,0,1,0
91576_FY2021_002,financial,9,12,3,2,1
91576_FY2021_003,financial,20,20,0,0,0
91576_FY2021_004,financial,2,6,0,0,4
91576_FY2021_005,financial,13,13,0,0,0
91576_FY2021_006,financial,1,2,1,0,1
91576_FY2021_007,regulatory,72,5,4,77,4
91576_FY2021_008,regulatory,1,0,0,1,0
91576_FY2021_009,operational,17,3,24,7,1
91576_FY2021_010,operational,39,0,48,9,5
91576_FY2021_011,operational,10,0,13,3,1
91576_FY2021_012,regulatory,8,0,1,14,6
91576_FY2021_013,operational,4,1,5,1,0
91576_FY2021_014,financial,8,9,1,0,0
91576_FY2021_015,regulatory,3,10,0,13,0
91576_FY2021_016,operational,13,0,17,1,4
91576_FY2021_017,regulatory,1,16,0,17,1
91576_FY2021_018,financial,0,3,0,3,3
91576_FY2021_019,financial,8,13,0,5,0
91576_FY2021_020,financial,23,25,0,0,2
91576_FY2021_021,financial,10,10,0,0,0
91576_FY2021_022,financial,11,11,0,0,0
91576_FY2021_023,financial,16,16,0,0,0
91576_FY2021_024,financial,10,12,0,1,2
91576_FY2021_025,financial,40,46,0,6,1
91576_FY2021_026,financial,26,36,1,10,2
91576_FY2021_027,financial,23,24,0,1,1
91576_FY2021_028,financial,10,11,0,1,0
91576_FY2021_029,strategic,11,2,5,3,16
91576_FY2021_030,strategic,9,0,1,0,10
91576_FY2021_031,strategic,18,1,1,3,21
91576_FY2021_032,strategic,8,7,0,1,15
91576_FY2021_033,operational,2,0,10,2,8
91576_FY2021_034,strategic,15,1,4,3,19
91576_FY2021_035,operational,9,3,14,5,0
91576_FY2022_000,financial,36,36,0,0,0
91576_FY2022_001,financial,12,14,0,2,0
91576_FY2022_002,financial,9,12,3,2,1
91576_FY2022_003,financial,22,22,0,0,0
91576_FY2022_004,financial,4,8,0,1,4
91576_FY2022_005,regulatory,73,7,4,80,5
91576_FY2022_006,regulatory,1,0,0,1,0
91576_FY2022_007,operational,24,1,31,7,2
91576_FY2022_008,operational,56,0,66,8,10
91576_FY2022_009,operational,1,0,3,2,0
91576_FY2022_010,operational,12,0,15,3,2
91576_FY2022_011,regulatory,8,0,1,14,6
91576_FY2022_012,operational,4,1,5,1,0
91576_FY2022_013,financial,8,9,1,0,0
91576_FY2022_014,regulatory,3,10,0,13,0
91576_FY2022_015,operational,17,0,22,3,5
91576_FY2022_016,regulatory,8,16,2,24,1
91576_FY2022_017,financial,5,9,0,4,3
91576_FY2022_018,financial,8,13,0,5,0
91576_FY2022_019,financial,23,25,0,0,2
91576_FY2022_020,financial,10,10,0,0,0
91576_FY2022_021,regulatory,1,12,1,13,0
91576_FY2022_022,financial,24,26,0,1,2
91576_FY2022_023,financial,40,46,0,6,1
91576_FY2022_024,financial,39,46,1,7,2
91576_FY2022_025,financial,24,25,0,1,1
91576_FY2022_026,financial,10,11,0,1,0
91576_FY2022_027,strategic,20,3,8,10,30
91576_FY2022_028,strategic,9,0,1,0,10
91576_FY2022_029,strategic,17,1,1,6,23
91576_FY2022_030,strategic,8,7,0,1,15
91576_FY2022_031,strategic,4,1,4,1,8
91576_FY2022_032,strategic,15,1,4,3,19
91576_FY2022_033,operational,9,3,14,5,0
91576_FY2023_000,financial,36,36,0,0,0
91576_FY2023_001,financial,13,15,0,2,0
91576_FY2023_002,financial,9,12,3,2,1
91576_FY2023_003,financial,24,24,0,0,0
91576_FY2023_004,financial,2,7,0,1,5
91576_FY2023_005,financial,14,15,0,0,1
91576_FY2023_006,regulatory,57,6,0,63,5
91576_FY2023_007,regulatory,29,0,16,45,1
91576_FY2023_008,regulatory,1,0,0,1,0
91576_FY2023_009,operational,25,1,32,7,2
91576_FY2023_010,operational,32,0,40,4,8
91576_FY2023_011,operational,31,0,37,6,4
91576_FY2023_012,operational,12,0,15,3,1
91576_FY2023_013,regulatory,26,0,1,33,7
91576_FY2023_014,operational,3,1,5,2,0
91576_FY2023_015,financial,7,9,2,1,1
91576_FY2023_016,regulatory,16,11,0,27,0
91576_FY2023_017,regulatory,7,15,27,34,6
91576_FY2023_018,financial,4,18,0,14,3
91576_FY2023_019,financial,8,13,0,5,0
91576_FY2023_020,financial,23,25,0,0,2
91576_FY2023_021,financial,9,9,0,0,0
91576_FY2023_022,financial,33,38,0,5,2
91576_FY2023_023,financial,48,54,0,6,1
91576_FY2023_024,financial,24,25,0,1,1
91576_FY2023_025,financial,9,10,0,0,1
91576_FY2023_026,financial,9,12,0,3,1
91576_FY2023_027,strategic,9,1,8,10,19
91576_FY2023_028,strategic,24,5,2,1,29
91576_FY2023_029,strategic,8,0,0,0,8
91576_FY2023_030,strategic,17,1,1,6,23
91576_FY2023_031,strategic,8,7,0,1,15
91576_FY2023_032,strategic,4,1,4,1,8
91576_FY2023_033,strategic,15,1,4,3,19
91576_FY2023_034,operational,9,3,14,5,0
91576_FY2024_000,financial,13,15,0,2,0
91576_FY2024_001,financial,11,14,3,2,1
91576_FY2024_002,financial,4,9,0,3,5
91576_FY2024_003,financial,24,24,0,0,0
91576_FY2024_004,financial,14,15,0,0,1
91576_FY2024_005,financial,39,45,0,6,2
91576_FY2024_006,financial,53,60,0,7,1
91576_FY2024_007,financial,24,25,0,1,1
91576_FY2024_008,financial,15,16,0,0,1
91576_FY2024_009,financial,30,32,0,2,2
91576_FY2024_010,regulatory,18,17,3,35,1
91576_FY2024_011,financial,7,21,0,14,3
91576_FY2024_012,financial,8,13,0,5,0
91576_FY2024_013,financial,9,9,0,0,0
91576_FY2024_014,operational,25,1,32,7,2
91576_FY2024_015,operational,77,0,90,10,13
91576_FY2024_016,operational,14,0,21,7,5
91576_FY2024_017,strategic,2,1,0,1,3
91576_FY2024_018,regulatory,21,0,1,28,7
91576_FY2024_019,operational,3,1,5,2,0
91576_FY2024_020,financial,7,9,2,1,1
91576_FY2024_021,regulatory,16,7,0,23,1
91576_FY2024_022,operational,15,0,20,3,5
91576_FY2024_023,regulatory,57,6,0,63,5
91576_FY2024_024,regulatory,29,0,16,45,1
91576_FY2024_025,strategic,6,0,2,0,8
91576_FY2024_026,strategic,16,1,1,5,21
91576_FY2024_027,strategic,8,7,0,1,15
91576_FY2024_028,strategic,5,1,3,1,8
91576_FY2024_029,strategic,15,1,4,3,19
91576_FY2024_030,strategic,2,0,0,0,2
91576_FY2024_031,strategic,9,1,9,11,20
91576_FY2024_032,strategic,16,1,2,2,18
91576_FY2024_033,operational,13,3,18,5,0
91576_FY2024_034,financial,0,0,0,0,0
91576_FY2024_035,regulatory,1,0,0,1,0
91576_FY2024_036,financial,10,14,0,4,1
91576_FY2025_000,financial,25,26,0,0,1
91576_FY2025_001,financial,11,14,3,2,1
91576_FY2025_002,financial,5,8,0,0,3
91576_FY2025_003,regulatory,1,3,0,4,2
91576_FY2025_004,financial,24,24,0,0,0
91576_FY2025_005,financial,14,15,0,0,1
91576_FY2025_006,financial,30,30,0,0,0
91576_FY2025_007,financial,15,21,0,6,2
91576_FY2025_008,financial,38,45,0,7,2
91576_FY2025_009,financial,15,15,0,0,0
91576_FY2025_010,financial,24,25,0,1,1
91576_FY2025_011,financial,17,18,0,0,1
91576_FY2025_012,financial,25,27,0,2,2
91576_FY2025_013,regulatory,13,23,3,36,1
91576_FY2025_014,financial,3,16,0,13,3
91576_FY2025_015,financial,9,14,0,5,0
91576_FY2025_016,financial,9,9,0,0,0
91576_FY2025_017,financial,42,44,0,0,2
91576_FY2025_018,operational,25,1,32,7,2
91576_FY2025_019,operational,47,0,56,5,9
91576_FY2025_020,operational,27,0,32,5,4
91576_FY2025_021,operational,14,0,21,7,5
91576_FY2025_022,financial,0,1,0,1,1
91576_FY2025_023,regulatory,21,0,1,28,7
91576_FY2025_024,operational,4,0,5,1,0
91576_FY2025_025,financial,3,5,2,1,1
91576_FY2025_026,regulatory,2,0,6,8,6
91576_FY2025_027,regulatory,57,6,0,63,5
91576_FY2025_028,regulatory,15,0,8,23,1
91576_FY2025_029,regulatory,14,0,8,22,0
91576_FY2025_030,strategic,6,0,2,0,8
91576_FY2025_031,strategic,19,3,0,5,24
91576_FY2025_032,strategic,9,9,0,1,18
91576_FY2025_033,strategic,4,1,2,1,6
91576_FY2025_034,strategic,16,1,4,3,20
91576_FY2025_035,strategic,2,0,0,0,2
91576_FY2025_036,strategic,16,1,9,9,25
91576_FY2025_037,strategic,13,1,1,3,16
91576_FY2025_038,operational,13,3,18,5,0
91576_FY2025_039,financial,0,0,0,0,0
91576_FY2025_040,regulatory,1,0,0,1,0
91576_FY2025_041,financial,10,14,0,4,1
936528_FY2021_000,financial,41,44,0,3,2
936528_FY2021_001,operational,10,0,15,4,5
936528_FY2021_002,operational,51,4,65,9,14
936528_FY2021_003,operational,19,0,22,3,3
936528_FY2021_004,financial,20,25,1,5,1
936528_FY2021_005,financial,1,20,19,12,3
936528_FY2021_006,financial,15,30,0,15,6
936528_FY2021_007,regulatory,26,0,0,28,2
936528_FY2021_008,regulatory,49,7,2,56,5
936528_FY2021_009,regulatory,39,0,0,45,6
936528_FY2021_010,regulatory,52,7,0,59,2
936528_FY2021_011,regulatory,16,0,0,16,0
936528_FY2021_012,financial,0,11,0,11,0
936528_FY2021_013,regulatory,20,0,1,27,7
936528_FY2021_014,financial,21,21,0,0,0
936528_FY2021_015,financial,17,19,0,2,0
936528_FY2021_016,strategic,1,4,0,0,5
936528_FY2021_017,financial,36,37,0,0,1
936528_FY2021_018,financial,52,56,0,4,2
936528_FY2021_019,financial,22,23,0,1,0
936528_FY2021_020,financial,49,51,0,2,0
936528_FY2021_021,financial,6,16,0,9,10
936528_FY2021_022,strategic,17,5,0,0,22
936528_FY2021_023,financial,7,18,0,11,0
936528_FY2021_024,financial,14,15,0,1,0
936528_FY2021_025,strategic,5,5,1,2,10
936528_FY2021_026,financial,16,16,0,0,0
936528_FY2021_027,financial,12,13,0,0,1
936528_FY2021_028,financial,8,11,0,0,3
936528_FY2021_029,strategic,1,1,1,7,8
936528_FY2022_000,financial,19,24,1,5,1
936528_FY2022_001,financial,35,41,0,6,0
936528_FY2022_002,financial,16,17,0,1,0
936528_FY2022_003,regulatory,3,2,0,5,0
936528_FY2022_004,financial,8,12,3,2,4
936528_FY2022_005,financial,39,42,0,3,2
936528_FY2022_006,operational,10,0,15,4,5
936528_FY2022_007,operational,75,2,91,9,16
936528_FY2022_008,financial,0,19,19,11,3
936528_FY2022_009,financial,23,33,0,10,3
936528_FY2022_010,operational,11,0,14,0,3
936528_FY2022_011,financial,0,2,1,2,0
936528_FY2022_012,financial,1,16,1,15,4
936528_FY2022_013,regulatory,26,0,0,28,2
936528_FY2022_014,regulatory,57,7,1,64,6
936528_FY2022_015,regulatory,48,7,0,55,2
936528_FY2022_016,regulatory,16,0,0,16,0
936528_FY2022_017,financial,5,13,0,8,1
936528_FY2022_018,regulatory,16,0,1,23,7
936528_FY2022_019,regulatory,1,3,2,4,0
936528_FY2022_020,financial,21,21,0,0,0
936528_FY2022_021,financial,38,40,0,2,0
936528_FY2022_022,strategic,1,4,0,0,5
936528_FY2022_023,financial,36,37,0,0,1
936528_FY2022_024,financial,55,58,0,3,2
936528_FY2022_025,financial,22,23,0,1,0
936528_FY2022_026,financial,48,50,0,2,0
936528_FY2022_027,financial,6,16,0,9,10
936528_FY2022_028,strategic,17,5,0,0,22
936528_FY2022_029,strategic,7,0,0,2,9
936528_FY2022_030,financial,6,18,0,12,0
936528_FY2022_031,financial,14,15,0,1,0
936528_FY2022_032,strategic,5,5,1,2,10
936528_FY2022_033,financial,12,13,0,0,1
936528_FY2022_034,financial,8,11,0,0,3
936528_FY2022_035,strategic,1,1,1,7,8
936528_FY2022_036,strategic,2,0,0,1,3
936528_FY2023_000,financial,84,90,0,6,2
936528_FY2023_001,financial,16,18,0,2,0
936528_FY2023_002,strategic,27,7,2,13,40
936528_FY2023_003,financial,20,31,1,11,2
936528_FY2023_004,regulatory,3,2,0,5,0
936528_FY2023_005,financial,3,8,1,1,5
936528_FY2023_006,financial,39,42,0,3,2
936528_FY2023_007,operational,10,0,15,4,5
936528_FY2023_008,operational,64,2,79,9,15
936528_FY2023_009,operational,6,10,16,3,2
936528_FY2023_010,operational,11,0,14,0,3
936528_FY2023_011,financial,0,2,1,2,0
936528_FY2023_012,financial,1,16,1,15,4
936528_FY2023_013,regulatory,26,0,0,28,2
936528_FY2023_014,regulatory,58,7,1,65,6
936528_FY2023_015,regulatory,47,7,0,54,2
936528_FY2023_016,regulatory,33,4,0,37,1
936528_FY2023_017,financial,6,13,0,7,1
936528_FY2023_018,regulatory,19,0,2,26,7
936528_FY2023_019,regulatory,1,3,2,4,0
936528_FY2023_020,financial,15,18,0,3,3
936528_FY2023_021,financial,38,40,0,2,0
936528_FY2023_022,strategic,2,4,0,0,6
936528_FY2023_023,financial,36,37,0,0,1
936528_FY2023_024,financial,21,21,0,0,0
936528_FY2023_025,financial,22,24,0,2,0
936528_FY2023_026,financial,5,10,0,1,5
936528_FY2023_027,strategic,17,5,0,0,22
936528_FY2023_028,strategic,7,0,0,2,9
936528_FY2023_029,strategic,5,5,0,0,10
936528_FY2023_030,financial,11,13,0,2,0
936528_FY2023_031,financial,14,15,0,1,0
936528_FY2023_032,strategic,5,5,1,3,10
936528_FY2023_033,strategic,5,0,0,0,5
936528_FY2023_034,financial,6,7,0,0,1
936528_FY2023_035,financial,8,11,0,0,3
936528_FY2023_036,regulatory,1,1,1,7,6
936528_FY2023_037,strategic,2,0,0,1,3
936528_FY2024_000,financial,80,85,0,5,2
936528_FY2024_001,operational,65,2,80,9,15
936528_FY2024_002,financial,17,18,0,1,0
936528_FY2024_003,strategic,16,1,4,0,20
936528_FY2024_004,financial,19,29,1,10,1
936528_FY2024_005,regulatory,3,2,0,5,0
936528_FY2024_006,financial,8,13,1,1,5
936528_FY2024_007,financial,40,43,0,3,2
936528_FY2024_008,operational,10,0,15,4,5
936528_FY2024_009,regulatory,3,0,28,31,1
936528_FY2024_010,operational,3,0,14,11,2
936528_FY2024_011,operational,9,0,14,0,5
936528_FY2024_012,operational,1,2,3,2,0
936528_FY2024_013,financial,1,16,1,15,4
936528_FY2024_014,operational,6,10,16,3,2
936528_FY2024_015,regulatory,66,11,1,77,10
936528_FY2024_016,regulatory,26,0,0,28,2
936528_FY2024_017,regulatory,48,7,0,55,2
936528_FY2024_018,regulatory,33,4,0,37,1
936528_FY2024_019,financial,5,14,0,9,1
936528_FY2024_020,regulatory,16,0,2,23,7
936528_FY2024_021,regulatory,1,3,2,4,0
936528_FY2024_022,financial,9,15,0,6,3
936528_FY2024_023,financial,38,40,0,2,0
936528_FY2024_024,strategic,1,4,0,0,5
936528_FY2024_025,financial,36,37,0,0,1
936528_FY2024_026,financial,21,21,0,0,0
936528_FY2024_027,financial,22,24,0,2,0
936528_FY2024_028,financial,5,10,0,1,5
936528_FY2024_029,strategic,20,5,1,2,25
936528_FY2024_030,strategic,7,0,0,2,9
936528_FY2024_031,strategic,2,8,2,0,10
936528_FY2024_032,financial,11,13,0,2,0
936528_FY2024_033,financial,14,15,0,1,0
936528_FY2024_034,strategic,4,5,1,4,9
936528_FY2024_035,financial,5,7,0,0,2
936528_FY2024_036,financial,8,11,0,0,3
936528_FY2024_037,regulatory,1,1,1,7,6
936528_FY2024_038,strategic,2,0,0,1,3
936528_FY2025_000,financial,73,81,0,8,2
936528_FY2025_001,operational,66,2,81,9,15
936528_FY2025_002,financial,4,14,0,1,10
936528_FY2025_003,financial,19,30,1,11,4
936528_FY2025_004,regulatory,5,2,0,7,0
936528_FY2025_005,financial,8,13,1,1,5
936528_FY2025_006,financial,20,20,0,0,0
936528_FY2025_007,operational,3,0,16,13,2
936528_FY2025_008,operational,10,0,15,4,5
936528_FY2025_009,regulatory,3,0,28,31,1
936528_FY2025_010,financial,40,43,0,3,2
936528_FY2025_011,operational,1,2,3,2,0
936528_FY2025_012,operational,9,0,14,0,5
936528_FY2025_013,financial,7,18,1,11,1
936528_FY2025_014,financial,1,2,0,1,1
936528_FY2025_015,regulatory,0,1,0,9,9
936528_FY2025_016,regulatory,29,1,1,35,6
936528_FY2025_017,regulatory,34,7,0,41,1
936528_FY2025_018,regulatory,61,6,0,67,6
936528_FY2025_019,financial,0,7,0,7,0
936528_FY2025_020,regulatory,16,0,2,23,7
936528_FY2025_021,regulatory,1,3,2,4,0
936528_FY2025_022,financial,7,13,0,6,3
936528_FY2025_023,financial,38,40,0,2,0
936528_FY2025_024,strategic,1,4,0,0,5
936528_FY2025_025,financial,36,37,0,0,1
936528_FY2025_026,financial,21,21,0,0,0
936528_FY2025_027,financial,5,10,0,1,5
936528_FY2025_028,strategic,20,5,1,2,25
936528_FY2025_029,financial,19,22,0,0,3
936528_FY2025_030,strategic,7,0,0,2,9
936528_FY2025_031,strategic,1,8,1,0,9
936528_FY2025_032,strategic,2,0,0,1,3
936528_FY2025_033,financial,11,13,0,2,0
936528_FY2025_034,financial,14,15,0,1,0
936528_FY2025_035,strategic,2,7,1,1,9
936528_FY2025_036,financial,5,7,0,0,2
936528_FY2025_037,regulatory,1,1,1,7,6
