category,materialised,specificity,entities,split_ok,notes,risk_id,ticker,fiscal_year,risk_index,filer_category,heading,body,chars,cik,source_url,flagged
financial,,,,y,,801337_FY2021_007,WBS,2021,7,Financial Risk,"Difficult conditions in the U.S economy and financial markets may have a materially adverse effect on our business, financial condition, and results of operations.","Our business and financial performance is highly dependent upon the U.S. economy and strength of its financial markets. Difficult economic and market conditions could adversely affect our business, results of operations, and financial condition. In particular, we could face some of the following risks, and other unforeseeable risks, in connection with a downturn in the U.S. economic and market environment: loss of confidence in the financial services industry and the debt and equity markets by investors, placing pressure on Webster’s common share price; decreased consumer and business confidence levels may decrease credit usage and investment or increase in delinquencies and default rates; decreased household or corporate incomes, which could reduce demand for our products and services; decreased value of collateral securing loans to borrowers, causing a decrease in the asset quality of our loan and lease portfolio and/or an increase in charge-offs; decreased confidence in the creditworthiness of the U.S. government and agency securities that we hold; increased concern over and scrutiny of capital and liquidity levels; increased competition or consolidation in the financial services industry; and increased limitations on or potential additional regulation of financial service companies. The U.S. business environment and financial markets have experienced volatility in recent years and may continue to do so in the foreseeable future. The prolonged low-interest rate environment resulting from the COVID-19 pandemic, despite a recovering economy, has presented a challenge for the financial services industry. There can be no assurance that economic conditions will return to pre-pandemic levels or will not further worsen.",1908,801337,https://www.sec.gov/Archives/edgar/data/801337/000080133722000011/wbs-20211231.htm,
financial,,,,y,,868671_FY2022_000,GBCI,2022,0,Economy and Our Markets,Economic conditions in the market areas the Bank serves may adversely impact its earnings and could increase the credit risk associated with its loan portfolio and the value of its investment portfolio.,"Substantially all of the Bank’s loans are to businesses and individuals in Montana, Idaho, Utah, Washington, Wyoming, Colorado, Arizona and Nevada, and adverse economic conditions in these market areas could have a material adverse effect on our business, financial condition, results of operations and prospects. Deterioration in the national economy as a result of continued inflation, the rising rate environment, and recurring supply chain issues may also have an adverse effect in these markets.Any future deterioration in economic conditions in the markets the Company serves could result in the following consequences, any of which could have an adverse impact, which could be material, on our business, financial condition, results of operations and prospects: loan delinquencies may increase; problem assets and foreclosures may increase; collateral for loans made may decline in value, in turn reducing customers’ borrowing power and the Bank’s security; certain securities within the investment portfolio could become other-than-temporarily impaired, requiring a write-down through earnings to fair value, thereby reducing equity; low cost or non-interest bearing deposits may decrease; and demand for loan and other products and services may decrease.",1465,868671,https://www.sec.gov/Archives/edgar/data/868671/000086867123000045/gbci-20221231.htm,
strategic,,,,y,,351569_FY2023_020,ABCB,2023,20,RISKS RELATED TO OUR COMPANY AND INDUSTRY,Reputational risk and social factors may impact our results.,"Our ability to originate and maintain accounts is highly dependent upon customer and other external perceptions of our business practices and our financial health. Adverse perceptions regarding our business practices or our financial health could damage our reputation in both the customer and funding markets, leading to difficulties in generating and maintaining accounts as well as in financing them. Adverse developments with respect to the consumer or other external perceptions regarding the practices of our competitors, or our industry as a whole, may also adversely impact our reputation. In addition, adverse reputational impacts on third parties with whom we have important relationships may also adversely impact our reputation. Adverse impacts on our reputation, or the reputation of our industry, may also result in greater regulatory or legislative scrutiny, which may lead to laws, regulations or regulatory actions that may change or constrain the manner in which we engage with our customers and the products we offer. Adverse reputational impacts or events may also increase our litigation risk. We carefully monitor internal and external developments for areas of potential reputational risk and have established governance structures to assist in evaluating such risks in our business practices and decisions, but we cannot be certain that our efforts will completely mitigate these risks.",1470,351569,https://www.sec.gov/Archives/edgar/data/351569/000035156924000006/abcb-20231231.htm,
financial,,,,y,,868671_FY2024_008,GBCI,2024,8,Credit and Asset Quality,"The Bank has a high concentration of loans secured by real estate, so a deterioration in the real estate markets could require material increases in the ACL and adversely affect our business, financial condition, and results of operations.","The Bank has a high degree of concentration in loans secured by real estate. Any future deterioration in the real estate markets could adversely impact borrowers’ ability to repay loans secured by real estate and the value of our real estate collateral, thereby increasing the credit risk associated with the loan portfolio. The Bank’s ability to recover on these loans by selling or disposing of the underlying real estate collateral would be adversely impacted by any decline in real estate values, which increases the likelihood that the Bank will suffer losses on defaulted loans secured by real estate beyond the amounts provided for in the ACL. This, in turn, could require material increases in the ACL which would adversely affect our business, financial condition, and results of operations.",1039,868671,https://www.sec.gov/Archives/edgar/data/868671/000086867125000046/gbci-20241231.htm,
regulatory,,,,y,,857855_FY2024_025,UCB,2024,25,"REGULATORY, LEGISLATIVE AND LEGAL RISKS","Political dysfunction and volatility within the federal government, both at the regulatory and Congressional level, creates significant potential for major and abrupt shifts in federal policy regarding bank regulation, taxes, and the economy, any of which could have significant and adverse impacts on our business and financial performance.","Certain of our operations and customers are dependent on the regular operation of the federal or state government or programs they administer. For example, our SBA lending program depends on interaction with the SBA, an independent agency of the federal government. During a lapse in funding, such as has occurred during previous federal government “shutdowns”, the SBA may not be able to engage in such interaction. Similarly, loans we make through USDA lending programs may be delayed or adversely affected by lapses in funding for the USDA. In addition, customers who depend directly or indirectly on providing goods and services to federal or state governments or their agencies may reduce their business with us or delay repayment of loans due to lost or delayed revenue from those relationships. If funding for these lending programs or federal spending generally is reduced as part of the appropriations process or by administrative decision, demand for our services may be reduced. Any of these developments could have a material adverse effect on our financial condition, results of operations or liquidity.",1457,857855,https://www.sec.gov/Archives/edgar/data/857855/000085785525000057/ucbi-20241231.htm,
financial,,,,y,,35527_FY2023_042,FITB,2023,42,GENERAL BUSINESS RISKS,"Societal responses to climate change could adversely affect Fifth Third’s business and performance, including indirectly through impacts on Fifth Third’s customers.","Concerns over the long-term impacts of climate change have led and may continue to lead to governmental efforts around the world to mitigate those impacts. Consumers and businesses also may change their behavior on their own as a result of these concerns. Fifth Third and its customers will need to respond to new laws and regulations, as well as consumer and business preferences resulting from climate change concerns. Fifth Third and its customers may face cost increases, asset value reductions, operating process changes, and the like. The impact on Fifth Third’s customers will likely vary depending on their specific attributes, including reliance on or role in carbon intensive activities that may be negatively affected by economic transition towards a lower-carbon economy. Fifth Third could experience a drop in demand for its products and services, particularly in certain sectors. In addition, Fifth Third could face reductions in creditworthiness on the part of some customers or in the value of assets securing loans. Fifth Third’s efforts to take these risks into account in making lending and other decisions, including by increasing business relationships with climate-resilient companies, may not be effective in protecting Fifth Third from the negative impact of new laws and regulations or changes in consumer or business behavior.",1516,35527,https://www.sec.gov/Archives/edgar/data/35527/000003552724000088/fitb-20231231.htm,
regulatory,,,,y,,759944_FY2025_009,CFG,2025,9,Risks Related to Our Business,Changes in our accounting policies or standards could materially affect how we report our financial results and condition.,"The FASB and SEC periodically change financial accounting and reporting standards that govern accounting for our financial results and preparation of our consolidated financial statements. These changes can be hard to predict and can materially impact how we record and report our financial condition and results of operations. In some cases, we could be required to apply a new or revised standard retroactively, which would result in the recasting of our prior period financial statements.",613,759944,https://www.sec.gov/Archives/edgar/data/759944/000075994426000028/cfg-20251231.htm,
strategic,,,,y,,1169770_FY2022_007,BANC,2022,7,Contents,"To the extent we acquire other banks, bank branches, other assets or other businesses, such as the Deepstack Acquisition, we may be negatively impacted by certain risks inherent with such acquisitions.","Acquiring other banks, bank branches, other assets or other businesses involves various risks, including the risks of incorrectly assessing the credit quality of acquired assets, encountering greater than expected costs of integrating acquired banks, branches or businesses, or in the development of technology platforms, the risk of loss of clients and/or employees of the acquired bank, branch or business, executing cost savings measures, not achieving revenue enhancements and otherwise not realizing the transaction’s anticipated benefits. We continue to face these risks in connection with the recently completed Deepstack Acquisition. Our ability to address these matters successfully cannot be assured. There is also the risk that the requisite regulatory approvals might not be received and other conditions to consummation of a transaction might not be satisfied during the anticipated timeframes, or at all. In addition, pursuing an acquisition may divert resources or management’s attention from ongoing business operations, may require investment in integration and in development and enhancement of additional operational and reporting processes and controls, and may subject us to additional regulatory scrutiny. To finance an acquisition, we may borrow funds, thereby increasing our leverage and diminishing our liquidity, or raise additional capital, which could dilute the interests of our existing stockholders. Acquiring other banks, bank branches, other assets or other businesses, such as the Deepstack Acquisition, also involve risks associated with integration, which may cause us to not fully realize the benefits of an acquisition. The success of any such transaction will depend on, among other things, our ability to combine and integrate the acquired assets or business into our business. If we are not able to successfully achieve this objective, the anticipated benefits of the transaction may not be realized fully, or at all, or may take longer to realize than expected. The integration process for an acquisition will likely result in the diversion of management’s time on integration-related issues and could result in the disruption of our business. These transition matters could have an adverse effect on us for an undetermined amount of time after the completion of any acquisition.",2522,1169770,https://www.sec.gov/Archives/edgar/data/1169770/000116977023000021/banc-20221231.htm,
strategic,,,,n,,36270_FY2022_007,MTB,2022,7,Risk Factors,Risk Factors,"M&T and its subsidiaries face a number of potential risks and uncertainties that are difficult to predict. As a financial institution, certain risk elements are inherent in the ordinary course of the Company’s business activities and adverse experience with those risks could have a material impact on the Company’s business, financial condition, liquidity and results of operations, as well as on the values of the Company’s financial instruments and M&T’s securities, including its common stock. The following risk factors set forth some of the risks that could materially and adversely impact the Company, although there may be additional risks that are not presently material or known that may adversely affect the Company.",739,36270,https://www.sec.gov/Archives/edgar/data/36270/000095017023003804/mtb-20221231.htm,
regulatory,,,,y,,83246_FY2024_008,,2024,8,"Risks related to Regulation, Legislation and Litigation",Lawsuits and regulatory investigations and proceedings may continue and increase in the current economic and regulatory environment.,"HSBC USA and its affiliates are routinely named as defendants in, or as parties to, various legal actions, investigations and proceedings relating to our current and/or former operations and are subject to governmental and regulatory examinations, information-gathering requests, investigations and formal and informal proceedings, as described in Note 30, ""Litigation and Regulatory Matters"" in the accompanying consolidated financial statements, which may result in adverse judgments, settlements, fines, penalties, remediation payments, injunctions and other relief. Legal actions and proceedings, including investigations, may increase in the near future, especially in the event of a recession. Financial service providers are at risk of regulatory sanctions or fines related to conduct of business and financial crime. The incidence of regulatory proceedings and other adversarial proceedings against financial service firms is increasing, with a corresponding increase also in civil litigation arising from or relating to issues which are subject to regulatory investigations, sanctions or fines. There may be additional regulatory investigations and reviews conducted by banking and other regulators, HSBC USA Inc. including the CFPB, CFTC, SEC, state Attorneys General or state regulatory and law enforcement agencies that, if determined adversely, may result in judgments, settlements, substantial fines, penalties, remediation payments or other results, including additional compliance requirements, which could materially adversely affect our businesses, financial condition or results of operations, or cause serious reputational harm. In addition, HSBC's extensive global operations increase our compliance and regulatory risks and costs. For example, operations in emerging markets, including facilitating cross-border transactions on behalf of its clients, subjects us to higher compliance risks under U.S. regulations primarily focused on various aspects of global corporate activities, including AML laws and regulations, the Foreign Corrupt Practices Act (""FCPA"") and economic sanctions programs administered by the Office of Foreign Assets Control. These risks can be more acute in less developed markets and thus require substantial investment in compliance infrastructure or could result in a reduction in certain of our affiliates' business activities. Criminal prosecutions of or civil enforcement against financial institutions for, among other alleged conduct, breaches of AML laws and regulations, the FCPA, or economic sanctions programs; antitrust violations; market manipulation; aiding and abetting tax evasion; and providing unlicensed cross-border banking services, have become more commonplace and may increase in frequency due to increased media attention and higher expectations from prosecutors and the public. Any such prosecution or investigation of, or legal proceeding or regulatory action brought against, HSBC or one or more of its subsidiaries could result in substantial fines, penalties and/or forfeitures and could have a material adverse effect on our results, business and prospects, including the potential loss of key licenses, requirement to exit certain businesses and withdrawal of funding from depositors and other stakeholders. We establish reserves for legal claims when payments associated with the claims are probable and the costs can be reasonably estimated. However, we may incur legal costs for a matter even if we have not established a reserve for it and the cost of resolving a matter may be substantially higher than amounts reserved for it. It is inherently difficult to predict the outcome of our legal, regulatory and other adversarial proceedings, particularly cases in which matters are brought on behalf of various classes of claimants, those which seek unspecified damages or those which involve novel legal claims. The resolution of a pending legal proceeding could materially adversely affect our business, reputation, results of operations and financial condition.",4173,83246,https://www.sec.gov/Archives/edgar/data/83246/000008324625000007/hsbcusa-20241231.htm,
financial,,,,y,,203596_FY2025_024,WSBC,2025,24,LIQUIDITY AND CAPITAL RISKS,WESBANCO HAS OUTSTANDING SECURITIES SENIOR TO OUR COMMON STOCK WHICH COULD LIMIT OUR ABILITY TO PAY DIVIDENDS ON THE COMMON STOCK.,"Wesbanco has outstanding Series B Preferred Stock that is senior to our common stock and could adversely affect our ability to declare or pay dividends or distributions on our common stock. The terms of the preferred stock offering prohibits us from declaring or paying dividends or making distributions on our common stock unless the full dividends for the most recently completed dividend period have been declared and paid, or set aside for payment, on all outstanding shares of Series B Preferred Stock. Whenever dividends on any shares of Series B Preferred Stock have not been declared and paid for the equivalent of six or more dividend payments, whether or not for consecutive dividend periods (a “Nonpayment Event”), the holders of Series B Preferred Stock, voting together as a class with holders of any and all other series of voting preferred stock then outstanding would be entitled to vote for the election of a total of two additional members of our board of directors (the “Preferred Stock Directors”), provided that our board of directors shall at no time include more than two Preferred Stock Directors and that the election of any Preferred Stock Directors shall not cause us to violate the corporate governance requirements of the Nasdaq Stock Market (or any other exchange on which our securities may be listed) including the requirements that listed companies must have a majority of independent directors. In the event that the holders of the Series B Preferred Stock and other holders of voting preferred stock are entitled to vote for the election of the Preferred Stock Directors following a Nonpayment Event, the number of directors on our board of directors shall automatically increase by two, and the new directors shall be elected at a special meeting called at the request of the holders of record of at least 20% of the Series B Preferred Stock or of any other series of voting preferred stock (unless such request is received less than 90 days before the date fixed for the next annual or special meeting of the shareholders, in which event such election shall be held only at such next annual or special meeting of shareholders), and at each subsequent annual meeting. These voting rights will continue until dividends on the shares of Series B Preferred Stock and any such series of voting preferred stock for at least four consecutive dividend periods following the Nonpayment Event shall have been fully paid (or declared and a sum sufficient for the payment of such dividends shall have been set aside for payment).",2684,203596,https://www.sec.gov/Archives/edgar/data/203596/000119312526085463/wsbc-20251231.htm,
strategic,,,,y,,798941_FY2021_018,FCNCA,2021,18,Operational Risks,The quality of our data could deteriorate and cause financial or reputational harm to the Bank.,"Our Data Governance program is reliant on the execution of procedures, process controls and system functionality, and errors may occur. Incomplete, inconsistent, or inaccurate data could lead to non-compliance with regulatory requirements and result in fines. Additionally, adverse impacts on customers could result in reputational harm and customer attrition. Inaccurate or incomplete data presents the risk that business decisions relying on such data will prove inefficient, ineffective or harmful to us. Additionally, information we provide to our investors and regulators may be negatively impacted by inaccurate or incomplete data, which could have a wide range of adverse consequences such as legal liability and reputational harm.",833,798941,https://www.sec.gov/Archives/edgar/data/798941/000079894122000014/fcnca-20211231.htm,
financial,,,,y,,750577_FY2023_012,HWC,2023,12,Risks Related to the Financial Services Industry,We depend on the accuracy and completeness of information about clients and counterparties.,"In deciding whether to extend credit or enter into other transactions with clients and counterparties, we rely in substantial part on information furnished by or on behalf of clients and counterparties, including financial statements and other financial information. We also may rely on representations of clients and counterparties as to the accuracy and completeness of that information and, with respect to financial statements, on reports of independent auditors if made available. If this information is inaccurate, we may be subject to loan defaults, financial losses, regulatory action, reputational harm or other adverse effects with respect to our business, financial condition and results of operations.",804,750577,https://www.sec.gov/Archives/edgar/data/750577/000095017024022252/hwc-20231231.htm,
regulatory,,,,n,,860413_FY2023_044,FIBK,2023,44,Common Stock Risks,Table of Conten ts,"Further, the acquisition of specified amounts of our common stock (in some cases, the acquisition or control of more than 5% of our voting stock) may require certain regulatory approvals, including the approval of the Federal Reserve and one or more of our state banking regulatory agencies. The filing of applications with these agencies and the accompanying review process can take several months. This and the other factors described above may hinder or even prevent a change in control of us, even if a change in control would be beneficial to our stockholders.",583,860413,https://www.sec.gov/Archives/edgar/data/860413/000086041324000016/fibk-20231231.htm,
regulatory,,,,y,,811830_FY2022_060,,2022,60,Financial Reporting and Control Risks,"Failure to satisfy obligations associated with public securities filings may have adverse regulatory, economic, and reputational consequences.","If we are not able to file our periodic reports within the time periods prescribed by the SEC, among other consequences, we would be unable to use Form S-3 registration statements until we have timely filed our SEC periodic reports for a period of 12 consecutive months. Our inability to use Form S-3 registration statements would increase the time and resources we need to spend if we choose to access the public capital markets.",572,811830,https://www.sec.gov/Archives/edgar/data/811830/000081183023000005/sov-20221231.htm,
regulatory,,,,y,,729986_FY2021_030,UBSI,2021,30,GENERAL RISKS,"United could face unanticipated environmental liabilities or costs related to real property owned or acquired through foreclosure. Compliance with federal, state and local environmental laws and regulations, including those related to investigation and clean-up of contaminated sites, could have a negative effect on expenses and results of operations.","A significant portion of United’s loan portfolio is secured by real property. During the ordinary course of business, United may foreclose on and take title to properties securing certain loans. In doing so, there is a risk that hazardous or toxic substances could be found on these properties. If hazardous or toxic substances are found, United may be liable for remediation costs, as well as for personal injury and property damage. Environmental laws may require United to incur substantial expenses and may materially reduce the affected property’s value or limit United’s ability to use or sell the affected property. In addition, future laws or more stringent interpretations or enforcement policies with respect to existing laws may increase exposure to environmental liability. Although United has policies and procedures to perform an environmental review before initiating any foreclosure action on real property, these reviews may not be sufficient to detect all potential environmental hazards. The remediation costs and any other financial liabilities associated with an environmental hazard could have a material adverse effect on results of operations.",1519,729986,https://www.sec.gov/Archives/edgar/data/729986/000119312522061038/d233531d10k.htm,
financial,,,,y,,1281761_FY2025_003,RF,2025,3,Credit Risks,Any future reductions in our credit ratings may increase our funding costs and place limitations on business activities.,"The major ratings agencies regularly evaluate us, and their ratings are based on a number of factors, including our financial strength and conditions affecting the financial services industry generally. In general, ratings agencies base their ratings on many quantitative and qualitative factors, including capital adequacy, liquidity, asset quality, business mix and level and quality of earnings, and we may not be able to maintain our current credit ratings. The ratings assigned to Regions and Regions Bank remain subject to change at any time, and it is possible that any ratings agency could take action to downgrade Regions, Regions Bank or both in the future. Additionally, ratings agencies may also make substantial changes to their ratings policies and practices, which may affect our credit ratings. In the future, changes to existing ratings guidelines and new ratings guidelines may, among other things, adversely affect the ratings of our securities or other securities in which we have an economic interest. Our credit ratings can have negative consequences that can impact our ability to access the debt and capital markets, as well as reduce our profitability through increased costs on future debt issuances. If we were to be downgraded below investment grade, we may not be able to reliably access the short-term unsecured funding markets, and certain customers could be prohibited from placing deposits with Regions Bank, which could cause us to hold more cash and liquid investments to meet our ongoing liquidity needs. Such actions could reduce our profitability as these liquid investments earn a lower return than other assets, such as loans. See the “Liquidity” section within “Management’s Discussion and Analysis of Financial Condition and Results of Operations” of this Annual Report on Form 10-K for our liquidity policy. Additionally, if we were to be downgraded to below investment grade, certain counterparty contracts may be required to be renegotiated or require posting of additional collateral. Refer to Note 20 “Derivative Financial Instruments and Hedging Activities” to the consolidated financial statements of this Annual Report on Form 10-K for the fair value of contracts subject to contingent credit features and the collateral postings associated with such contracts. Although the exact amount of additional collateral is unknown, it is reasonable to conclude that we may be required to post additional collateral related to existing contracts with contingent credit features.",2640,1281761,https://www.sec.gov/Archives/edgar/data/1281761/000128176126000019/rf-20251231.htm,
operational,,,,y,,1178970_FY2023_009,PFS,2023,9,Risks Related to the Pending Merger with Lakeland,The combined company's human capital may be affected by inability to retain personnel of the Company and/or Lakeland successfully after the merger is completed.,"The success of the merger will depend in part on the combined company’s ability to manage its human capital and retain the talent and dedication of key employees currently employed by the Company and Lakeland. It is possible that these employees may decide not to remain with the Company or Lakeland, as applicable, while the merger is pending or with the combined company after the merger is consummated. If the Company and Lakeland are unable to retain key employees, including management, who are critical to the successful integration and future operations of the companies, the Company and Lakeland could face disruptions in their operations, loss of existing customers, loss of key information, expertise or know-how and unanticipated additional recruitment costs. In addition, following the merger, if key employees terminate their employment, the combined company’s human capital and business activities may be adversely affected, and management’s attention may be diverted from successfully hiring suitable replacements, all of which may cause the combined company’s business to suffer. The Company and Lakeland also may not be able to locate or retain suitable replacements for any key employees who leave either company. Although previously filed litigation related to the merger against the Company, the Company’s board of directors, the Bank, and the Bank’s board of directors has been settled, additional litigation may be filed against the Company, the Company’s board of directors, the Bank, and the Bank’s board of directors in the future, which could prevent or delay the completion of the merger, result in the payment of damages, or otherwise negatively impact the business and operations of the Company and the Bank. Although litigation related to the merger was previously filed against the Company, the Company’s board of directors, the Bank, and the Bank’s board of directors and subsequently dismissed or settled, additional litigation may be filed against the Company, the Company’s board of directors, the Bank, and the Bank’s board of directors in the future. The outcome of any litigation is uncertain. One of the conditions to the closing is that there must be no order, injunction, or decree issued by any court or governmental entity of competent jurisdiction or other legal restraint preventing the consummation of the merger or any of the other transactions contemplated by the merger agreement. If any plaintiff were successful in obtaining an injunction prohibiting the Company or the Bank from completing the merger or any of the other transactions contemplated by the merger agreement, then such injunction may delay or prevent the effectiveness of the merger and could result in significant costs to the Company and/or the Bank, including costs associated with the indemnification of directors and officers of each entity. The Company and the Bank may incur costs in connection with the defense or settlement of any stockholder or shareholder lawsuits filed in connection with the merger. Further, such lawsuits and the defense or settlement of any such lawsuits may have an adverse effect on the financial condition and results of operations of the Company and the Bank and could prevent or delay the completion of the merger.",3426,1178970,https://www.sec.gov/Archives/edgar/data/1178970/000162828024007678/pfs-20231231.htm,
operational,,,,y,,883948_FY2021_026,AUB,2021,26,Risks Related to the Company’s Operations,Difficulties in combining the operations of acquired entities with the Company’s own operations may prevent the Company from achieving the expected benefits from acquisitions.,"The Company may not be able to fully achieve the strategic objectives and operating efficiencies expected in an acquisition. Inherent uncertainties exist in integrating the operations of an acquired entity. In addition, the markets and industries in which the Company and its potential acquisition targets operate are highly competitive. The Company may lose its customers and/or key personnel, or those of acquired entities, as a result of an acquisition. The Company may also not be able to control the incremental increase in noninterest expense arising from an acquisition in a manner that improves its overall operating efficiencies. These factors could contribute to the Company not achieving the expected benefits from its acquisitions within desired time frames, if at all. Future business acquisitions (if any) could be material to the Company and it may issue additional shares of common stock to pay for those acquisitions, which would dilute current shareholders’ ownership interests. Acquisitions also could require the Company to use substantial cash, other liquid assets, or to incur debt; the Company could therefore become more susceptible to economic downturns and competitive pressures. Further, acquisitions typically involve the payment of a premium over book and market values and, therefore, some dilution of the Company’s tangible book value and net income per share of common stock may occur in connection with any future acquisitions.",1635,883948,https://www.sec.gov/Archives/edgar/data/883948/000155837022002183/aub-20211231x10k.htm,
financial,,,,y,,1169770_FY2023_038,BANC,2023,38,Funding and Liquidity Risks,Liquidity risk could impair our ability to fund operations and jeopardize our financial condition.,"Liquidity is essential to our business. An inability to raise funds through deposits, borrowings, the sale of loans, and other sources has had, and could continue to have, a substantial negative effect on our liquidity. Our access to funding sources in amounts adequate to finance our activities or on terms that are acceptable to us has been, and could continue to be, impaired by factors that affect us specifically or the financial services industry or economy in general. Factors that could detrimentally impact our access to liquidity sources include a decrease in the level of our business activity as a result of a downturn in the markets in which our loans are concentrated or adverse regulatory action against us. Our ability to borrow has also been, and could continue to be, impaired by factors that are not specific to us, such as a disruption in the financial markets or negative views and expectations about the prospects for the financial services industry. As we and other regional banking organizations experienced in 2023, the failure of other financial institutions may cause deposit outflows as customers spread deposits among several different banks so as to maximize their amount of FDIC insurance, move deposits to banks deemed “too big to fail” or remove deposits from the banking system entirely. As of December 31, 2023, approximately 23% of our deposits were uninsured and uncollateralized and we rely on these deposits for liquidity. A failure to maintain adequate liquidity could have a material adverse effect on our business, financial condition, and results of operations.",1702,1169770,https://www.sec.gov/Archives/edgar/data/1169770/000162828024007933/banc-20231231.htm,
financial,,,,y,,39263_FY2022_011,CFR,2022,11,Operational Risks,"New Lines Of Business, Products Or Services and Technological Advancements May Subject Us To Additional Risks","From time to time, we implement new lines of business or offer new products and services within existing lines of business. For instance, we are currently implementing a new residential mortgage product offering. There are substantial risks and uncertainties associated with these efforts, particularly in instances where the markets are not fully developed. In developing and marketing new lines of business and/or new products and services we invest significant time and resources. Initial timetables for the introduction and development of new lines of business and/or new products or services may not be achieved and price and profitability targets may not prove feasible. External factors, such as compliance with regulations, competitive alternatives, and shifting market preferences, may also impact the successful implementation of a new line of business or a new product or service. The financial services industry is continually undergoing rapid technological change with frequent introductions of new technology-driven products and services. Our future success depends, in part, upon our ability to address the needs of our customers by using technology to provide products and services that will satisfy customer demands, as well as to create additional efficiencies in our operations. Many of our competitors have substantially greater resources to invest in technological improvements. We may not be able to effectively implement new technology driven products and services or be successful in marketing these products and services to our customers. In addition, our implementation of certain new technologies, such as those related to artificial intelligence, automation and algorithms, in our business processes may have unintended consequences due to their limitations or our failure to use them effectively. In addition, cloud technologies are also critical to the operation of our systems, and our reliance on cloud technologies is growing. Failure to successfully keep pace with technological change affecting the financial services industry could have a material adverse effect on our business, financial condition and results of operations. Furthermore, any new line of business, new product or service and/or new technology could have a significant impact on the effectiveness of our system of internal controls. Failure to successfully manage these risks in the development and implementation of new lines of business, new products or services and/or new technologies could have a material adverse effect on our business, financial condition and results of operations.",2701,39263,https://www.sec.gov/Archives/edgar/data/39263/000003926323000008/cfr-20221231.htm,
financial,,,,y,,1504008_FY2024_020,BKU,2024,20,Liquidity Risk,Loss of deposits or a change in deposit mix could increase our funding costs.,"Deposits are typically a relatively low cost and stable source of funding. We compete with banks and other financial service providers for customer funds; as a result, we could lose deposits in the future, clients may shift their deposits into higher cost products, or we may need to raise interest rates to avoid deposit attrition. Funding costs may also increase if deposits are replaced with wholesale funding. Higher funding costs reduce our net interest margin, net interest income, and net income. A portion of our deposit base consists of companies serving the residential real estate eco-system and is exposed to the overall health and level of activity in that eco-system. In a sustained high interest rate environment, the level of residential real estate activity would be expected to decline, which may lead to reduced deposit balances in this vertical.",942,1504008,https://www.sec.gov/Archives/edgar/data/1504008/000150400825000005/bku-20241231.htm,
financial,,,,y,,798941_FY2023_026,FCNCA,2023,26,Market Risks,The performance of equity securities and corporate bonds in our investment securities portfolio could be adversely impacted by the soundness and fluctuations in the market values of other financial institutions.,"Our investment securities portfolio contains certain equity securities and corporate bonds of other financial institutions. As a result, a portion of our investment securities portfolio is subject to fluctuation due to changes in the financial stability and market value of other financial institutions, as well as interest rate sensitivity to economic and market conditions. Such fluctuations could reduce the value of our investment securities portfolio and consequently have an adverse effect on our results of operations. We have seen volatile earnings impacts related to the fair value of equity securities in recent periods.",841,798941,https://www.sec.gov/Archives/edgar/data/798941/000079894124000018/fcnca-20231231.htm,
financial,,,,y,,860413_FY2022_011,FIBK,2022,11,Table of,The soundness of other financial institutions could adversely affect the Company.,"Financial services companies are interrelated as a result of trading, clearing, counterparty, or other relationships. We have exposure to many different industries and counterparties. For example, we execute transactions with counterparties in the financial services industry, including brokers and dealers, commercial banks, investment banks, and other institutional clients. As a result, defaults by, or even rumors or questions about, one or more financial services companies or the financial services industry generally have led to market-wide liquidity problems and could lead to losses or defaults by us or by other institutions. Many of these transactions expose us to increased credit risk in the event of default of a counterparty or client.",831,860413,https://www.sec.gov/Archives/edgar/data/860413/000086041323000045/fibk-20221231.htm,
regulatory,,,,y,,49196_FY2023_024,HBAN,2023,24,Compliance Risks:,"We operate in a highly regulated industry, and the laws and regulations that govern our operations, corporate governance, executive compensation and financial accounting, or reporting, including changes in them, or our failure to comply with them, may adversely affect us.","The banking industry is highly regulated. We are subject to supervision, regulation, and examination by various federal and state regulators, including the Federal Reserve, OCC, SEC, CFPB, FDIC, FINRA, and various state regulatory agencies. The statutory and regulatory framework that governs us is generally intended to protect depositors and customers, the DIF, the U.S. banking and financial system, and financial markets as a whole - not to protect shareholders. These laws and regulations, many of which are discussed in Item 1: Business - “ Regulatory Matters ,” among other matters, prescribe minimum capital requirements, impose limitations on our business activities (including foreclosure and collection practices), limit the dividend or distributions that we can pay, restrict the ability of institutions to guarantee our debt, and impose certain specific accounting requirements that may be more restrictive and may result in greater or earlier charges to earnings or reductions in our capital than accounting principles generally accepted in the U.S. Compliance with laws and regulations can be difficult and costly, and changes to laws and regulations often impose additional compliance costs. Such regulation and supervision may increase our costs and limit our ability to pursue business opportunities. Further, our failure to comply with these laws and regulations, even if the failure was inadvertent or reflects a difference in interpretation, could subject us to restrictions on our business activities, fines, and other penalties, any of which could adversely affect our results of operations, capital base, and the price of our securities. Further, any new laws, rules, and regulations could make compliance more difficult or expensive or otherwise adversely affect our business and financial condition. Under the supervision of the CFPB, our Consumer and Business Banking products and services are subject to heightened regulatory oversight and scrutiny with respect to compliance under consumer laws and regulations. We may face a greater number or wider scope of investigations, enforcement actions, and litigation in the future related to consumer practices, thereby increasing costs associated with responding to or defending such actions. Also, federal and state regulators have been increasingly focused on sales practices of branch personnel, including taking regulatory action against other financial institutions. In addition, increased regulatory inquiries and investigations, as well as any additional legislative or regulatory developments affecting our consumer businesses, and any required changes to our business operations resulting from these developments, could result in significant loss of revenue, require remuneration to our customers, trigger fines or penalties, limit the products or services we offer, require us to increase our prices and, therefore, reduce demand for our products, impose additional compliance costs on us, increase the cost of collection, cause harm to our reputation, or otherwise adversely affect our consumer businesses. Legislative and regulatory actions taken now or in the future that impact the financial industry may materially adversely affect us by increasing our costs, adding complexity in doing business, impeding the efficiency of our internal business processes, negatively impacting the recoverability of certain of our recorded assets, requiring us to increase our regulatory capital, limiting our ability to pursue business opportunities, and otherwise resulting in a material adverse impact on our financial condition, results of operation, liquidity, or stock price. Both the scope of the laws and regulations and the intensity of the supervision to which we are subject may increase in times of financial crisis, as well as a result of other factors such as technological and market changes. Compliance with these laws and regulations have resulted in and will continue to result in additional costs, which could be significant, and may have a material and adverse effect on our results of operations. In addition, if we do not appropriately comply with current or future legislation and regulations, especially those that apply to our consumer operations, which has been an area of heightened focus, we may be subject to fines, penalties or judgments, or material regulatory restrictions on our businesses, which could adversely affect operations and, in turn, financial results. We expect the current administration will continue to implement a regulatory reform agenda that is significantly different than that of the former administration. This reform agenda could include a heightened focus on consumer protection, fair lending, the regulation of loan portfolios and credit concentrations to borrowers impacted by climate change, heightened scrutiny on Bank Secrecy Act and AML requirements, topics related to social equity, executive compensation, and increased capital and liquidity, as well as limits on share buybacks and dividends. In addition, mergers and acquisitions could be dampened by increased antitrust scrutiny. We also expect reform proposals for the short-term wholesale markets. The evolving regulatory and supervisory environment and uncertainty about the timing and scope of future laws, regulations and policies may contribute to decisions we may make to suspend, reduce, or withdraw from existing businesses, activities, or initiatives, which may result in potential lost revenue or significant restructuring or related costs or exposures. In addition, regulatory responses in connection with severe market downturns or unforeseen stress events may alter or disrupt our planned future strategies and actions. Adverse developments affecting the overall strength and soundness of other financial institutions, the financial services industry as a whole, and the general economic climate and U.S. Treasury market could have a negative impact on perceptions about the strength and soundness of our business even if we are not subject to the same adverse developments. During 2023, the FDIC took control and was appointed receiver of Silicon Valley Bank, Signature Bank, and First Republic Bank, respectively. The failure of other banks and financial institutions and the measures taken by governments and regulators in response to these events could adversely impact our business, financial condition, and results of operations.",6711,49196,https://www.sec.gov/Archives/edgar/data/49196/000004919624000020/hban-20231231.htm,
regulatory,,,,y,,861842_FY2021_030,CATY,2021,30,"Regulatory, Compliance and Legal Risks","The banking industry is highly regulated, and the regulatory framework, together with any future legislative or regulatory changes, could limit or restrict our activities, hamper our ability to increase our assets and earnings, and materially and adversely affect our profitability.","We operate in a highly regulated industry and are or may become subject to regulation by federal, state, and local governmental authorities and various laws, regulations, regulatory guidelines, and judicial and administrative decisions imposing requirements or restrictions on part or all of our operations, capitalization, payment of dividends, mergers and acquisitions, investments, loans and interest rates charged, interest rates paid on deposits, and locations of offices. We also must comply with numerous federal anti-money laundering, tax withholding and reporting, and consumer protection statutes and regulations. A considerable amount of management time and resources has been devoted to the oversight of, and the development and implementation of controls and procedures relating to, compliance with these laws and regulations, and we expect that significant time and resources will be devoted to compliance in the future. These laws and regulations mandate certain disclosure and reporting requirements and regulate the manner in which we must deal with our customers when taking deposits, making loans, collecting loans, and providing other services. We also are, or may become subject to, examination, supervision, and additional comprehensive regulation by various federal, state, and local authorities with regard to compliance with these laws and regulations. Failure to comply with laws, regulations, or policies could result in sanctions by regulatory agencies, civil money penalties, and/or reputation damage, which could have a material and adverse effect on our business, financial condition, results of operations and the value of our common stock. Because our business is highly regulated, the laws, rules, regulations, and supervisory guidance and policies applicable to us are subject to regular modification and change. Perennially, various laws, rules and regulations are proposed, which, if adopted, could impact our operations, increase our capital requirements or substantially restrict our growth and adversely affect our ability to operate profitably by making compliance much more difficult or expensive, restricting our ability to originate or sell loans, or further restricting the amount of interest or other charges or fees earned on loans or other products. The Dodd-Frank Act, for example, instituted major changes to the banking and financial institutions regulatory regimes, such as changes to Regulation Z promulgated by the CFPB that may make it more difficult for us to underwrite consumer mortgages and to compete with large national mortgage service providers. Further regulation could increase the assessment rate we are required to pay to the FDIC, adversely affecting our earnings. Other changes to statutes, regulations, or regulatory policies, including changes in interpretation or implementation of statutes, regulations, or policies, could affect us in substantial and unpredictable ways. It is very difficult to predict the competitive impact that any such changes would have on the banking and financial services industry in general or on our business in particular. Such changes may, among other things, increase the cost of doing business, limit permissible activities, or affect the competitive balance between banks and other financial institutions. See Part I — Item 1 — “Business — Regulation and Supervision.”",3656,861842,https://www.sec.gov/Archives/edgar/data/861842/000143774922004752/caty20211231_10k.htm,
financial,,,,y,,763901_FY2023_019,BPOP,2023,19,LIQUIDITY RISKS,"We are subject to liquidity risks arising from market events or disruptions and instances of low investor and depositor confidence. Furthermore, actions by the rating agencies or decreases in our capital levels may have adverse effects on our liquidity and business, including by raising the cost of our obligations or affecting our ability to borrow.","We must maintain adequate liquidity and funding sources to support our operations, fund customer deposit withdrawals, repay borrowings and debt, comply with our financial obligations, fund planned capital distributions and meet regulatory requirements. The Corporation’s most significant source of funds are bank deposits, including customer deposits and brokered deposits. In addition to deposits, sources of liquidity include secured borrowing arrangements, such as those with the Federal Reserve Bank of New York and the Federal Home Loan Bank of New York (“FHLBNY”), unpledged securities from our investment portfolio, the capital markets and proceeds from loan sales or securitizations. Popular’s liquidity and ability to fund and operate its business could be materially adversely affected by a variety of conditions and factors, some of which are out of Popular’s control. For example, market events or disruptions, such as periods of market stress and low investor confidence in financial institutions could result in deposit withdrawals, especially to the extent those deposits are in excess of the FDIC-insured limit of $250,000. As of December 31, 2023, we had $14.6 billion of deposits (other than collateralized public funds, which represent public deposit balances from governmental entities in the U.S. and its territories, including Puerto Rico and the United States Virgin Islands, that are collateralized based on such jurisdictions’ applicable collateral requirements) in excess of the FDIC-insured limit. We may also suffer outflows of customer deposits due to competition from other banks or alternative investments. In addition, in periods of stress, we may not be able to access existing funding sources, access the capital markets or to sell or securitize loans or other assets, or to access such sources or to sell or securitize assets on favorable terms. In addition, actions by the rating agencies could raise the cost of our borrowings, since lower rated securities are usually required by the market to pay higher rates than obligations of higher credit quality. Our credit ratings were reduced substantially in 2009 and, although one of the three major rating agencies upgraded our senior unsecured rating back to “investment grade” during 2021, the remaining two rating agencies have not upgraded their current “non-investment grade” rating. The market for non-investment grade securities is much smaller and less liquid than for investment grade securities. If we were to attempt to issue preferred stock or debt securities into the capital markets, it is possible that there would not be sufficient demand to complete a transaction or that the cost could be substantially higher than for more highly rated securities. If Popular is unable to access the capital markets on favorable terms, our liquidity may be adversely affected. Changes in our ratings and capital levels could affect our relationships with some creditors and limit our access to funding. For example, having negative tangible capital may impact our ability to access some sources of wholesale funding. The Federal Housing Finance Agency restricts the FHLBNY from lending to members of the FHLBNY with negative tangible capital unless the member’s primary banking regulator makes a written request to the FHLBNY to maintain access to borrowings. Both BPPR and PB have secured borrowing facilities with the FHLBNY and had outstanding exposures of $2.5 billion and $1.7 billion respectively as of December 31, 2023. Losing access to the FHLBNY borrowing facilities could adversely impact liquidity at the banking subsidiaries. Additionally, if BPPR or PB cease to be well-capitalized, the FDIA and regulations adopted thereunder would restrict their ability to accept brokered deposits and limit the rate of interest payable on deposits. Our banking subsidiaries also have recourse obligations under certain agreements with third parties, including servicing and custodial agreements, that include ratings covenants. Upon failure to maintain the required credit ratings, the third parties could have the right to require us to engage a substitute fund custodian and increase collateral levels securing recourse obligations. Collateral pledged by us to secure recourse obligations approximated $27.1 million on December 31, While management expects that we would be able to meet any additional collateral requirements if and when needed, the requirements to post collateral under certain agreements or the loss of custodian funds could reduce our liquidity resources and impact our results of operations.",4952,763901,https://www.sec.gov/Archives/edgar/data/763901/000119312524053017/d52551d10k.htm,
financial,,,,y,,715072_FY2021_025,RNST,2021,25,Risks Associated With Our Common Stock,The trading volume in our common stock is less than that of other bank holding companies.,"Although our common stock is listed for trading on The NASDAQ Global Select Market, the average daily trading volume in our common stock is generally less than that of many of our competitors and other bank holding companies that are publicly-traded companies. For the 60 days ended February 18, 2022, the average daily trading volume for Renasant common stock was 288,154 shares per day. A public trading market having the desired characteristics of depth, liquidity and orderliness depends on the presence in the marketplace of willing buyers and sellers of our common stock at any given time. This presence depends on the individual decisions of investors and general economic and market conditions over which we have no control. Significant sales of our common stock, or the expectation of these sales, could cause volatility in the price of our common stock.",952,715072,https://www.sec.gov/Archives/edgar/data/715072/000071507222000091/rnst-20211231.htm,
regulatory,,,,y,,49196_FY2024_026,HBAN,2024,26,Compliance Risks:,"We operate in a highly regulated industry, and the laws and regulations that govern our operations, corporate governance, executive compensation and financial accounting, or reporting, including changes in them, or our failure to comply with them, may adversely affect us and our business model.","The banking industry is highly regulated. We are subject to supervision, regulation, and examination by various federal and state regulators, including the Federal Reserve, OCC, SEC, CFPB, FDIC, FINRA, and various state regulatory agencies. The statutory and regulatory framework that governs us is generally intended to protect depositors and customers, the DIF, the U.S. banking and financial system, and financial markets as a whole - not to protect shareholders. These laws and regulations, many of which are discussed in Item 1: Business - “ Regulatory Matters ,” among other matters, prescribe minimum capital requirements, impose limitations on our business activities (including foreclosure and collection practices), limit the dividend or distributions that we can pay, restrict the ability of institutions to guarantee our debt, and impose certain specific accounting requirements that may be more restrictive and may result in greater or earlier charges to earnings or reductions in our capital than GAAP. Compliance with laws and regulations can be difficult and costly, and changes to laws and regulations often impose additional compliance costs. Such regulation and supervision may increase our costs and limit our ability to pursue business opportunities. Further, our failure to comply with these laws and regulations, even if the failure was inadvertent or reflects a difference in interpretation, could subject us to restrictions on our business activities, fines, and other penalties, any of which could adversely affect our results of operations, capital base, and the price of our securities. Further, any new laws, rules, and regulations could make compliance more difficult or expensive or otherwise adversely affect our business and financial condition.",2073,49196,https://www.sec.gov/Archives/edgar/data/49196/000004919625000020/hban-20241231.htm,
regulatory,,,,y,,1069157_FY2022_032,EWBC,2022,32,General Risk Factors,Changes in accounting standards or changes in how the accounting standards are interpreted or applied could materially impact our financial statements.,"The preparation of our financial statements is based on accounting standards established by the FASB and the SEC. From time to time, these accounting standards may change, and such changes may have a material impact on our financial statements. In addition, the FASB, SEC, banking regulators, and our independent registered public accounting firm may amend or reverse their previous interpretations or positions on how various standards should be applied. These changes may be difficult to predict and could impact how we prepare and report our financial statements. In some cases, we could be required to adopt a new or revised standard retroactively, potentially resulting in restatements to a prior period’s financial statements.",883,1069157,https://www.sec.gov/Archives/edgar/data/1069157/000106915723000016/ewbc-20221231.htm,
financial,,,,y,,37808_FY2021_010,FNB,2021,10,3. Growth Trends,"Our growth may require us to raise additional capital in the future, but that capital may not be available when it is needed.","We are required by federal and state regulatory authorities to maintain adequate levels of capital to support our operations (see discussion under “Government Supervision and Regulation” included in Item 1 of this Report). As a financial holding company, we seek to maintain capital sufficient to meet the “well-capitalized” standard set by regulators. We anticipate that our current capital resources will satisfy our capital requirements for the foreseeable future. We may at some point, however, need to raise additional capital to support continued growth, whether such growth occurs organically or through acquisitions. The availability of additional capital or financing will depend on a variety of factors, many of which are outside of our control, such as market conditions, the general availability of credit, the overall availability of credit to the financial services industry, our credit ratings and credit capacity, marketability of our stock, as well as the possibility that lenders could develop a negative perception of our long- or short-term financial prospects if we incur large credit losses or if the level of business activity decreases due to economic conditions. Accordingly, there can be no assurance of our ability to expand our operations through organic growth or acquisitions. As such, we may be forced to delay raising capital, issue shorter term securities than desired or bear an unattractive cost of capital, which could decrease profitability and significantly reduce financial flexibility. In addition, if we decide to raise additional equity capital, it could be dilutive to our existing stockholders.",1763,37808,https://www.sec.gov/Archives/edgar/data/37808/000003780822000005/fnb-20211231.htm,
strategic,,,,y,,868671_FY2025_001,GBCI,2025,1,Economy and Our Markets,Competition in the Bank’s market areas may limit future success.,"Commercial banking is a highly competitive business and a consolidating industry. The Bank competes with other commercial banks, credit unions, finance, insurance and other non-depository companies operating in its market areas. The Bank is subject to substantial competition for loans and deposits from other financial institutions. Some of its competitors are not subject to the same degree of regulation and restriction as the Bank while others have greater financial resources than the Bank. Additionally, the competitive landscape in the Bank’s market areas may change as a result of technological advancements, further consolidation, or banking charters issued to or acquired by fintech companies. If the Bank is unable to effectively compete in its market areas or effectively adjust to the changing competitive landscape, the Bank’s business, financial condition, results of operations, and prospects could be adversely affected.",1001,868671,https://www.sec.gov/Archives/edgar/data/868671/000086867126000023/gbci-20251231.htm,
strategic,,,,y,,801337_FY2024_003,WBS,2024,3,Reputation Risk,"Increasing scrutiny and evolving expectations from customers, regulators, investors, and other stakeholders with respect to our corporate responsibility practices may impose additional costs on us or expose us to new or additional risks.","Companies are facing increasing scrutiny from customers, regulators, investors, and other stakeholders related to their corporate responsibility practices and disclosure. Investor advocacy groups, investment funds, and influential investors are also increasingly focused on these practices, especially as they relate to the environment (including with respect to climate change), health and safety, inclusion and belonging, human capital management, labor conditions, and human rights. Due to divergent stakeholder views on these matters, we are at increased risk that any action, or lack thereof, concerning these matters will be perceived negatively by some stakeholders, which could negatively affect our business and reputation. Furthermore, as a result of our diverse base of clients and business partners, we may face potential negative publicity based on the identity of our clients or business partners and the public's (or certain segments of the public’s) view of those entities. Increased corporate responsibility-related compliance costs for us, as well as among our third-party suppliers, vendors, and various other parties within our supply chain, could also result in increases to our overall operational costs. Any failure or perceived failure (whether or not valid) to pursue or fulfill our sustainability goals and aspirations, to comply with evolving regulatory requirements, or to meet investor or stakeholder expectations and standards could negatively impact our reputation, ability to do business with certain partners, access to capital, and the price of our stock.",1826,801337,https://www.sec.gov/Archives/edgar/data/801337/000080133725000004/wbs-20241231.htm,
operational,,,,y,,857855_FY2022_009,UCB,2022,9,OPERATIONAL RISKS,A serious information technology security (cybersecurity) breach can cause significant damage and at the same time be difficult to detect even after it occurs.,"Our operations rely on the secure processing, storage and transmission of confidential and other information in our computer systems and networks as well as through the internet through digital and mobile technologies. Although we take protective measures and endeavor to modify these systems as circumstances warrant, the advances in technology increase the risk of information security breaches. We provide our customers the ability to bank remotely, including over the internet or through their mobile device. The secure transmission of confidential information is a critical element of remote and mobile banking. Any failure, interruption or breach in security of these systems could result in disruptions to our accounting, deposit, loan and other systems, and adversely affect our customer relationships. There have been increasing efforts on the part of third parties, including through cyber-attacks, to breach data security at financial institutions or with respect to financial transactions. There have been several recent instances involving financial services, credit bureaus and consumer-based companies reporting the unauthorized disclosure of client or customer information or the destruction or theft of corporate data, by both private individuals and foreign governments. In addition, because the techniques used to cause such security breaches change frequently, often are not recognized until launched against a target and may originate from less regulated and remote areas around the world, we may be unable to proactively address these techniques or to implement adequate preventative measures. Our network, and the systems of parties with whom we contract, could be vulnerable to unauthorized access, computer viruses, phishing schemes, spam attacks, human error, natural disasters, power loss and other security breaches. Cyber threats are rapidly evolving and we may not be able to anticipate or prevent all such attacks. Among other things, damage can occur due to outright theft or extortion of our funds, fraud or identity theft perpetrated on clients, or adverse publicity associated with a breach and its potential effects. Perpetrators potentially can be associates, clients, and certain vendors, all of whom legitimately have access to some portion of our systems, as well as outsiders with no legitimate access. These risks are heightened through the increasing use of digital and mobile solutions which allow for rapid money movement and increase the difficulty to detect and prevent fraudulent transactions. We may be required to spend significant capital and other resources to protect against the threat of security breaches and computer viruses, or to alleviate problems caused by security breaches or viruses. To the extent that our activities or the activities of our customers involve the storage and transmission of confidential information, security breaches (including breaches of security of customer systems and networks) and viruses could expose us to claims, litigation and other possible liabilities. Any inability to prevent security breaches or computer viruses could also cause existing customers to lose confidence in our systems and could adversely affect our reputation, results of operations and ability to attract and maintain customers and businesses. In addition, a security breach could also subject us to additional regulatory scrutiny, expose us to civil litigation and possible financial liability and cause reputational damage.",3649,857855,https://www.sec.gov/Archives/edgar/data/857855/000085785523000005/ucbi-20221231.htm,
operational,,,,y,,860413_FY2025_018,FIBK,2025,18,Operational Risks,"Our Company faces cybersecurity risks, including denial-of-service attacks, network intrusions, business e-mail compromise, and other malicious behavior that could result in the disclosure of confidential information, adversely affect our business or reputation, and create significant legal, operational, and financial exposure.","Our computer systems and network infrastructure and those of third-party service providers on which we are dependent, are subject to security risks and could be susceptible to cyber-attacks, such as denial-of-service attacks, hacking, malware, terrorist activities, and other cybersecurity incidents. Industry experts report increasing cyber-attacks against financial services institutions, and the cost of responding to cybersecurity incidents is higher for victims within the financial sector relative to other sectors. Financial services institutions have reported breaches in the security of their websites or other systems, some of which have involved sophisticated and targeted attacks intended to obtain unauthorized access to confidential information, destroy data, disable or degrade service, achieve illicit financial gain, or sabotage systems, often through the introduction of computer viruses, malware, ransomware, cyber-attacks, and other means. Denial-of-service attacks have been launched against several large financial services institutions, primarily resulting in inconvenience, but can also cause operational disruption. Ransomware and other types of cyber-attacks could be more disruptive and damaging. Hacking and identity theft risks arising from instances of data loss or compromise could also cause serious reputational harm to the Company and the Bank. Our reliance on vendors subjects us to additional cybersecurity risks and vulnerabilities and other threats to our business operations, as vendor security incidents are common. For example, the hardware and software we purchase from suppliers and vendors to facilitate financial services and perform company operations are at risk of having embedded malware, viruses, and other methods intended to develop unauthorized access to confidential information. These types of attacks, known as “supply-chain attacks,” have become more prevalent and are creating additional risks through the solutions and tools upon which we rely. While we have a third-party risk management program to oversee our vendors and procurement, our ability to successfully mitigate these risks that occur in the hardware and software of these vendors is limited. Although we generally have agreements relating to cybersecurity and data privacy in place with our vendors, we cannot guarantee that such agreements will prevent a cyber-incident impacting our systems or information or enable us to obtain adequate or any reimbursement from our service providers in the event we should suffer any such incidents. Additionally, the existence of cyber-attacks or security breaches at third-party vendors with access to our data may not be disclosed to us in a timely manner. To the extent we experience supply-chain attacks, our business and reputation could be materially adversely affected, and these third (or fourth) party security incidents could give rise to legal and regulatory risk for the Company and the Bank. We also face more indirect technology, cybersecurity, and operational risks relating to the customers, clients, and other third parties with whom we do business or upon whom we rely to facilitate or enable our business activities, including, for example, financial counterparties, regulators, and providers of critical infrastructure such as internet access and electrical power. As a result of increasing consolidation, interdependence, and complexity of financial entities and technology systems, a technology failure, cyber-attack, or other information or security breach that significantly degrades, deletes, or compromises the systems or data of one or more of the entities within our operating ecosystem could have a material impact on us and on our customers. This consolidation, interconnectivity, and complexity within the financial services sector increases the risk of operational failure. Any third-party or fourth-party technology failure, cyber-attack, or other information or security breach, termination, or constraint within our ecosystem could, among other things, adversely affect our ability to effect transactions, service our clients, manage our exposure to risk, or expand our business. In addition, we provide our clients with the ability to bank remotely, including online, through their mobile devices, and over the telephone. The secure transmission of confidential information over the internet and other remote channels is a critical element of remote banking. Our network, or the network of third parties upon which we rely, could be vulnerable to unauthorized access, computer viruses, malware, phishing schemes, and other internal and external security breaches. We may be required to spend significant capital and other resources to protect against threats, or to alleviate problems caused by security breaches or malicious software. To the extent that our activities or the activities of our clients involve the storage and transmission of confidential information, security breaches and malware could expose us to claims, regulatory scrutiny, litigation, and other possible liabilities. Other possible points of intrusion or disruption not within the Company’s control include internet service providers, electronic mail portal providers, social media portals, distant-server (cloud) service providers, electronic data security providers, telecommunications companies, and smart phone manufacturers. Despite efforts to evaluate threats to the security of our systems and data and to implement controls and policies and procedures designed to address the same, cyber threats are rapidly evolving, and we may not be able to anticipate or prevent all such attacks, nor may we be able to implement guaranteed preventive measures against such security breaches. The techniques used by cyber criminals change frequently, may be novel (for example, “zero-day” vulnerabilities), and/or may not be recognized until launched or later (for example, threat actor evading detection for some time), and can originate from a wide variety of sources, including external service providers. These risks may increase in the future as we continue to increase our mobile payment and other internet-based product offerings and expand our internal usage of web-based products and applications. Further, targeted social engineering attacks may be sophisticated and difficult to prevent and our employees, clients, or other users of our systems may be fraudulently induced to disclose sensitive information, allowing cyber criminals to gain access to our systems or data of our clients. Cyber-attacks also could include phishing attempts or e-mail fraud to cause payments or information to be transmitted to an unintended recipient and could include the use of AI and machine learning to launch more automated, targeted and coordinated attacks on targets. In addition, some of our employees work remotely, including while traveling for business, which increases our cybersecurity risk, creates data accessibility concerns, and makes us more susceptible to security breaches or business disruptions. While we have implemented measures to secure remote access to our systems and to educate our users on the risks associated with working remotely, we cannot guarantee that unauthorized access will not occur through these remote channels. A successful penetration or circumvention of system security could cause us serious negative consequences, including significant disruption of operations, misappropriation of confidential information, or damage to our computers or systems or to those of our clients and counterparties. A successful security breach or other cybersecurity incident involving our computer systems and network infrastructure, or those of the third-party service providers upon which we rely, could result in violations of applicable data privacy and data security/data breach and other laws and contractual requirements, financial loss to us or to our clients, loss of confidence in our security measures, significant litigation exposure, and harm to our reputation, all of which could have a material adverse effect on our business, financial condition, and results of operations.",8502,860413,https://www.sec.gov/Archives/edgar/data/860413/000086041326000011/fibk-20251231.htm,
strategic,,,,y,,39263_FY2023_038,CFR,2023,38,General Risk Factors,Climate Change Could Have a Material Negative Impact on Us and Our Customers,"Our business, as well as the operations and activities of our customers, could be negatively impacted by climate change. Climate change presents both immediate and long-term risks to us and our customers and these risks are expected to increase over time. Climate changes presents multi-faceted risks, including (i) operational risk from the physical effects of climate events on our facilities and other assets as well as those of our customers; (ii) credit risk from borrowers with significant exposure to climate risk; and (iii) reputational risk from stakeholder concerns about our practices related to climate change, our carbon footprint and our business relationships with customers who operate in carbon-intensive industries. Our business, reputation and ability to attract and retain employees may also be harmed if our response to climate change is perceived to be ineffective or insufficient. Climate change exposes us to physical risk as its effects may lead to more frequent and more extreme weather events, such as prolonged droughts or flooding, tornados, hurricanes, wildfires and extreme seasonal weather; and longer-term shifts, such as increasing average temperatures, ozone depletion and rising sea levels. Such events and long-term shifts may damage, destroy or otherwise impact the value or productivity of our properties and other assets; reduce the availability of insurance; and/or disrupt our operations and other activities through prolonged outages. Such events and long-term shifts may also have a significant impact on our customers, which could amplify credit risk by diminishing borrowers’ repayment capacity or collateral values, and other businesses and counterparties with whom we transact, which could have a broader impact on the economy, supply chains and distribution networks. Climate change also exposes us to transition risks associated with the transition to a less carbon-dependent economy. Transition risks may result from changes in policies; laws and regulations; technologies; and/or market preferences to address climate change. Such changes could materially, negatively impact our business, results of operations, financial condition and/or our reputation, in addition to having a similar impact on our customers. We have customers who operate in carbon-intensive industries like oil and gas that are exposed to climate risks, such as those risks related to the transition to a less carbon-dependent economy, as well as customers who operate in low-carbon industries that may be subject to risks associated with new technologies. Federal and state banking regulators and supervisory authorities, investors and other stakeholders have increasingly viewed financial institutions as important in helping to address the risks related to climate change both directly and with respect to their customers, which may result in financial institutions coming under increased pressure regarding the disclosure and management of their climate risks and related lending and investment activities. Given that climate change could impose systemic risks upon the financial sector, either via disruptions in economic activity resulting from the physical impacts of climate change or changes in policies as the economy transitions to a less carbon-intensive environment, we face regulatory risk of increasing focus on our resilience to climate-related risks, including in the context of stress testing for various climate stress scenarios. Ongoing legislative or regulatory uncertainties and changes regarding climate risk management and practices may result in higher regulatory, compliance, credit and reputational risks and costs.",3741,39263,https://www.sec.gov/Archives/edgar/data/39263/000003926324000013/cfr-20231231.htm,
regulatory,,,,y,,46195_FY2023_024,BOH,2023,24,General Risk Factors,"We are subject to certain litigation, and our expenses related to this litigation may adversely affect our results.","We are, from time-to-time, involved in various legal proceedings arising from our normal business activities. These claims and legal actions, including supervisory actions by our regulators, could involve large monetary claims and significant defense costs. The outcome of these cases is uncertain. Substantial legal liability or significant regulatory action against us could have material financial effects or cause significant reputational harm to us, which in turn could seriously harm our business prospects. In recent years, regulatory enforcement and fines have increased across the banking and financial services sector. There is no assurance that those actions will not result in regulatory settlements or other enforcement actions against the Company or the Bank. Furthermore, a single event involving a potential violation of law or regulation may give rise to numerous and overlapping investigations and proceedings by multiple federal and state agencies and officials. In addition, if one or more financial institutions are found to have violated a law or regulation relating to certain business activities, this could lead to investigations by regulators or other governmental agencies of the same or similar activities by other financial institutions, including the Company, and large fines and remedial measures that may have been imposed in resolving earlier investigations for the same or similar activities at other financial institutions may be used as the basis for future settlements. We may be exposed to substantial uninsured liabilities, which could materially affect our results of operations and financial condition. Based on information currently available, we believe that the eventual outcome of known actions against us will not be materially in excess of such amounts accrued by us. However, in the event of unexpected future developments, it is possible that the ultimate resolution of those matters may be material to our financial results for any particular period. See the Contingencies section of Note 20 to the Consolidated Financial Statements for more information.",2219,46195,https://www.sec.gov/Archives/edgar/data/46195/000095017024023196/boh-20231231.htm,
operational,,,,y,,1015328_FY2021_053,WTFC,2021,53,Risks Related to General Operations,Our vendors may be responsible for failures that adversely affect our operations.,"We use and rely upon many external vendors to provide us with day-to-day products and services essential to our operations. We are thus exposed to risk that such vendors will not perform as contracted or at agreed-upon service levels. The failure of our vendors to perform as contracted or at necessary service levels for any reason could disrupt our operations, which could adversely affect our business. In addition, if any of our vendors experience insolvency or other business failure, such failure could affect our ability to obtain necessary products or services from a substitute vendor in a timely and cost-effective manner or prevent us from effectively pursuing certain business objectives entirely. Our failure to implement business objectives due to vendor nonperformance could adversely affect our financial condition and results of operations.",938,1015328,https://www.sec.gov/Archives/edgar/data/1015328/000101532822000057/wtfc-20211231.htm,
operational,,,,y,,875357_FY2024_013,BOKF,2024,13,Operating and Transaction Risk Factors,"Dependence on technology increases cybersecurity, data privacy, and technology failure risk.","The Company is dependent on its technological ability to process, record, and monitor a large number of customer transactions and store and protect a significant amount of sensitive customer information. Our customers' use of our internet-based services, and our customer and regulatory expectations regarding operational and information security and reliability have increased over time. We face compliance risks and costs relating to the data privacy laws existing in multiple jurisdictions. Congress and the legislatures of states in which we operate regularly consider legislation that would impose more stringent data privacy requirements resulting in increased compliance costs. Cybersecurity risks for financial institutions have increased significantly in recent years in part because of the proliferation of new technologies, the increased use of the internet and mobile technologies to conduct financial transactions, and the increased sophistication and ever changing cyberattack techniques used by organized crime, hackers, terrorists, hostile foreign governments, and other external parties to obtain confidential customer information and misappropriate customer funds, and may disrupt operations through Ransomware. Such parties may seek to gain access to our systems directly or use equipment or security passwords belonging to employees, customers, third-party services providers, or other users of our systems. Accordingly, our operational systems and infrastructure must continue to be safeguarded and monitored for potential failures, disruptions, breakdowns, and cyber attacks. Our business, financial, accounting, data processing systems, and other operating systems and facilities may stop operating properly or become disabled as a result of a number of factors that may be wholly or partially beyond our control. In addition to cyber attacks, there could be sudden increases in customer transaction volume, electrical or telecommunications outages, extended disruptions in operations or technology, natural disasters, pandemics, and events arising from political or social matters, including terrorist attacks. Third parties with whom we do business or that facilitate our business activities including exchanges, clearing houses, financial intermediaries, or vendors that provide services or security solutions for our operations, could also be sources of operational or information security risk to the Company including breakdowns or failures of their own systems, capacity constraints, or cyber attacks. Cybersecurity risk management programs are expensive to maintain and will not protect the Company from all risks associated with maintaining the security of customer data from external and internal intrusions, disaster recovery and failures in controls used by our vendors. A material breach of customer data security or operational or system failure may negatively impact our business reputation and cause a loss of customers, result in increased expense to contain the event and/or require that we provide credit monitoring services for or reimburse affected customers, result in regulatory fines, penalties or intervention, or result in litigation, all of which could have a materially adverse effect on our results of operations and financial condition. Although to date we have not experienced any material losses relating to cyber attacks or other information security breaches or operational failures, there can be no assurance that we will not suffer such losses in the future. Attempts to compromise our cybersecurity are regular and frequent. Our risk and exposure to these matters remains heightened, and as a result the continued development and enhancement of our controls, processes and practices designed to protect and facilitate the recovery of our systems, computers, software, data and networks from attack, damage or unauthorized access remains a high priority for us. As an additional layer of protection, we have purchased network and privacy liability risk insurance coverage. Our cybersecurity insurance may not provide sufficient coverage in the event of a breach or may not be available in the future on acceptable terms.",4271,875357,https://www.sec.gov/Archives/edgar/data/875357/000087535725000013/bokf-20241231.htm,
financial,,,,y,,883948_FY2023_011,AUB,2023,11,Risks Related to Our Lending Activities,"We may be required to repurchase mortgage loans or indemnify buyers against losses in some circumstances, which could harm our liquidity, results of operations and financial condition.","When mortgage loans are sold, whether as whole loans or pursuant to a securitization, we are required to make customary representations and warranties to purchasers, guarantors, and insurers, including the GSEs, about the mortgage loans and the manner in which they were originated. Whole loan sale agreements require repurchase or substitute mortgage loans, or indemnify buyers against losses, in the event we breach these representations or warranties. In addition, we may be required to repurchase mortgage loans as a result of early payment default of the borrower on a mortgage loan. If repurchase and indemnity demands increase and such demands are valid claims and are in excess of our provision for potential losses, our liquidity, results of operations, and financial condition may be adversely affected.",997,883948,https://www.sec.gov/Archives/edgar/data/883948/000088394824000030/aub-20231231x10k.htm,
regulatory,,,,y,,887343_FY2021_032,COLB,2021,32,"Legal, Accounting and Compliance Risks","We operate in a highly regulated environment and changes to or increases in, or supervisory enforcement of, banking or other laws and regulations or governmental fiscal or monetary policies could adversely affect us.","We are subject to extensive regulation, supervision and examination by federal and state banking authorities. In addition, as a publicly-traded company, we are subject to regulation by the SEC. Any change in applicable regulations or federal, state or local legislation or in policies or interpretations or regulatory approaches to compliance and enforcement, income tax laws and accounting principles could have a substantial impact on us and our operations. Changes in laws and regulations may also increase our expenses by imposing additional fees or taxes or restrictions on our operations. Additional legislation and regulations that could significantly affect our powers, authority and operations may be enacted or adopted in the future, which could have a material adverse effect on our business, financial condition, results of operations and prospects. Failure to appropriately comply with any such laws, regulations or principles could result in sanctions by regulatory agencies or damage to our reputation, all of which could adversely affect our business, financial condition or results of operations. For example, the Dodd-Frank Act was enacted in July 2010. Among other provisions, the legislation (i) created the CFPB with broad powers to regulate consumer financial products such as credit cards and mortgages, (ii) resulted in new capital requirements from federal banking agencies, (iii) placed new limits on electronic debit card interchange fees and (iv) required the SEC and national stock exchanges to adopt significant new corporate governance and executive compensation reforms, some of which have yet to be promulgated. The Dodd-Frank Act and regulations that have been adopted thereunder have increased the overall costs of regulatory compliance, and further regulatory developments whether related to Dodd-Frank or otherwise may lead to additional costs. In addition, the CFPB has broad rulemaking authority and is the principal federal regulatory agency responsible for the supervision and enforcement of a wide range of consumer protection laws for banks with greater than $10 billion in assets. If we fail to maintain appropriate levels of capital or liquidity, we could become subject to formal or informal enforcement actions that may impose restrictions on our business, including limiting our lending activities or our ability to expand, requiring us to raise additional capital (which may be dilutive to shareholders) or requiring regulatory approval to pay dividends or otherwise return capital to shareholders. We also face the risk of becoming subject to new or more stringent requirements in connection with the introduction of new regulations or modifications of existing regulations, which could require us to hold more capital or liquidity or have other adverse effects on our business or profitability. Further, regulators have significant discretion and authority to prevent or remedy unsafe or unsound practices or violations of laws or regulations by financial institutions and holding companies in the performance of their supervisory and enforcement duties. The exercise of regulatory authority may have an adverse impact, which could be material, on our business, financial condition, results of operations and prospects. Additionally, our business is affected significantly by the fiscal and monetary policies of the U.S. federal government and its agencies, including the Federal Reserve. We cannot accurately predict the full effects of recent legislation or the various other governmental, regulatory, monetary and fiscal initiatives which have been and may be enacted on the financial markets, on the Company and on the Bank. The terms and costs of these activities, or any worsening of current financial market and economic conditions, could materially and adversely affect our business, financial condition and results of operations, as well as the trading price of our common stock.",4155,887343,https://www.sec.gov/Archives/edgar/data/887343/000088734322000038/colb-20211231.htm,
financial,,,,y,,7789_FY2024_039,ASB,2024,39,Strategic and External Risks,The earnings of financial services companies are significantly affected by general business and economic conditions.,"Our operations and profitability are impacted by general business and economic conditions in the United States and abroad. These conditions include short-term and long-term interest rates, inflation, money supply, political issues, ramifications of conflicts including the Russia-Ukraine conflict, Israeli-Palestinian conflict, the recent coup in Syria and other conflicts and government turmoil in the Middle East and Europe, legislative and regulatory changes, fluctuations in both debt and equity capital markets, broad trends in industry and finance, the strength of the United States economy, and uncertainty in financial markets globally, all of which are beyond our control. A deterioration in economic conditions, including those arising from government shutdowns, defaults, anticipated defaults or rating agency downgrades of sovereign debt (including debt of the U.S.), or increases in unemployment, could result in an increase in loan delinquencies and NPAs, decreases in loan collateral values, and a decrease in demand for our products and services, among other things, any of which could have a material adverse impact on our financial condition and results of operations.",1302,7789,https://www.sec.gov/Archives/edgar/data/7789/000000778925000013/asb-20241231.htm,
operational,,,,y,,109380_FY2023_016,ZION,2023,16,TECHNOLOGY RISK,"We could be adversely impacted by system vulnerabilities, failures, or outages impacting operations and customer services such as online and mobile banking.","We rely on various information technology systems that work together in supporting internal operations and customer services. Vulnerabilities in, or a failure or outage of, one or many of these systems could impact the ability to perform internal operations and provide services to customers, such as online banking, mobile banking, remote deposit capture, treasury and payment services, and other services dependent on system processing. These risks increase as systems and software approach the end of their useful life or require more frequent updates and modifications. We cannot guarantee that such occurrences will not have a significant operational or customer impact. For information regarding risks associated with the replacement or upgrades of our core technology systems, see “Strategic and Business Risk” in Risk Factors on page 16. For information about how we manage technology risk, see “Operational, Technology, and Cybersecurity Risk Management” in MD&A on page 70.",1139,109380,https://www.sec.gov/Archives/edgar/data/109380/000010938024000061/zions-20231231.htm,
operational,,,,y,,83246_FY2023_015,,2023,15,"Risks related to Regulation, Legislation and Litigation",Our risk management controls framework may not be successful.,"The management of risk is an integral part of all our activities and is fundamental to the delivery of our strategic priorities. While we are subject to a number of legal and regulatory actions and investigations, our risk management framework has been designed to provide robust controls and ongoing monitoring of our principal risks. To manage risk, we employ a risk management framework at all levels and across all risk types. The framework fosters the continuous monitoring of the risk environment and an integrated evaluation of risks and their interactions. It also strives to ensure that we have a robust and consistent approach to risk management across all of our activities. While our risk management framework employs a broad and diversified set of risk monitoring and risk mitigation techniques, such techniques and the judgments that accompany their application cannot anticipate every unfavorable event or the specifics and timing of every outcome. Failure to manage risks appropriately could have a material adverse effect on our business, prospects, financial condition and results of operations. Our risk management controls framework may face particularly significant challenges internally and externally in the following three broad areas: (a) Risks related to our businesses and operations: The delivery of our strategic priorities is subject to execution risk and we may not achieve all the expected benefits of our strategic initiatives. Our operations are subject to the threat of fraudulent activity and disruption from the external environment. We are highly dependent on our information technology systems. We could incur losses or be required to hold additional capital as a result of model limitations or failure. Issues with the quality of data or effectiveness of our data aggregation and validation procedures could result in ineffective risk management practices or inaccurate risk reporting. (b) Macroeconomic and geopolitical risks: Unfavorable economic and market conditions, such as reduced economic growth and rising interest rates, as well as certain geopolitical events, such as conflicts or pandemics resulting in supply chain disruptions, may adversely affect our results. See ""Market and economic conditions will continue to affect our businesses, results of operations and financial condition."" (c) Regulatory and legal risks to our businesses: We are subject to a number of legal and regulatory actions and investigations, the outcomes of which are inherently difficult to predict. Unfavorable outcomes could have a material adverse effect on our operating results and brand. Unfavorable legislative or regulatory developments, or changes in the policy of regulators or governments, could also have a material adverse effect on our operations, financial condition and prospects.",2884,83246,https://www.sec.gov/Archives/edgar/data/83246/000008324624000004/hsbcusa-20231231.htm,
financial,,,,n,,49196_FY2025_004,HBAN,2025,4,Market Risks:,Market Risk,"” section of the MD&A. Certain investment securities, notably mortgage-backed securities, are sensitive to rising and falling interest rates. Generally, when rates rise, prepayments of principal and interest will decrease, and the duration of mortgage-backed securities will increase. Conversely, when rates fall, prepayments of principal and interest will increase, and the duration of mortgage-backed securities will decrease. In either case, interest rates have a significant impact on the value of mortgage-backed securities. MSR fair values are sensitive to movements in interest rates, as expected future net servicing income depends on the projected outstanding principal balances of the underlying loans, which can be reduced by prepayments. Prepayments usually increase when mortgage interest rates decline and decrease when mortgage interest rates rise. In addition to volatility associated with interest rates, the Company also has exposure to equity markets related to the investments within our benefit plans and other income from client-based transactions.",1081,49196,https://www.sec.gov/Archives/edgar/data/49196/000004919626000015/hban-20251231.htm,
strategic,,,,n,,707179_FY2024_007,ONB,2024,7,"Strategic, Financial, and Reputational Risks","Old National operates in an extremely competitive market, and Old National’s business will suffer if Old National is unable to compete effectively.","In our market area, Old National encounters significant competition from other commercial banks, savings and loan associations, credit unions, mortgage banking firms, FinTech companies, consumer finance companies, securities brokerage firms, insurance companies, money market mutual funds, and other financial services companies. Our competitors may have substantially greater resources and lending limits than Old National does and may offer services that Old National does not or cannot provide. Some of our nonfinancial institution competitors may have fewer regulatory constraints, broader geographic service areas, and, in some cases, lower cost structures and, as a result, may be able to compete more effectively for business. In particular, the activity of marketplace lenders and other FinTechs has grown significantly over recent years and is expected to continue to grow. FinTechs have and may continue to offer bank or bank-like products. For example, a number of FinTechs have applied for, and in some cases received, bank or industrial loan charters. In addition, other FinTechs have partnered with existing banks to allow them to offer deposit products to their customers. Regulatory changes may also make it easier for FinTechs to partner with banks and offer deposit products. Our ability to originate residential mortgage loans has also been adversely affected by the increased competition resulting from the unprecedented involvement of the U.S. government and government-sponsored entities in the residential mortgage market. Other recent regulation has reduced the regulatory burden of large bank holding companies and raised the asset thresholds at which more onerous requirements apply, which could cause certain large bank holding companies with less than $250 billion in total consolidated assets, which were previously subject to more stringent enhanced prudential standards, to become more competitive or to pursue expansion more aggressively. There is also increased competition from out-of-market competitors through online and mobile channels. In addition, the emergence, adoption and evolution of new technologies that do not require intermediation, including distributed ledgers, as well as advances in automation, could significantly affect competition for financial services. Old National’s profitability depends upon our continued ability to compete successfully in our market area.",2564,707179,https://www.sec.gov/Archives/edgar/data/707179/000070717925000005/onb-20241231.htm,
financial,,,,y,,707179_FY2025_017,ONB,2025,17,"Market, Interest Rate, and Liquidity Risks","The price of Old National’s Common Stock may be volatile, which may result in losses for investors.","General market price declines or market volatility in the future could adversely affect the price of Old National’s Common Stock. In addition, the following factors may cause the market price for shares of Old National’s Common Stock to fluctuate: announcements of developments related to Old National’s business; fluctuations in Old National’s results of operations; sales or purchases of substantial amounts of Old National’s securities in the marketplace; general conditions in the regions Old National serves or the global or national economy; a shortfall or excess in revenues or earnings compared to securities analysts’ expectations; changes in analysts’ recommendations or projections; Old National’s announcement of new mergers, acquisitions, or other projects; and negative news about the Company, the banking industry generally, or the financial services industry generally.",984,707179,https://www.sec.gov/Archives/edgar/data/707179/000070717926000010/onb-20251231.htm,
strategic,,,,y,,46195_FY2021_024,BOH,2021,24,General Risk Factors,Negative public opinion could damage our reputation and adversely impact our earnings and liquidity.,"Reputational risk, or the risk to our business, earnings, liquidity, and capital from negative public opinion, could result from our actual or alleged conduct in a variety of areas, including legal and regulatory compliance, lending practices, corporate governance, litigation, ethical issues, or inadequate protection of customer information. We expend significant resources to comply with regulatory requirements. Failure to comply could result in reputational harm or significant legal or remedial costs. Damage to our reputation could adversely affect our ability to retain and attract new customers, and adversely impact our earnings and liquidity.",753,46195,https://www.sec.gov/Archives/edgar/data/46195/000156459022007841/boh-10k_20211231.htm,
financial,,,,y,,887343_FY2024_012,COLB,2024,12,Conte n t s,Our business depends on our ability to successfully manage credit risk.,"The operation of our business requires us to manage credit risk. As a lender, we are exposed to the risk that our borrowers will be unable to repay their loans according to their terms, and that the collateral securing repayment of their loans, if any, may not be sufficient to ensure repayment. In addition, there are risks inherent in making any loan, including risks with respect to the period of time over which the loan may be repaid, risks relating to proper loan underwriting, model and scorecard risks, risks resulting from changes in economic and industry conditions and risks inherent in dealing with individual borrowers. In order to successfully manage credit risk, we must, among other things, maintain disciplined and prudent underwriting standards and ensure that our bankers follow those standards. The weakening of these standards for any reason, such as an attempt to attract higher yielding loans, a lack of discipline or diligence by our employees in underwriting and monitoring loans, the inability of our employees to adequately adapt policies and procedures to changes in economic or any other conditions affecting borrowers and the quality of our loan portfolio, may result in loan defaults, foreclosures, and additional charge-offs and may necessitate that we increase our ACL, each of which could adversely affect our net income. As a result, our inability to successfully manage credit risk could have a material adverse effect on our business, financial condition, results of operations and prospects.",1600,887343,https://www.sec.gov/Archives/edgar/data/887343/000088734325000054/colb-20241231.htm,
operational,,,,y,,759944_FY2021_009,CFG,2021,9,Risks Related to Our Business,Our framework for managing risks may not be effective in mitigating risk and loss.,"Our risk management framework is made up of various processes and strategies to manage our risk exposure. The framework to manage risk, including the framework’s underlying assumptions, may not be effective under all conditions and circumstances. If the risk management framework proves ineffective, we could suffer unexpected losses and could be materially adversely affected. One of the main types of risks inherent in our business is credit risk. An important feature of our credit risk management system is to employ an internal credit risk control system through which we identify, measure, monitor and mitigate existing and emerging credit risk of our customers. As this process involves detailed analyses of the customer or credit risk, taking into account both quantitative and qualitative factors, it is subject to human error. In exercising their judgment, our employees may not always be able to assign an accurate credit rating to a customer or credit risk, which may result in our exposure to higher credit risks than indicated by our risk rating system. In addition, we have undertaken certain actions to enhance our credit policies and guidelines to address potential risks associated with particular industries or types of customers, as discussed in more detail under the “Risk Governance” and “Market Risk” sections in Item 7. However, we may not be able to effectively implement these initiatives, or consistently follow and refine our credit risk management system. If any of the foregoing were to occur, it may result in an increase in the level of nonaccrual loans and a higher risk exposure for us, which could have a material adverse effect on us.",1752,759944,https://www.sec.gov/Archives/edgar/data/759944/000075994422000025/cfg-20211231.htm,
financial,,,,y,,861842_FY2025_000,CATY,2025,0,Market and Economic Risks,Current unfavorable and uncertain economic and market conditions may adversely affect our industry and business.,"Our financial performance generally, as well as the ability of borrowers to make loan payments, the value of the collateral securing those loans, and the demand for loans and our other products and services, are highly dependent upon the business and economic conditions in the markets in which we operate and in the United States as a whole. Unfavorable or uncertain economic and market conditions, some of which are present in the current macroeconomic environment, have in the past and may in the future lead to credit quality concerns related to repayment ability and collateral protection as well as reduced demand for our products and services. Based on a review of the appropriateness of the allowance for loan losses at December 31, 2025, in light of current economic conditions, we recorded a provision for credit losses of $72.6 million in the year ended December 31, 2025. If the economic forecast or other factors worsen relative to the assumptions we utilized, our allowance for loan losses will increase accordingly in future periods. Additionally, market interest rates have increased significantly. We expect that these increases in interest rates, especially if prolonged, could affect our net interest income, margins and our profitability. Our assets and liabilities may be significantly impacted by changes in interest rates. Factors related to inflation, recession, unemployment, volatile interest rates, changes in tariffs and trade policies, international conflicts, real estate values, energy prices, state and local municipal budget deficits, consumer confidence level, government spending and any government shutdowns, the U.S. national debt, natural disasters, geopolitical events, public health crises and other factors outside of our control also may assert economic pressures on consumers and businesses and adversely affect our business, financial condition, results of operations and stock price. We may face the following risks, among others, in connection with these events: Unfavorable market conditions triggered by any of these events result in a deterioration in the credit quality of our borrowers and the demand for our products and services, an increase in the number of loan delinquencies, defaults and charge-offs, additional provisions for loan losses, adverse asset values and an overall material adverse effect on the quality of our loan portfolio. Economic pressure on consumers and uncertainty regarding continuing economic improvement resulting from any of these events may result in changes in consumer and business spending, borrowing and saving habits. Such conditions could have a material adverse effect on the credit quality of our loans or our business, financial condition or results of operations. The banking industry remains heavily regulated, and changes by Congress or federal regulatory agencies to the banking and financial institutions regulatory regime and heightened legal standards and regulatory requirements may continue to be adopted in the future. Compliance with such regulation may increase our costs and limit our ability to pursue business opportunities. The process we use to estimate losses inherent in our credit exposure requires difficult, subjective, and complex judgments, including qualitative factors that pertain to economic conditions and how these economic conditions might impair the ability of our borrowers to repay their loans. The level of uncertainty concerning economic conditions may adversely affect the accuracy of our estimates which may, in turn, impact the reliability of the process. The value of the portfolio of investment securities that we hold may be adversely affected by increasing interest rates and defaults by debtors. There have been changes and discussions with respect to U.S. trade policies, legislation, treaties and tariffs, including trade policies and tariffs affecting other countries, including China, the European Union, Canada and Mexico and retaliatory tariffs by such countries. Tariffs and retaliatory tariffs have been imposed, and additional tariffs and retaliation tariffs have been proposed. Such tariffs, retaliatory tariffs or other trade restrictions on products and materials that our clients import or export, could cause the prices of our clients’ products to increase which could reduce demand for such products, or reduce our client margins, and adversely impact their revenues, financial results and ability to service debt; which, in turn, could adversely affect our financial condition and results of operations. In addition, to the extent changes in the political environment have a negative impact on us or on the markets in which we operate our business, results of operations and financial condition could be materially and adversely impacted in the future. It remains unclear what the current Administration in the U.S. or foreign governments will or will not do with respect to tariffs already imposed, additional tariffs that may be imposed, or international trade agreements and policies. A trade war or other governmental action related to tariffs or international trade agreements or policies has the potential to negatively impact ours and/or our clients' costs, demand for our clients' products, and/or the U.S. economy or certain sectors thereof and, thus, adversely impact our business, financial condition and results of operations. The current Presidential Administration is seeking to enact significant changes that may impact economic and market conditions, including changes to the size and scope of the federal government. These changes, if implemented and taken as a whole, may have varied effects on the economy that are difficult to predict. To the extent such changes have an adverse impact on the regional and local economies where we operate, our business, financial condition and results of operations may be adversely impacted.",6009,861842,https://www.sec.gov/Archives/edgar/data/861842/000143774926006157/caty20251231c_10k.htm,
financial,,,,n,,714310_FY2025_016,VLY,2025,16,Risks Related to Our Industry,Changes in interest rates could reduce our net interest income and earnings.,"Valley’s earnings and cash flows are largely dependent upon the Bank’s net interest income. Net interest income is the difference between interest income earned on interest-earning assets, such as loans and investment securities, and interest expense paid on interest bearing liabilities, such as deposits and borrowed funds. Interest rates are sensitive to many factors that are beyond Valley’s control, including general economic conditions, competition, and policies of various governmental and regulatory agencies and, in particular, the policies of the Federal Reserve. Changes in interest rates driven by such factors will influence not only the interest the Bank receives on loans and investment securities and the amount of interest it pays on deposits and borrowings, but such changes could also affect (i) the Bank’s ability to originate loans and obtain deposits, (ii) the fair value of Valley’s financial assets, including the HTM and AFS investment securities portfolios, and (iii) the average duration of Valley’s interest-earning assets and liabilities. This also includes the risk that interest-earning assets may be more responsive to changes in interest rates than interest-bearing liabilities, or vice versa (repricing risk), the risk that the individual interest rates or rate indices underlying various interest-earning assets and interest-bearing liabilities may not change in the same degree over a given time period (basis risk), and the risk of changing interest rate relationships across the spectrum of interest-earning asset and interest-bearing liability maturities (yield curve risk). For example, a flat or inverted yield curve, where short-term rates are close to, or above, long-term rates, could adversely affect Valley’s financial condition and results of operations. Any substantial or unexpected change in market interest rates could have a material adverse effect on Valley’s financial condition and results of operations. See additional information in the “Net Interest Income” and “Interest Rate Sensitivity” sections of our MD&A.",2146,714310,https://www.sec.gov/Archives/edgar/data/714310/000071431026000017/vly-20251231.htm,
financial,,,,y,,860413_FY2021_009,FIBK,2021,9,Credit Risks,The soundness of other financial institutions could adversely affect the Company.,"Financial services companies are interrelated as a result of trading, clearing, counterparty, or other relationships. We have exposure to many different industries and counterparties. For example, we execute transactions with counterparties in the financial services industry, including brokers and dealers, commercial banks, investment banks, and other institutional clients. As a result, defaults by, or even rumors or questions about, one or more financial services companies or the financial services industry generally have led to market-wide liquidity problems and could lead to losses or defaults by us or by other institutions. Many of these transactions expose us to increased credit risk in the event of default of a counterparty or client.",831,860413,https://www.sec.gov/Archives/edgar/data/860413/000086041322000065/fibk-20211231.htm,
operational,,,,y,,7789_FY2023_020,ASB,2023,20,Operational Risks,We rely heavily on communications and information systems to conduct our business. We have experienced cybersecurity attacks in the past and our communications and information systems may experience an interruption or breach in security from future attacks.,"We have experienced cybersecurity attacks in the past. Any failure, interruption, or breach in security or operational integrity of our or our third-party vendors' communications and information systems, including those caused by a cybersecurity attack, could result in failures or disruptions in our customer relationship management, general ledger, deposit, loan, and other systems. While we have policies and procedures designed to prevent or limit the effect of the failure, interruption, or security breach of our communications and information systems, we cannot completely ensure that any such failures, interruptions, or security breaches will not occur or, if they do occur, that they will be adequately addressed. The occurrence of any failures, interruptions, or security breaches of our or our third-party vendors' communications and information systems, including those caused by a cybersecurity attack, could damage our reputation, result in a loss of customer business, subject us to additional regulatory scrutiny, or expose us to civil litigation and possible financial liability, any of which could have a material adverse effect on our financial condition and results of operations.",1458,7789,https://www.sec.gov/Archives/edgar/data/7789/000000778924000009/asb-20231231.htm,
regulatory,,,,y,,811830_FY2023_059,,2023,59,Financial Reporting and Control Risks,"Failure to satisfy obligations associated with public securities filings may have adverse regulatory, economic, and reputational consequences.","If we are not able to file our periodic reports within the time periods prescribed by the SEC, among other consequences, we would be unable to use Form S-3 registration statements until we have timely filed our SEC periodic reports for a period of 12 consecutive months. Our inability to use Form S-3 registration statements would increase the time and resources we need to spend if we choose to access the public capital markets.",572,811830,https://www.sec.gov/Archives/edgar/data/811830/000081183024000010/sov-20231231.htm,
operational,,,,n,,36377_FY2022_013,FHB,2022,13,Operational Risks,We may not be able to attract and retain key personnel and other skilled employees.,"Our success depends, in large part, on the skills of our management team and our ability to retain, recruit and motivate key officers and employees. Competition for qualified employees and personnel in the financial services and banking industry is intense and there are a limited number of qualified persons with knowledge of, and experience in, the regional banking industry, especially in the communities served by our branch network. A substantial number of our employees have considerable tenure with the Bank and some will be nearing retirement in the next few years, which makes succession planning important to the continued operation of our business. We need to continue to attract and retain key personnel and to recruit qualified individuals to succeed existing key personnel to ensure the continued growth and successful operation of our business. Leadership changes will occur from time to time, and we cannot predict whether significant retirements or resignations will occur or whether we will be able to recruit additional qualified personnel. The cost of hiring, incentivizing and retaining skilled personnel may continue to increase, which could have a material adverse effect on our business, financial condition or results of operations. In addition, our ability to effectively compete for senior executives and other qualified personnel by offering competitive compensation and benefit arrangements may be restricted by applicable banking laws and regulations, including any restrictions that may in the future be adopted by U.S. regulatory agencies, including the Federal Reserve and FDIC. The loss of the services of any senior executive or other key personnel, the inability to recruit and retain qualified personnel in the future or the failure to develop and implement a viable succession plan, could have a material adverse effect on our business, financial condition or results of operations.",2003,36377,https://www.sec.gov/Archives/edgar/data/36377/000155837023002048/fhb-20221231x10k.htm,
regulatory,,,,y,,700564_FY2023_018,FULT,2023,18,LEGAL AND REGULATORY COMPLIANCE RISKS,"Changes in U.S. federal, state or local tax laws may negatively impact our financial performance.","We are subject to changes in tax laws that could increase our effective tax rate. These law changes may be retroactive to previous periods and, as a result, could negatively affect our current and future financial performance. The Tax Act reduced our federal corporate income tax rate to 21% beginning in 2018. The Tax Act also imposed limitations on our ability to take certain deductions, such as the deduction for FDIC deposit insurance premiums, which partially offset the increase in net income from the lower tax rate. The Inflation Reduction Act of 2022 imposes a 1% excise tax on the value of our shares we repurchase on or after January 1, 2023 that exceeds $1 million in the aggregate during any taxable year, subject to certain adjustments. In addition, a number of the changes to the Tax Code are set to expire in future years. There is substantial uncertainty concerning whether those expiring provisions will be extended or whether future legislation will further revise the Tax Code. Changes to the Tax Code may affect our business, financial condition and results of operations.",1191,700564,https://www.sec.gov/Archives/edgar/data/700564/000070056424000012/fult-20231231.htm,
operational,,,,y,,1810546_FY2025_036,EBC,2025,36,Risks Related to Our Business and Our Industry Generally,Operational risks are inherent in our businesses.,"Our enterprise risk management framework seeks to achieve an appropriate balance between risk and return, which is critical to optimizing shareholder value. We have established processes and procedures intended to identify, measure, monitor, report and analyze the types of risk to which we are subject, including credit, liquidity, operational, regulatory compliance and reputational. However, as with any risk management framework, there are inherent limitations to our risk management strategies as there may exist, or develop in the future, risks that we have not appropriately anticipated or identified. If our risk management framework proves ineffective, we could suffer unexpected losses and our business and results of operations could be materially adversely affected. In addition to the necessity of maintaining our enterprise risk management framework, our operations depend on our ability to process a very large number of transactions efficiently and accurately while complying with applicable laws and regulations. Operational risk and losses can result from factors such as internal and external fraud; errors by employees or third parties; failure to document transactions properly or to obtain proper authorization; failure to comply with applicable regulatory requirements and conduct of business rules; equipment failures, including those caused by natural disasters or by electrical, telecommunications or other essential utility outages; business continuity and data security system failures, including those caused by computer viruses, cyber-attacks or unforeseen problems encountered while implementing major new computer systems or upgrades to existing systems; or the inadequacy or failure of systems and controls, including those of our suppliers or counterparties. Although we have implemented and routinely refine our risk controls and loss mitigation actions, and we devote substantial resources to developing efficient procedures, identifying and rectifying weaknesses in existing procedures and staff training, it is not possible to be certain that such actions have been or will be effective in controlling each of the operational risks we face. Any weakness in these systems or controls, or any violation or alleged violation of applicable laws or regulations, could result in increased regulatory supervision, enforcement actions and other disciplinary action, and have an adverse impact on our business, results of operations, reputation and ability to obtain future regulatory approvals, including those necessary to complete mergers or other acquisitions.",2642,1810546,https://www.sec.gov/Archives/edgar/data/1810546/000162828026013126/ebc-20251231.htm,
strategic,,,,y,,46195_FY2022_024,BOH,2022,24,General Risk Factors,Negative public opinion could damage our reputation and adversely impact our earnings and liquidity.,"Reputational risk, or the risk to our business, earnings, liquidity, and capital from negative public opinion, could result from our actual or alleged conduct in a variety of areas, including legal and regulatory compliance, lending practices, corporate governance, litigation, ethical issues, or inadequate protection of customer information. We expend significant resources to comply with regulatory requirements. Failure to comply could result in reputational harm or significant legal and/or remedial costs. Damage to our reputation could adversely affect our ability to retain and attract new customers, and adversely impact our earnings and liquidity.",757,46195,https://www.sec.gov/Archives/edgar/data/46195/000156459023002876/boh-10k_20221231.htm,
financial,,,,y,,1331520_FY2023_009,HOMB,2023,9,Risks Related to Our Business,Our high concentration of real estate loans and especially commercial real estate loans exposes us to increased lending risk.,"As of December 31, 2023, approximately 72.5% of our total loan portfolio was comprised of loans with real estate as a primary or secondary component of collateral. This includes commercial real estate loans (excluding construction/land development) of $5.88 billion, or 40.8% of total loans, construction/land development loans of $2.29 billion, or 15.9% of total loans, and residential real estate loans of $2.28 billion, or 15.8% of total loans. This high concentration of real estate loans could subject us to increased credit risk in the event of a decrease in real estate values in our markets, a real estate recession or a natural disaster. Also, in any such event, our ability to recover on defaulted loans by foreclosing and selling real estate collateral would be diminished, and we would be more likely to suffer losses on defaulted loans. In addition to the risks associated with the high concentration of real estate-secured loans, the commercial real estate and construction/land development loans, which comprised 56.7% of our total loan portfolio as of December 31, 2023, expose us to a greater risk of loss than our residential real estate loans, which comprised 15.8% of our total loan portfolio as of December 31, 2023. Commercial real estate and land development loans typically involve larger loan balances to single borrowers or groups of related borrowers compared to residential loans. Consequently, an adverse development with respect to one commercial loan or one credit relationship exposes us to a significantly greater risk of loss compared to an adverse development with respect to one residential mortgage loan. The repayment of loans secured by commercial real estate is typically dependent upon the successful operation of the related real estate or commercial project. If the cash flows from the project are reduced, a borrower’s ability to repay the loan may be impaired. This cash flow shortage may result in the failure to make loan payments. In such cases, we may be compelled to modify the terms of the loan, or in the most extreme cases, we may have to foreclose. If a decline in economic conditions or other issues cause difficulties for our borrowers of these types of loans, if we fail to evaluate the credit of these loans accurately when we underwrite them or if we do not continue to adequately monitor the performance of these loans, our lending portfolio could experience delinquencies, defaults and credit losses that could have a material adverse effect on our business, financial condition or results of operations.",2690,1331520,https://www.sec.gov/Archives/edgar/data/1331520/000133152024000080/homb-20231231.htm,
strategic,,,,n,,763901_FY2024_020,BPOP,2024,20,STRATEGIC RISKS,"Potential acquisitions of businesses or loan portfolios could increase some of the risks that we face, and may be delayed or prohibited due to regulatory constraints.","To the extent permitted by our applicable regulators, we may pursue strategic acquisition opportunities. Acquiring other businesses, however, involves various risks, including potential exposure to unknown or contingent liabilities of the target company, exposure to potential asset quality issues of the target company, potential disruption to our business, the possible loss of key employees and customers of the target company, and difficulty in estimating the value of the target company. If we pay a premium over book or market value in connection with an acquisition, some dilution of our tangible book value and net income per common share may occur. Furthermore, failure to realize the expected revenue increases, cost savings, increases in geographic or product presence, or other projected benefits from an acquisition could have a material adverse effect on our business, financial condition and results of operations. Similarly, acquiring loan portfolios involves various risks. When acquiring loan portfolios, management makes assumptions and judgments about the collectability of the loans, including the creditworthiness of borrowers and the value of the real estate and other assets serving as collateral for the repayment of secured loans. In estimating the extent of the losses, we analyze the loan portfolio based on historical loss experience, volume and classification of loans, volume and trends in delinquencies and nonaccruals, local economic conditions, and other pertinent information. If our assumptions are incorrect, however, our actual losses could be higher than estimated and increased loss reserves may be required, which would negatively affect our results of operations. Finally, certain acquisitions by financial institutions, including us, are subject to approval by a variety of federal and state regulatory agencies. Regulatory approvals could be delayed, impeded, restrictively conditioned or denied. We may fail to pursue, evaluate or complete strategic and competitively significant acquisition opportunities as a result of our inability, or perceived or anticipated inability, to obtain regulatory approvals in a timely manner, under reasonable conditions or at all. Difficulties associated with potential acquisitions that may result from these factors could have a material adverse effect on our business, financial condition and results of operations. We have embarked on a broad-based multi-year, technological and business process transformation.",2660,763901,https://www.sec.gov/Archives/edgar/data/763901/000119312525043848/d924089d10k.htm,
financial,,,,n,,39263_FY2021_003,CFR,2021,3,Credit and Lending Risks,Our Allowance For Credit Losses May Be Insufficient,"We maintain allowances for credit losses on loans, securities and off-balance sheet credit exposures. In the case of loans and securities, allowances for credit losses are contra-asset valuation accounts that are deducted from the amortized cost basis of these assets to present the net amount expected to be collected. In the case of off-balance-sheet credit exposures, the allowance for credit losses is a liability account reported as a component of accrued interest payable and other liabilities in our consolidated balance sheets. The amount of each allowance account represents management's best estimate of current expected credit losses on these financial instruments considering available information, from internal and external sources, relevant to assessing exposure to credit loss over the contractual term of the instrument. Relevant available information includes historical credit loss experience, current conditions and reasonable and supportable forecasts. As a result, the determination of the appropriate level of allowance for credit losses inherently involves a high degree of subjectivity and requires us to make significant estimates related to current and expected future credit risks and trends, all of which may undergo material changes. Continuing deterioration in economic conditions affecting borrowers and securities issuers; new information regarding existing loans, credit commitments and securities holdings; the continuation of the COVID-19 pandemic or other global pandemics; natural disasters and risks related to climate change; and identification of additional problem loans, ratings down-grades and other factors, both within and outside of our control, may require an increase in the allowances for credit losses on loans, securities and off-balance sheet credit exposures. In addition, bank regulatory agencies periodically review our allowance for credit losses and may require an increase in credit loss expense or the recognition of further loan charge-offs, based on judgments different than those of management. Furthermore, if any charge-offs related to loans, securities or off-balance sheet credit exposures in future periods exceed our allowances for credit losses on loans, securities or off-balance sheet credit exposures, we will need to recognize additional credit loss expense to increase the applicable allowance. Any increase in the allowance for credit losses on loans, securities and/or off-balance sheet credit exposures will result in a decrease in net income and, possibly, capital, and may have a material adverse effect on our business, financial condition and results of operations. See the section captioned “Allowance for Credit Losses” in Item 7. Management’s Discussion and Analysis of Financial Condition and Results of Operations elsewhere in this report for further discussion related to our process for determining the appropriate level of the allowance for credit losses.",2996,39263,https://www.sec.gov/Archives/edgar/data/39263/000003926322000008/cfr-20211231.htm,
financial,,,,y,,857855_FY2025_031,UCB,2025,31,LIQUIDITY AND FUNDING RISKS,A downgrade of our credit rating could limit our access to borrowings and increase our borrowing costs.,"Credit ratings are subject to ongoing review by rating agencies, which consider a number of factors, including our financial strength, performance, prospects and operations as well as factors not under our control. Rating agencies could make adjustments to our credit ratings at any time, and there can be no assurance that they will maintain our ratings at current levels or that downgrades will not occur. If rating agencies were to downgrade our credit rating, our borrowing costs would increase or the availability of borrowing sources could be limited. Additionally, a downgrade could occur at a time that is disadvantageous when our need for borrowings is high, further increasing our overall cost of funds. If the downgrade is due to lower earnings performance, elevated credit losses, capital deficiencies or other factors, collateral requirements for secured borrowings could also be elevated which could further limit our borrowing capacity and increase our borrowing costs.",1087,857855,https://www.sec.gov/Archives/edgar/data/857855/000085785526000008/ucbi-20251231.htm,
financial,,,,n,,1069157_FY2025_014,EWBC,2025,14,Risks Related to Credit Matters,Our allowance for credit losses may not be adequate to cover actual losses.,"We establish an allowance for credit losses in accordance with U.S. Generally Accepted Accounting Principles (“GAAP”), which includes the allowance for loan and lease losses (“ALLL”) and the reserve for unfunded credit commitments. Our ALLL is based on our evaluation of risks associated with our loans held-for-investment portfolio, including historical loss experience, current borrower characteristics, current economic conditions, reasonable and supportable forecasts of future economic conditions, delinquencies, performing status, the size and composition of the loan portfolio, and concentrations within the portfolio. The allowance estimation process requires subjective and complex judgments, including analysis of economic conditions and how these economic conditions might impair the ability of our borrowers to repay their loans. Unexpected changes in economic, market, operating and other conditions in the U.S. and in the international markets could result in, among other things, greater than expected deterioration in credit quality of our loan portfolio or in the value of collateral securing these loans. Due to the inherent risk associated with accounting estimates, our ALLL and our reserve for losses associated with our unfunded credit commitments, which is determined using a similar methodology as that used to establish our ALLL, may not be adequate to absorb actual losses, and future provisions for such losses could have a material adverse effect on our business, results of operations, and financial condition.",1614,1069157,https://www.sec.gov/Archives/edgar/data/1069157/000106915726000009/ewbc-20251231.htm,
financial,,,,y,,764038_FY2024_016,SSB,2024,16,Risks relating to our Business and Business Strategy,We are subject to the risk of default by our clients and counterparties.,"Many of our transactions expose us to credit risk if counterparties or clients default on their obligations. This risk increases if the collateral cannot be liquidated or is sold at a price insufficient to cover the full loan. When engaging in credit transactions, we rely on representations and information provided by counterparties and clients, such as financial statements, credit reports, and other disclosures. If the information or representations are inaccurate, our ability to assess default risk effectively may be compromised, potentially leading to unfavorable transactions that could impact our financial condition and results of operations.",726,764038,https://www.sec.gov/Archives/edgar/data/764038/000155837025001274/ssb-20241231x10k.htm,Acquired Independent Bank Group January 
operational,,,,n,,715072_FY2025_018,RNST,2025,18,Risks Related to Our Business,"A failure or breach of our communications and information security systems, or those of our vendors and customers, and cybersecurity incidents, including cyber-attacks, could disrupt our business, result in the disclosure or misuse of confidential or proprietary information, damage our reputation and create significant financial and legal exposure for us.","The Company, our vendors (inclusive of vendors to our vendors) and our customers rely heavily on communications and information security systems to securely and reliably process, record, transmit and monitor confidential and other information through our and their computer systems and networks. Our operational systems, including, among other things, deposit and loan servicing, online and mobile banking, wealth management, accounting and data processing, could be materially adversely impacted by a failure, interruption or breach in the security or integrity of any of these systems, including systems under the control of vendors. As a financial institution, the Company is subject to ongoing threats to its systems, software, networks and other technology that originate from various sources, including our employees, cyber-criminals, hacktivists, groups linked to terrorist organizations or hostile countries, and third parties aiming to disrupt financial institutions more generally. Information security threats include computer hacking involving the introduction of computer viruses or malicious code known as “malware” into the Company’s systems, cyber-attacks, identity theft, electronic fraudulent activity and attempted theft of financial assets. These threats, which are designed to obtain unauthorized access to confidential information belonging to the Company or its customers, manipulate or destroy data or systems, disrupt service on the Company’s systems, or steal money through the use of “ransomware” or unauthorized funds transfers, are increasing in frequency and sophistication and are often facilitated by AI tools. In addition, our systems are threatened by unpredictable events such as terrorist attacks, power outages or tornadoes or other natural disasters. The Company may not be able to effectively implement, develop and manage critical systems and information technology infrastructure to facilitate strategic business initiatives, which could impair our ability to achieve financial, operational, compliance and strategic objectives and negatively affect our business, financial condition or results of operations. We have invested a significant amount of time and expense in security infrastructure investments and the development of policies and procedures governing our operations as well as in employee training and the monitoring of our vendors, in our efforts to preserve the security, integrity and continuity of our operations from the aforementioned threats. As described in the next paragraph, however, we have experienced security incidents and cyber-attacks, although none have materially impacted the Company. Importantly, though, due to the difficulty in anticipating, detecting and recognizing threats to the Company’s systems, coupled with the fact that we do not have control over the information security systems of customers, vendors and third parties, we can provide no assurances that our systems, or our vendor’s or customer’s systems, will not experience in the future any material failures, interruptions or security breaches of our communications and information securities systems or that, if any such failures, interruptions or breaches occur, they will be addressed in a timely and adequate manner. A successful penetration or circumvention of our security systems or other significant disruption of our information systems or those of customers, vendors or other third parties, including as a result of cyber-attacks, could (i) significantly and adversely impact our operations or those of our customers by disrupting our networks and systems; (ii) result in the unauthorized access to, and destruction, loss, theft, misappropriation or release of confidential, sensitive or otherwise valuable information and the use of such information to process fraudulent transactions; (iii) result in a violation of applicable privacy, data breach and other laws, subjecting the Company to additional regulatory scrutiny and exposure to civil litigation, criminal penalties, governmental fines or sanctions or financial liability; (iv) require significant management attention and resources to respond, remediate or remedy the damages that result; and/or (v) harm the reputation of or cause a loss of confidence in, the Company, in turn resulting in a decrease in the number of customers that choose to do business with the Company. Further, the extent of a particular failure, interruption or security breach of our communications and information securities systems, and the steps that the Company may need to take to investigate and remedy the matter, may not be immediately clear, and it may take a significant amount of time before such an investigation or determination, judicial or otherwise, can be completed. The occurrence of any of the foregoing could have a material adverse effect on our business, financial condition, results of operations or profitability. This in turn could result in financial losses to us or our customers, lasting damage to our reputation, the violation of privacy or other laws and significant litigation risk, all of which could have a material adverse effect on our financial condition and results of operations. The Company has experienced security incidents and cyber-attacks in the past, although to date none of these attacks has materially impacted the Company. For example, beginning in May 2023, the Company began receiving notices from a number of its vendors regarding data breaches related to the MOVEit Transfer software suffered by the vendor or a vendor to such vendor (the Company itself did not use the software). The data breaches experienced by these vendors involved the names, account numbers, Social Security numbers and other nonpublic personal information of a relatively small number of our customers. For each incident, the Company caused notices of the data breach to be delivered to impacted clients and notified federal and state regulatory authorities about the incident. The relevant vendors also offered complementary credit monitoring services to consumer customers. The Company has also heightened its monitoring of the vendors’ efforts to strengthen their information security infrastructure and prevent any further unauthorized access to its systems. Nonetheless, it is inevitable that additional attacks will occur in the future, which may result in security breaches. Future security breaches could result in serious and harmful consequences for the Company or its clients and customers.",6872,715072,https://www.sec.gov/Archives/edgar/data/715072/000071507226000017/rnst-20251231.htm,
strategic,,,,y,,910073_FY2025_033,FLG,2025,33,Operational Risks,"Failure to keep pace with technological changes, including developments in digital assets such as stable coins and related payment technologies, could have a material adverse impact on our ability to compete for loans and deposits, and therefore on our financial condition and results of operations.","Financial products and services have become increasingly technology driven. Our ability to meet the needs of our customers competitively, and in a cost-efficient manner, is dependent on our ability to keep pace with technological advances and invest in new technology as it becomes available. Many of our competitors have greater resources than we do and may be better equipped to invest in and market new technology-driven products and services. In addition, in cases where we rely on technology that is the product of third-party intellectual property, such technology may not be available to us on commercially reasonably terms or at all. Moreover, if another person or entity were deemed to own intellectual property rights that were infringed upon by our activities, we could be responsible for significant damages and be forced to incur significant expenses if we sought to continue to engage in these types of activities and may also be prevented from using technology important to our business for at least some period of time.",1334,910073,https://www.sec.gov/Archives/edgar/data/910073/000091007326000025/fbc-20251231.htm,"Rename was cosmetic, but Flagstar Bank a"
regulatory,,,,n,,1015328_FY2023_026,WTFC,2023,26,Legal and Regulatory Risks,Regulatory initiatives regarding bank capital requirements may require heightened capital.,"The U.S. Basel III Rule, as well as other aspects of current or proposed regulatory or legislative changes to laws applicable to banking organizations, have increased our compliance costs, impacted the profitability of our business activities and may change certain of our business practices, including the ability to offer new products, obtain financing, attract deposits, make loans, and achieve satisfactory interest spreads, and could expose us to additional costs, including increased compliance costs. These changes also may require us to invest significant management attention and resources to make any necessary changes to operations in order to comply, and could therefore also materially and adversely affect our business, financial condition and results of operations. Our ability to engage in capital distributions, including paying dividends or repurchasing stock, may be restricted if we do not maintain the required Capital Conservation Buffer. In addition, we anticipate that our pro forma capital ratios will be an important factor considered by the Federal Reserve in evaluating whether proposed payments of dividends or stock repurchases are consistent with its prudential expectations. For more information regarding capital requirements, see “Capital Requirements of the Company and Subsidiary Banks” under Supervision and Regulation in Item 1.",1456,1015328,https://www.sec.gov/Archives/edgar/data/1015328/000101532824000083/wtfc-20231231.htm,
operational,,,,y,,35527_FY2022_015,FITB,2022,15,OPERATIONAL RISKS,Fifth Third may experience operational disruption from the effects of climate change.,"Fifth Third faces operational risk from the effects of climate change as an increase in severe weather may cause closures, damage to infrastructure, or damage to Fifth Third’s physical locations that may disrupt the physical operation of the Bancorp. These interruptions may impair Fifth Third’s ability to operate and may interfere with its ability to carry out business and serve clients and customers.",489,35527,https://www.sec.gov/Archives/edgar/data/35527/000003552723000122/fitb-20221231.htm,
strategic,,,,y,,90498_FY2022_041,SFNC,2022,41,General Risk Factors,Our management has broad discretion over the use of proceeds from future stock offerings.,"Although we generally indicate our intent to use the proceeds from stock offerings for general corporate purposes, including funding internal growth and selected future acquisitions, our Board of Directors retains significant discretion with respect to the use of the proceeds from possible future offerings. If we use the funds to acquire other businesses, there can be no assurance that any business we acquire will be successfully integrated into our operations or otherwise perform as expected.",587,90498,https://www.sec.gov/Archives/edgar/data/90498/000162828023005228/sfnc-20221231.htm,
operational,,,,n,,1504008_FY2022_004,BKU,2022,4,Strategic Risk,We depend on our executive officers and key personnel to execute our long-term business strategy and could be harmed by the loss of their services.,"We believe that our continued growth and future success will depend in large part on the skills of our senior management team and other key personnel. We believe our senior management team possesses valuable knowledge about and experience in the banking industry and that their knowledge and relationships could be difficult to replicate. The composition of our senior management team and our other key personnel may change over time. While we are currently finalizing and expect to successfully enter into a new contract with our Chairman, President and Chief Executive Officer, the term of the existing employment contract expired on December 31, 2022 and a result is currently an at-will employment relationship. Other members of our senior management team are not subject to employment agreements. Our success also depends on the experience of other key personnel and on their relationships with the customers and communities they serve. The loss of service of one or more of our executive officers or key personnel, or the inability to recruit and retain qualified personnel in the future, could have an adverse effect on our business, financial condition or operating results.",1329,1504008,https://www.sec.gov/Archives/edgar/data/1504008/000150400823000007/bku-20221231.htm,
operational,,,,n,,750577_FY2024_016,HWC,2024,16,Risks Related to Our Operations,"Our operational and communications systems and infrastructure may fail or may be the subject of a breach or cyber-attack that, if successful, could adversely affect our business and disrupt business continuity.","We depend on our ability to process, record and monitor a large number of client transactions and to communicate with clients and other institutions on a continuous basis. Our clients depend on us for access to their assets and account information. Our online, business, financial, accounting, data processing, or other operating systems and facilities may stop operating properly or become disabled or damaged as a result of a number of factors, including events that are wholly or partially beyond our control. For example, there could be sudden increases in client transaction volume; electrical or telecommunications outages; natural disasters such as earthquakes, tornadoes, floods, and hurricanes; pandemics; events arising from local or larger scale political or social matters, including terrorist acts; occurrences of employee error, fraud, or malfeasance; and, as described below, cyber-attacks. Furthermore, for most financial institutions, transitioning from existing systems and software (or transitioning legacy systems and software) to a new provider is a significant and expensive undertaking and includes a number of risks, including crashes and system downtime, transition costs, decreased productivity, security risk, and legal and regulatory compliance risks. Although we have response plans, business continuity plans and other safeguards in place, our operations and communications may be adversely affected by significant and widespread disruption to our systems and infrastructure that support our businesses and clients. While we continue to evolve and modify our response and business continuity plans, there can be no assurance in an escalating threat environment that they will be effective in avoiding disruption and business impacts. Our insurance may not be adequate to compensate us for all resulting losses, and the cost to obtain adequate coverage may continue to increase for us or the industry. Security risks for financial institutions such as ours have dramatically increased in recent years, in part because of the proliferation of new technologies, the use of the internet and telecommunications technologies to conduct financial transactions, and the increased sophistication, resources and activities of hackers, terrorists, activists, organized crime, and other external parties, including nation state actors. In addition, clients may use devices or software to access our products and services that are beyond our control environment, which may provide additional avenues for attackers to gain access to confidential information. Although we have information security procedures and controls in place, certain of our technologies, systems, networks, and clients’ devices and software have in the past and in the future likely will continue to be the target of cyber-attacks or information security breaches that could result in the unauthorized release, gathering, monitoring, use, loss, change or destruction of our or our clients’ confidential, proprietary and other information (including personal identifying information of individuals), or otherwise disrupt our or our clients’ or other third parties’ business operations. From time to time, we, like other financial institutions, become aware of information security vulnerabilities in software emanating from outside vendors and must take active steps to mitigate and prevent the potential exploitation of such vulnerabilities. Further, U.S. financial institutions and financial services companies will continue to face breaches in security of their websites or other systems, including attempts to shut down access to their networks and systems in an attempt to extract compensation from them to regain control. Financial institutions have also experienced, and will continue to be the target of, distributed denial-of-service attacks, a sophisticated and targeted attack intended to disable or degrade internet service or to sabotage systems. We and others in our industry are, and will continue to be, regularly the subject of attempts by attackers to gain unauthorized access to our networks, systems, data and other infrastructure, or to obtain, change, or destroy confidential data (including personal identifying information of individuals) through a variety of means, including computer hacking, acts of vandalism or theft, malware, computer viruses or other malicious codes, phishing, employee error or malfeasance, catastrophes, unforeseen events or other cyber-attacks. In the future, these attacks may result in unauthorized individuals obtaining material access to our confidential information or that of our clients, or otherwise materially accessing, damaging, or disrupting our systems or infrastructure. To date, we have seen no material adverse impact on our business or operations from cyber-attacks or events. Any future significant compromise or breach of our data security, whether external or internal, or misuse of customer, associate, supplier or Company data, could result in significant disruption of our operations, reimbursement and other costs, lost sales, fines, lawsuits and other legal exposure, a loss of trust in us on the part of our clients, vendors or other counterparties, client attrition and damage to our reputation. Any of these could materially and adversely affect our results of operations, our financial condition, and/or our share price. However, the ever-evolving threats mean we and our third-party service providers and vendors must continually evaluate and adapt our respective systems and processes and overall security environment, as well as those of any companies we acquire. We are continuously enhancing our controls, processes and practices designed to protect our networks, systems, data and other infrastructure from attack, damage or unauthorized access. This continued enhancement will require us to expend additional resources, including to investigate and remediate any information security vulnerabilities that may be detected. Despite our ongoing investments in security resources, talent, and business practices, there is no guarantee that these measures will be adequate to safeguard against all data security breaches, system compromises or misuses of data.",6439,750577,https://www.sec.gov/Archives/edgar/data/750577/000095017025028009/hwc-20241231.htm,
financial,,,,n,,883948_FY2022_000,AUB,2022,0,Lending Activities,"Our ACL may prove to be insufficient to absorb credit losses in our loan portfolio, which may adversely affect our business, financial condition, and results of operations.","Our success depends significantly on the quality of our assets, particularly loans. Like all financial institutions, we are exposed to the risk that our borrowers may not repay their loans according to their terms, and the collateral securing the payment of these loans may be insufficient to fully compensate us for the outstanding balance of the loan plus the costs to dispose of the collateral. We maintain an ACL, which includes the ALLL, at a level we believe is adequate to absorb expected losses in our loan portfolio as of the corresponding balance sheet date. The process to determine the ACL uses models and assumptions that require us to make difficult and complex judgments that are often interrelated. This includes forecasting how borrowers will perform in changing and unprecedented economic conditions. The ability of our borrowers to repay their obligations will likely be impacted by changes in future economic conditions, which in turn could impact the accuracy of our loss forecasts and allowance estimates. There is also the possibility that we have failed or will fail to accurately identify the appropriate economic indicators, to accurately estimate the timing of future changes in economic conditions, or to estimate accurately the impacts of future changes in economic conditions to our borrowers, which similarly could impact the accuracy of our loss forecasts and allowance estimates. If the models, estimates, and assumptions we use to establish reserves or the judgments we make in extending credit to our borrowers prove inaccurate in predicting future events, we may suffer unexpected losses. The ACL is our best estimate of expected credit losses; however, there is no guarantee that it will be sufficient to address credit losses, particularly if the economic outlook deteriorates significantly and quickly. In such an event, we may increase our ACL, which would reduce our earnings. Additionally, to the extent that economic conditions worsen, impacting our consumer and commercial borrowers or underlying collateral, and credit losses are worse than expected, as may be caused by persistent inflation, an economic recession or otherwise, we may increase our provision for loan losses, which could have an adverse effect on our results of operations and could negatively impact our financial condition.",2509,883948,https://www.sec.gov/Archives/edgar/data/883948/000088394823000027/aub-20221231x10k.htm,
regulatory,,,,y,,729986_FY2022_002,UBSI,2022,2,REGULATORY AND LITIGATION RISKS,"The Consumer Financial Protection Bureau (“CFPB”) may reshape the consumer financial laws through rulemaking and enforcement of the prohibitions against unfair, deceptive and abusive business practices. Compliance with any such change may impact the business operations of depository institutions offering consumer financial products or services, including United Bank","The CFPB has broad rulemaking authority to administer and carry out the provisions of the Dodd-Frank Act with respect to financial institutions that offer covered financial products and services to consumers. The CFPB has also been directed to write rules identifying practices or acts that are unfair, deceptive or abusive in connection with any transaction with a consumer for a consumer financial product or service, or the offering of a consumer financial product or service. The concept of what may be considered to be an “abusive” practice is relatively new under the law. Moreover, United Bank is supervised and examined by the CFPB for compliance with the CFPB’s regulations and policies. The costs and limitations related to this additional regulatory reporting regimen have yet to be fully determined, although they may be material and the limitations and restrictions that will be placed upon United Bank with respect to its consumer product offering and services may produce significant, material effects on United Bank (and United’s) profitability.",1429,729986,https://www.sec.gov/Archives/edgar/data/729986/000119312523056045/d426237d10k.htm,
regulatory,,,,n,,46195_FY2025_029,BOH,2025,29,General Risk Factors,"We are subject to certain litigation, and our expenses related to this litigation may adversely affect our results.","We are, from time to time, involved in various legal proceedings arising from our normal business activities. These claims and legal actions, including supervisory actions by our regulators, could involve large monetary claims and significant defense costs. The outcome of these cases is uncertain. Substantial legal liability or significant regulatory action against us could have material financial effects or cause significant reputational harm to us, which in turn could seriously harm our business prospects. In recent years, regulatory enforcement and fines have increased across the banking and financial services sector. There is no assurance that those actions will not result in regulatory settlements or other enforcement actions against the Company or the Bank. Furthermore, a single event involving a potential violation of law or regulation may give rise to numerous and overlapping investigations and proceedings by multiple federal and state agencies and officials. In addition, if one or more financial institutions are found to have violated a law or regulation relating to certain business activities, this could lead to investigations by regulators or other governmental agencies of the same or similar activities by other financial institutions, including the Company, and large fines and remedial measures that may have been imposed in resolving earlier investigations for the same or similar activities at other financial institutions may be used as the basis for future settlements. We may be exposed to substantial uninsured liabilities, which could materially affect our results of operations and financial condition. Based on information currently available, we believe that the eventual outcome of known actions against us will not be materially in excess of such amounts accrued by us. However, in the event of unexpected future developments, it is possible that the ultimate resolution of those matters may be material to our financial results for any particular period. See Note 19 in Item 8. “Notes to the Consolidated Financial Statements” under the discussion related to Contingencies for more information.",2255,46195,https://www.sec.gov/Archives/edgar/data/46195/000004619526000015/boh-20251231.htm,
financial,,,,y,,811830_FY2024_040,,2024,40,Bu siness and Industry Risks,The financial problems our customers face could adversely affect us.,"Market turmoil and economic recession could materially and adversely affect the liquidity, businesses and/or financial condition of our borrowers, which could in turn increase our NPL ratios, impair our loan and other financial assets and result in decreased demand for borrowings in general. Any of the conditions described above could have a material adverse effect on our business, financial condition and results of operations.",499,811830,https://www.sec.gov/Archives/edgar/data/811830/000081183025000012/sov-20241231.htm,
strategic,,,,n,,1488813_FY2025_015,CUBI,2025,15,Risks Related to the Bancorp’s Banking Operations,"We face significant competition from other financial institutions and financial services providers, which may materially and adversely affect us.","Commercial and consumer banking is highly competitive. Changes in market interest rates and pricing decisions by our loan and deposit competitors may adversely affect demand for our loan and deposit products and the revenue realized on the sale of loans, and ultimately reduce our net income. Our markets contain a large number of community and regional banks as well as a significant presence of the country’s largest commercial banks. We compete with other state and national financial institutions, including savings and loan associations, savings banks and credit unions, for deposits and loans. In addition, we compete with financial intermediaries, such as consumer finance companies, private credit funds, mortgage banking companies, insurance companies, securities firms, mutual funds and several government agencies, as well as major retailers and fintech companies, in providing various types of loans and other financial services. We also face emerging competition for deposits from tokenized deposits and stablecoins. Some of these competitors may have a long history of successful operations in our markets, greater ties to local businesses and more expansive banking relationships, as well as better established depositor bases. Competitors may also have greater resources and access to capital and may possess other advantages such as operating more branches and ATMs and conducting extensive promotional and advertising campaigns or operating a more developed online presence. Competitors may also be subject to less restrictive regulation than we are, exhibit a greater tolerance for risk and behave more aggressively with respect to pricing in order to increase their market share. We expect to drive organic growth by employing our single-point-of-contact strategy, which provides specific relationship managers or private bankers for all customers, and by focusing on our corporate and specialized banking verticals and our specialized product offerings, such as cubiX. Many of our competitors provide similar services, and others may replicate our model. Our competitors may have greater resources than we do and may be able to provide similar services more quickly, efficiently and extensively. To the extent others replicate our model, we could lose what we view as a competitive advantage, and our financial condition and results of operations may be adversely affected. The financial services industry could become even more competitive as a result of legislative, regulatory and technological changes and continued consolidation. Increased competition among financial services companies due to the ongoing consolidation of certain competing financial institutions and relaxing of regulatory burden may adversely affect our ability to effectively market our products and services. Technological advances have lowered barriers to entry and made it possible for banks to compete in our market without a retail footprint by offering competitive rates, as well as non-banks to offer products and services traditionally provided by banks. Our ability to compete successfully depends on a number of factors, including, among others: the ability to develop, maintain and build upon long-term customer relationships based on high quality, personal service, effective and efficient products and services, high ethical standards and safe and sound assets; the quality, scope, relevance and competitive pricing of products and services offered to meet customer needs and demands; the ability to provide customers with maximum convenience of access to services and availability of banking representatives; the ability to attract and retain highly qualified team members to operate our business; the ability to expand our market position in current and new markets; customer access to our decision makers and customer satisfaction with our level of service; the ability to effectively manage our regulatory, compliance, legal, reputation and enterprise risk; and the ability to operate our business effectively and efficiently. Failure to perform in any of these areas could significantly weaken our competitive position, which could materially and adversely affect us. In addition, the financial services industry is undergoing rapid technological changes, with frequent introductions of new technology-driven products and services including artificial intelligence, internet services, cryptocurrencies and payment systems. In addition to improving the ability to serve customers, the effective use of technology increases efficiency and enables financial institutions to reduce long-term costs. These technological advancements also have made it possible for non-financial institutions, such as the “fintech companies” and market place lenders, to offer products and services that have traditionally been offered by financial institutions. The process of “disintermediation,” or removing banks from their traditional role as financial intermediaries, could result in loss of customer deposits and other sources of revenue, which could have a material adverse effect on our financial condition and results of operations. Further, in many cases fintech companies and similar non-bank financial service firms, unlike the Bank, are not subject to extensive regulation and supervision. The absence of significant oversight and regulatory compliance obligations may allow such companies to realize certain competitive advantages over us, which has resulted in increased competition for our customers’ business. Federal and state banking agencies continue to deliberate over the regulatory treatment of fintech companies, including whether the agencies are authorized to grant charters or licenses to such companies and whether it would be appropriate to do so in consideration of several regulatory and economic factors. The increased demand for, and availability of, alternative payment systems and currencies not only increases competition for such services, but has created a more complex operating environment that, in certain cases, may require additional or different controls to manage fraud, operational, legal and compliance risks.",6293,1488813,https://www.sec.gov/Archives/edgar/data/1488813/000148881326000029/cubi-20251231.htm,
financial,,,,y,,22356_FY2023_008,CBSH,2023,8,Liquidity and Capital Risks,"Commerce Bancshares, Inc. relies on dividends from its subsidiary bank for most of its revenue.","Commerce Bancshares, Inc. is a separate and distinct legal entity from its banking and other subsidiaries. It receives substantially all of its revenue from dividends from its subsidiary bank. These dividends, which are limited by various federal and state regulations, are the principal source of funds to pay dividends on its common stock and to meet its other cash needs. In the event the subsidiary bank is unable to pay dividends, the Company may not be able to pay dividends or other obligations, which would have a material adverse effect on the Company's financial condition and results of operations.",704,22356,https://www.sec.gov/Archives/edgar/data/22356/000002235624000013/cbsh-20231231.htm,
operational,,,,n,,910073_FY2022_015,FLG,2022,15,Legal/Compliance Risks,"Our enterprise risk management framework may not be effective in mitigating the risks to which we are subject, based upon the size, scope, and complexity of the Company.","As a financial institution, we are subject to a number of risks, including interest rate, credit, liquidity, legal/compliance, market, strategic, operational, and reputational. Our ERM framework is designed to minimize the risks to which we are subject, as well as any losses stemming from such risks. Although we seek to identify, measure, monitor, report, and control our exposure to such risks, and employ a broad and diverse set of risk monitoring and mitigation techniques in the process, those techniques are inherently limited because they cannot anticipate the existence or development of risks that are currently unknown and unanticipated. For example, economic and market conditions, heightened legislative and regulatory scrutiny of the financial services industry, and increases in the overall complexity of our operations, among other developments, have resulted in the creation of a variety of risks that were previously unknown and unanticipated, highlighting the intrinsic limitations of our risk monitoring and mitigation techniques. As a result, the further development of previously unknown or unanticipated risks may result in our incurring losses in the future that could adversely impact our financial condition and results of operations. Furthermore, an ineffective ERM framework, as well as other risk factors, could result in a material increase in our FDIC insurance premiums.",1571,910073,https://www.sec.gov/Archives/edgar/data/910073/000095017023005505/nycb-20221231.htm,"Rename was cosmetic, but Flagstar Bank a"
financial,,,,n,,36270_FY2021_026,MTB,2021,26,Liquidity Risk,The Company must maintain adequate sources of funding and liquidity.,"The Company must maintain adequate funding sources in the normal course of business to support its operations and fund outstanding liabilities, as well as meet regulatory requirements and supervisory expectations. The Company primarily relies on deposits to be a low cost and stable source of funding for the loans it makes and the operations of its business. Core customer deposits, which include noninterest-bearing deposits, interest-bearing transaction accounts, savings deposits and time deposits of $250,000 or less, have historically provided the Company with a sizeable source of relatively stable and low-cost funds. In addition to customer deposits, sources of liquidity include borrowings from securities dealers, various Federal Home Loan Banks and the Federal Reserve Bank of New York, as well as the debt and equity capital markets. The Company’s liquidity and ability to fund and operate the business could be materially adversely affected by a variety of conditions and factors, including financial and credit market disruptions and volatility or a lack of market or customer confidence in financial markets in general, which may result in a loss of customer deposits or outflows of cash or collateral and/or ability to access capital markets on favorable terms. Negative news about the Company or the financial services industry generally may reduce market or customer confidence in the Company, which could in turn materially adversely affect the Company’s liquidity and funding. Such reputational damage may result in the loss of customer deposits, the inability to sell or securitize loans or other assets, and downgrades in one or more of the Company’s credit ratings, and may also negatively affect the Company’s ability to access the capital markets. A downgrade in the Company’s credit ratings, which could result from general industry-wide or regulatory factors not solely related to the Company, could adversely affect the Company’s ability to borrow funds, including by raising the cost of borrowings substantially, and could cause creditors and business counterparties to raise collateral requirements or take other actions that could adversely affect M&T’s ability to raise capital. Many of the above conditions and factors may be caused by events over which M&T has little or no control. There can be no assurance that significant disruption and volatility in the financial markets will not occur in the future. Regulatory changes relating to liquidity and risk management may also negatively impact the Company’s results of operations and competitive position. Various regulations have been adopted to impose more stringent liquidity requirements for large financial institutions, including the Company. These regulations address, among other matters, liquidity stress testing and minimum liquidity requirements. The application of certain of these regulations to banking organizations, such as the Company, have been modified, including in connection with the implementation of the tailoring rules in the EGRRCPA. While marginal relief from certain capital and liquidity standards has been afforded to the Company (such as relief from LCR compliance), overall capital and liquidity management practices and expectations will remain unchanged for the foreseeable future. If the Company is unable to continue to fund assets through customer bank deposits or access funding sources on favorable terms or if the Company suffers an increase in borrowing costs or otherwise fails to manage liquidity effectively, the Company’s liquidity, operating margins, financial condition and results of operations may be materially adversely affected. The Company may also need to raise additional capital and liquidity through the issuance of stock, which could dilute the ownership of existing stockholders, or reduce or even eliminate common stock dividends or share repurchases to preserve capital and liquidity.",3999,36270,https://www.sec.gov/Archives/edgar/data/36270/000156459022005400/mtb-10k_20211231.htm,
regulatory,,,,n,,1281761_FY2023_028,RF,2023,28,"Legal, Regulatory and Compliance Risks","We are, and may in the future be, subject to litigation, investigations and governmental proceedings that may result in liabilities adversely affecting our financial condition, business or results of operations or in reputational harm.","We and our subsidiaries are, and may in the future be, named as defendants in various class actions and other litigation, and may be the subject of subpoenas, reviews, requests for information, investigations, and formal and informal proceedings by government and self-regulatory agencies regarding our and their businesses and activities (including subpoenas, requests for information and investigations related to the activities of our customers). Any such matters may result in material adverse consequences to our results of operations, financial condition or ability to conduct our business, including adverse judgments, settlements, fines, penalties (including civil money penalties under applicable banking laws), injunctions, restitution, orders, restrictions on our business activities or other relief. Our involvement in any such matters, even if the matters are ultimately determined in our favor, could also cause significant harm to our reputation and divert management’s attention from the operation of our business. Further, any settlement, consent order or adverse judgment in connection with any formal or informal proceeding or investigation by government or self-regulatory agencies may result in additional litigation, investigations or proceedings as other litigants and government or self-regulatory agencies (including the inquiries mentioned above) begin independent reviews of the same businesses or activities. In general, the amounts paid by financial institutions in settlement of proceedings or investigations, including those relating to anti-money laundering matters or sales practices, have increased substantially and are likely to remain elevated. Regulators and other governmental authorities may also be more likely to pursue enforcement actions, or seek admissions of wrongdoing, in connection with the resolution of an inquiry or investigation to the extent a firm has previously been subject to other governmental investigations or enforcement actions. In some cases, governmental authorities have required criminal pleas or other extraordinary terms as part of such settlements, which could have significant collateral consequences for a financial institution, including loss of customers, restrictions on the ability to access the capital markets and the inability to operate certain businesses or offer certain products for a period of time. In addition, enforcement matters could impact our supervisory and CRA ratings, which may in turn restrict or limit our activities. Additional information relating to our litigation, investigations and other proceedings is discussed in Note 23 “Commitments, Contingencies and Guarantees” to the consolidated financial statements of this Annual Report on Form 10-K.",2982,1281761,https://www.sec.gov/Archives/edgar/data/1281761/000128176124000010/rf-20231231.htm,
financial,,,,n,,936528_FY2024_022,WAFD,2024,22,Market and Industry Risks,"Recent negative developments affecting the banking industry, and resulting media coverage, have eroded customer confidence in the banking system.","The high-profile bank failures of 2023 generated significant market volatility among publicly traded bank holding companies and, in particular, regional banks like the Company. These market developments also negatively impacted customer confidence in the safety and soundness of regional banks. While the Department of the Treasury, the FRB, and the FDIC took steps to ensure that depositors of the failed banks would have access to their deposits, including uninsured deposit accounts, there is no guarantee that such actions will be successful in restoring customer confidence in regional banks and the banking system more broadly. If other bank failures occur and financial institutions enter receivership or become insolvent in the future due to financial conditions affecting the banking system and financial markets, it could disrupt the financial services industry and customers may choose to maintain deposits with larger financial institutions or invest in higher yielding short-term fixed income securities, all of which could materially adversely impact the Company’s liquidity, loan funding capacity, net interest margin, capital and results of operations. As a result of the bank failures, the FDIC imposed a special assessment to recoup losses to the deposit fund. If additional bank failures were to occur, we could face increased regulation of our industry, including increased compliance costs and limitations on our ability to pursue business opportunities; significantly higher Federal Deposit Insurance Corporation premiums or additional special assessments; adverse impacts on our stock price and volatility of our Common Stock; and increased competition for deposits due to a lack of consumer confidence in regional banks. If these conditions or similar ones continue to exist or worsen, we could experience continuing or increased adverse effects on our financial condition.",2042,936528,https://www.sec.gov/Archives/edgar/data/936528/000093652824000164/wfsl-20240930.htm,Acquired Luther Burbank Corporation earl
financial,,,,y,,700564_FY2021_034,FULT,2021,34,GENERAL RISK FACTORS.,"Our future growth may require us to raise additional capital in the future, but that capital may not be available when it is needed or may be available only at an excessive cost.","We are required by regulatory agencies to maintain adequate levels of capital to support our operations. We anticipate that current capital levels will satisfy regulatory requirements for the foreseeable future. We, however, may at some point choose to raise additional capital to support future growth. Our ability to raise additional capital will depend, in part, on conditions in the financial markets at that time that are outside of our control. Accordingly, we may be unable to raise additional capital, if and when needed, on terms acceptable to us, or at all. If the we cannot raise additional capital when needed, our ability to expand operations through internal growth and acquisitions could be materially impacted.",904,700564,https://www.sec.gov/Archives/edgar/data/700564/000070056422000010/fult-20211231.htm,
operational,,,,y,,1212545_FY2024_025,WAL,2024,25,Operational and Technological Risks,"A failure in or breach of our operational or security systems or infrastructure, or those of our third-party vendors and other service providers, including as a result of cyber-attacks, could disrupt our businesses, result in the disclosure or misuse of confidential or proprietary information, damage our reputation, increase our costs, and cause losses.","Our operations rely on the secure processing, storage, and transmission of confidential and other information. Moreover, a portion of our employees work remotely at least some of the time. Although we take numerous protective measures to maintain the confidentiality, integrity, and security of our customers’ information across all geographies and product lines, and endeavor to modify these protective measures as circumstances warrant, the nature of cyber threats continues to evolve. As a result, our computer systems, software, and networks and those of our customers and third-party vendors are, and are likely to continue to be vulnerable to unauthorized payments and account access, loss or destruction of data (including confidential client information), account takeovers, unavailability of service, computer viruses or other malicious code, cyber-attacks, and other events that could have an adverse security impact and result in significant losses to us and/or our customers. These threats may originate externally from increasingly sophisticated third parties, including foreign governments, organized criminal groups, and other hackers, or from outsourced or infrastructure-support providers and application developers, or the threats may originate from within our organization. For example, we recently became aware that a threat actor obtained unauthorized access to files transferred through a third-party secure file transfer software used by WAB, as further described under Item 9B “Other Information” of this Form 10-K. We also face the risk of operational disruption, failure, termination, or capacity constraints of any of the third parties that facilitate our business activities, including vendors, exchanges, clearing agents, clearing houses, or other financial intermediaries. Such parties could also be the source or cause of an attack on, or breach of, our operational systems, data or infrastructure. The rapid evolution and increased adoption of artificial intelligence technologies has also given rise to additional vulnerabilities and potential entry points for cyber threats. In addition, we may be at risk of an operational failure with respect to our customers’ systems. Our risk and exposure to these matters remains heightened because of, among other things, the evolving nature of these threats, the outsourcing of many of our business operations, and the continued uncertain global economic environment. As cyber threats continue to evolve, we may be required to expend significant additional resources to continue to modify or enhance our protective measures or to investigate and remediate any information security vulnerabilities. We maintain insurance policies that we believe provide reasonable coverage for an institution of our size and scope with similar technological systems. However, we cannot assure that these policies will afford coverage for all possible losses or would be sufficient to cover all financial losses, damages, or penalties, including lost revenues, should we experience any one or more of our or a third party’s systems failing or experiencing an attack.",3478,1212545,https://www.sec.gov/Archives/edgar/data/1212545/000121254525000090/wal-20241231.htm,
financial,,,,y,,868671_FY2021_005,GBCI,2021,5,Economy and Our Markets,There can be no assurance we will be able to continue paying dividends on our common stock at recent levels.,"We may not be able to continue paying quarterly dividends commensurate with recent levels given that our ability to pay dividends on our common stock depends on a variety of factors. The payment of dividends is subject to government regulation in that regulatory authorities may prohibit banks and bank holding companies from paying dividends that would constitute an unsafe or unsound banking practice. This is heavily based on our earnings and capital levels which currently are strong. Current guidance from the Federal Reserve provides, among other things, that dividends per share should not exceed earnings per share measured over the previous four fiscal quarters. In certain circumstances, Montana law also places limits or restrictions on a bank’s ability to declare and pay dividends. As a result, our future dividends will generally depend on the level of earnings at the Bank.",996,868671,https://www.sec.gov/Archives/edgar/data/868671/000086867122000053/gbci-20211231.htm,
operational,,,,y,,90498_FY2025_029,SFNC,2025,29,Risks Related to the Company’s Operations,"We depend on qualified employees and key personnel to operate and lead our business, and we may not be able to attract or retain them in the future.","A critical component of our success is the ability to attract, develop and retain highly qualified, skilled lending, operations, information technology, and other employees, as well as managers who are experienced and effective at leading their respective departments. We have an experienced group of senior management and other key personnel that our board of directors believes is capable of managing and growing our business. In many areas of the financial services industry, competition for key personnel is fierce, and the departure of those individuals from our business presents risk that we will be unable to attract, develop and retain suitable successors, which could have a material, adverse impact on our competitive position in the marketplace.",905,90498,https://www.sec.gov/Archives/edgar/data/90498/000162828026011618/sfnc-20251231.htm,
regulatory,,,,y,,715072_FY2024_031,RNST,2024,31,Risks Relating to the Merger with The First,"Regulatory approvals may not be received, may take longer than expected or may impose conditions that are not presently anticipated, cannot be met, or that could have an adverse effect on the combined company following the consummation of the merger with The First.","Before the merger with The First may be completed, various approvals, consents and/or non-objections must be obtained from bank regulatory authorities, including the Federal Reserve, FDIC, and the DBCF. Additionally, the U.S. Department of Justice has between 15 and 30 days following approval of the merger by the Federal Reserve and FDIC, respectively, to challenge the approval on antitrust grounds. In determining whether to grant their approvals, the regulatory agencies consider a variety of factors, including the regulatory standing of each party. These approvals could be delayed or not obtained at all, including due to an adverse development in either party’s regulatory standing or in any other factors considered by regulators in granting such approvals; governmental, political or community group inquiries, investigations or opposition; or changes in legislation or the political or regulatory environment generally. The approvals that are granted may impose terms and conditions, limitations, obligations or costs, or place restrictions on the conduct of the combined company’s business or require changes to the terms of the merger. There can be no assurance that regulators will not impose any such conditions, limitations, obligations or restrictions and that such conditions, limitations, obligations or restrictions will not have the effect of delaying the completion of the merger, imposing additional material costs on or materially limiting the revenues of the combined company following the merger or otherwise reduce the anticipated benefits of the merger if the merger were consummated successfully within the expected timeframe. In addition, there can be no assurance that any such conditions, terms, obligations or restrictions will not result in the delay or abandonment of the merger. The completion of the merger is conditioned on the receipt of the requisite regulatory approvals without the imposition of any materially financially burdensome regulatory condition and the expiration of all statutory waiting periods. Additionally, the completion of the merger is conditioned on the absence of certain laws, orders, injunctions or decrees issued by any court or governmental entity of competent jurisdiction that would prevent, prohibit or make illegal the completion of the merger or any of the other transactions contemplated by the agreement governing the merger with The First. Our ongoing business and financial results may be adversely affected by a delay in receipt of necessary regulatory approvals, a denial of a regulatory application, or the imposition of a burdensome regulatory condition.",2899,715072,https://www.sec.gov/Archives/edgar/data/715072/000071507225000054/rnst-20241231.htm,
regulatory,,,,y,,90498_FY2021_024,SFNC,2021,24,Risks Related to the Company’s Operations,Accounting standards periodically change and the application of our accounting policies and methods may require management to make estimates about matters that are uncertain.,"The regulatory bodies that establish accounting standards, including, among others, FASB and the SEC, periodically revise or issue new financial accounting and reporting standards that govern the preparation of our consolidated financial statements. The effect of such revised or new standards on our financial statements can be difficult to predict and can materially impact how we record and report our financial condition and results of operations. For example, in June 2016, the FASB issued Accounting Standards Update (“ASU”) 2016-13, Measurement of Credit Losses on Financial Instruments , that substantially changed the accounting for credit losses and other financial assets held by banks, financial institutions and other organizations. The standard removed the existing “probable” threshold in generally accepted accounting principles (“US GAAP”) for recognizing credit losses and instead requires companies to reflect their estimate of credit losses over the life of the financial assets. Companies must consider all relevant information when estimating expected credit losses, including details about past events, current conditions, and reasonable and supportable forecasts. We adopted an optional three-year phase-in period for the day-one adverse regulatory capital impact upon adoption of the standard with the additional two year delay allowed by regulators in response to the COVID-19 pandemic. The adoption of the standard resulted in an overall material increase in the allowance for credit losses. However, the impact at adoption was influenced by our portfolios' composition and quality at the adoption date and economic conditions and forecasts at that time. In addition, our management must exercise judgment in appropriately applying many of our accounting policies and methods so they comply with generally accepted accounting principles. In some cases, management may have to select a particular accounting policy or method from two or more alternatives. In some cases, the accounting policy or method chosen might be reasonable under the circumstances and yet might result in our reporting materially different amounts than would have been reported if we had selected a different policy or method. Accounting policies are critical to fairly presenting our financial condition and results of operations and may require management to make difficult, subjective or complex judgments about matters that are uncertain.",2615,90498,https://www.sec.gov/Archives/edgar/data/90498/000162828022003933/sfnc-20211231.htm,
regulatory,,,,y,,887343_FY2022_024,COLB,2022,24,Interest Rate and Credit Risks,"Interest rates on certain of our outstanding financial instruments are subject to change based on regulatory developments, which could adversely affect our revenue, expenses and the value of those financial instruments.","LIBOR and certain other “benchmarks” are the subject of recent national, international and other regulatory guidance and proposals for reform. These reforms may cause such benchmarks to perform differently than in the past or have other consequences which cannot be predicted. The United Kingdom’s Financial Conduct Authority and the benchmark administrator for the U.S. Dollar LIBOR have announced that the publication of the most commonly used U.S. Dollar LIBOR settings will cease to be provided or cease to be representative after June 30, 2023. In March 2022, the U.S. Dollar Adjustable Interest Rate (LIBOR) Act (the “LIBOR Act”) was enacted, providing a uniform approach for replacing LIBOR as a reference interest rate in new contracts as soon as practicable and in so-called “tough legacy” contracts. Tough legacy contracts are contracts that do not include effective fallback provisions, for example, because they have no provisions for a replacement benchmark. Under the LIBOR Act, references to the most common tenors of LIBOR in these contracts will be replaced automatically to reference a SOFR-based benchmark interest rate identified in Federal Reserve regulations. In December 2022, the Federal Reserve issued final regulations identifying benchmark replacements, based on SOFR, for various types of contracts subject to the LIBOR Act. We may be adversely impacted by the changes involving LIBOR and other benchmark rates as a result of our business activities and our underlying operations, and interest rates on our loans, deposits, derivatives and other financial instruments tied to LIBOR rates, as well as the revenue and expenses associated with those financial instruments, may be adversely affected. There continues to be substantial uncertainty as to the ultimate effects of LIBOR transition, including with respect to the acceptance and use of SOFR or other alternative benchmark rates. The characteristics of these new rates are not identical to the benchmarks they seek to replace, will not produce the exact economic equivalent as those benchmarks, and may perform differently in a variety of market conditions compared to those benchmarks. For example, during the COVID-19 pandemic period, there has been more volatility in relation to SOFR as compared to LIBOR. The SOFR markets have not yet developed into robust markets, which may present continuing risks as the June 30, 2023 LIBOR cessation date approaches. At this time, it is not possible to predict whether these recommendations and proposals will be broadly accepted, whether they will continue to evolve, and what the effect of their implementation may be on the markets for floating-rate financial instruments.",2921,887343,https://www.sec.gov/Archives/edgar/data/887343/000088734323000072/colb-20221231.htm,
financial,,,,y,,109380_FY2021_007,ZION,2021,7,Liquidity Risk,Changes in sources of liquidity and capital and liquidity requirements may limit our operations and potential growth.,"Our primary source of liquidity is deposits from our customers, which may be impacted by market-related forces and a variety of other events. Liquidity requirements and sources are also subject to comprehensive supervision by the OCC and the FDIC. For information about how we manage liquidity risk, see “Liquidity Risk Management” on page 62 in MD&A.",468,109380,https://www.sec.gov/Archives/edgar/data/109380/000010938022000072/zions-20211231.htm,
regulatory,,,,y,,1212545_FY2025_035,WAL,2025,35,Legal and Compliance Risks,Regulatory compliance requirements and expense likely will increase when we reach $100 billion in assets.,"Regulatory requirements and associated costs generally increase based on a bank holding company’s consolidated asset tier. Upon exceeding the $100 billion in assets threshold, we will become subject to Category IV enhanced prudential standards. As of December 31, 2025, we had $92.8 billion in assets on a consolidated basis. Under such enhanced prudential standards, Category IV bank holding companies are subject to greater regulation and supervision, including, but not limited to: certain capital planning and stress testing and capital buffer requirements; supervisory capital stress testing conducted by the FRB biennially; and certain liquidity risk management and liquidity stress testing and buffer requirements. Our preparations for, and the application of, these enhanced prudential standards and resolution planning requirements for our depository institution could adversely affect our results of operations and financial performance through additional capital and liquidity requirements and increased compliance costs. While compliance costs associated with those and other Category IV regulations are expected to be substantial, we believe a considerable portion of these costs have already been incurred as we have proactively upgraded compliance systems, processes, and staffing in anticipation of surpassing the $100 billion asset mark.",1459,1212545,https://www.sec.gov/Archives/edgar/data/1212545/000162828026010336/wal-20251231.htm,
operational,,,,y,,700564_FY2024_024,FULT,2024,24,RISKS RELATED TO COMPETITION,Our ability to attract and retain qualified employees is critical to our success.,"Our employees are our most important resource. Competition for qualified personnel is intense in many areas of the financial services industry. We endeavor to attract talented new employees and retain and motivate our existing employees to assist in executing our growth, acquisition and business strategies. We also seek to retain proven, experienced senior employees augmented from time to time by external hires, to provide continuity of succession of our executive management team. Losses of or changes in our current executive officers or other key personnel, or the inability to recruit and retain qualified personnel in the future, could materially and adversely affect our financial condition and results of operations.",808,700564,https://www.sec.gov/Archives/edgar/data/700564/000070056425000014/fult-20241231.htm,
operational,,,,y,,203596_FY2023_022,WSBC,2023,22,RISKS RELATED TO THE USE OF TECHNOLOGY,WESBANCO DEPENDS ON THIRD PARTIES FOR PROCESSING AND HANDLING OF COMPANY RECORDS AND DATA.,"Wesbanco relies on software developed by third party vendors to process various transactions. These transactions include, but are not limited to, general ledger, payroll, employee benefits, trust record keeping, loan and deposit processing, merchant processing, and securities portfolio management. While Wesbanco performs a review of controls instituted by the vendors over these programs in accordance with industry standards and performs its own testing of user controls, Wesbanco must rely on the continued maintenance and improvement of these controls by the third party, including safeguards over the security of customer data. In addition, Wesbanco maintains backups of key processing output daily in the event of a failure on the part of any of these systems. Nonetheless, Wesbanco may incur a temporary disruption in its ability to conduct its business or process its transactions or incur damage to its reputation if the third party vendor, or the third party vendor’s subcontractor, fails to adequately maintain internal controls or institute necessary changes to systems. Such disruption or breach of security may have a material adverse effect on Wesbanco’s business, financial condition, and results of operations.",1318,203596,https://www.sec.gov/Archives/edgar/data/203596/000095017024020323/wsbc-20231231.htm,
operational,,,,y,,73124_FY2025_015,NTRS,2025,15,Operational Risks,"We are highly dependent on information technology systems and networks, many of which are operated by third parties, and any failures of, or disruptions to, our or such third parties’ technological systems or networks could materially and adversely affect our business.","Our business is dependent on our and third parties’ information technology systems and networks. Any failure, interruption or breach in the security of any such systems or networks could severely disrupt our operations and could subject us to liability claims, harm our reputation, interrupt our operations, or otherwise adversely affect our business, financial condition or results of operations. Additionally, our computer, communications, data processing, networks, backup, business continuity or other operating, information or technology systems, including those that we outsource to providers, may fail to operate properly or become disabled, overloaded or damaged as a result of a number of factors, including events that are wholly or partially beyond our control, which could have a negative effect on our ability to conduct our business activities. The third parties with which we do business also are susceptible to the foregoing risks (including regarding the third parties with which they are similarly interconnected or on which they otherwise rely), and our or their business operations and activities may therefore be affected adversely, perhaps materially, by failures, disruptions, terminations, software bugs or errors, natural disasters or malfeasance by, or attacks or constraints on, one or more financial, technology, infrastructure or government institutions or intermediaries with whom we or they are interconnected or conduct business. Our business interruption insurance may be inadequate to compensate us for all losses that may occur as a result of any system, network or operational failure or disruption.",1904,73124,https://www.sec.gov/Archives/edgar/data/73124/000007312426000016/ntrs-20251231.htm,
financial,,,,y,,1504008_FY2025_026,BKU,2025,26,Operational Risk,"The soundness of other financial institutions, particularly our financial institution counterparties, could adversely affect us.","Our ability to engage in routine funding and other transactions could be adversely affected by the stability and actions of other financial services institutions. Financial services institutions are interrelated as a result of trading, clearing, servicing, counterparty, and other relationships. We have exposure to an increasing number of financial institutions and counterparties. These counterparties include institutions that may be exposed to various risks over which we have little or no control. Adverse developments affecting the overall strength and soundness of the financial services industry as a whole and third parties with whom we have important relationships could have a negative impact on our business even if we are not directly subject to the same adverse developments.",917,1504008,https://www.sec.gov/Archives/edgar/data/1504008/000150400826000011/bku-20251231.htm,
strategic,,,,y,,351569_FY2025_001,ABCB,2025,1,Strategic Risk,"Our growth and financial performance may be negatively impacted if we are unable to successfully execute our growth plans, including with respect to any strategic acquisitions we may choose to pursue.","Economic conditions and other factors, such as our ability to identify appropriate markets for expansion, our ability to recruit and retain qualified personnel, our ability to fund earning asset growth at a reasonable and profitable level, sufficient capital to support our growth initiatives, competitive factors and banking laws, will impact our success. We may seek to supplement our internal growth through acquisitions. We cannot predict with certainty the number, size or timing of acquisitions, or whether any such acquisitions will occur at all. Our acquisition efforts have traditionally focused on targeted banking entities in markets in which we currently operate and markets in which we believe we can compete effectively, as well as non-bank entities that we feel can successfully supplement our existing lines of business. However, as consolidation of the financial services industry continues, the competition for suitable acquisition candidates may increase. We may compete with other financial services companies for both bank and non-bank acquisition opportunities, and many of these competitors have greater financial resources than we do and may be able to pay more for an acquisition than we are able or willing to pay. We also may need additional debt or equity financing in the future to fund acquisitions. We may not be able to obtain additional financing or, if available, it may not be in amounts and on terms acceptable to us. If we are unable to locate suitable acquisition candidates willing to sell on terms acceptable to us, or we are otherwise unable to obtain additional debt or equity financing necessary for us to continue making acquisitions, we would be required to find other methods to grow our business and may not grow at the same rate we have in the past, or at all. Generally, we must receive federal regulatory approval before we can acquire a bank or bank holding company. In determining whether to approve a proposed bank acquisition, federal bank regulators will consider, among other factors, the effect of the acquisition on the combined entity's competition, financial condition and future prospects. The regulators also review current and projected capital ratios and levels, the competence, experience and integrity of management and its record of compliance with laws and regulations, the convenience and needs of the communities to be served (including both institutions’ CRA performance history), and the effectiveness of the acquiring institution in combating money laundering activities. We cannot be certain when or if, or on what terms and conditions, any required regulatory approvals will be granted. We may also be required to sell banks or branches, raise capital and/or take other steps, as a condition to receiving regulatory approval, which condition may not be acceptable to us or, if acceptable to us, may reduce the benefits of any acquisition. In the past, we have utilized de novo branching in new and existing markets as a way to supplement our growth. De novo branching and any acquisition carry with it numerous risks, including the following: the inability to obtain all required regulatory approvals; significant costs and anticipated operating losses associated with establishing a de novo branch or a new bank; the inability to secure the services of qualified senior management; the local market may not accept the services of a new bank owned and managed by a bank holding company headquartered outside of the market area of the new bank; economic downturns in the new market; the inability to obtain attractive locations within a new market at a reasonable cost; and the additional strain on management resources and internal systems and controls. We have experienced to some extent many of these risks with our de novo branching to date.",4019,351569,https://www.sec.gov/Archives/edgar/data/351569/000035156926000050/abcb-20251231.htm,
strategic,,,,n,,203596_FY2024_019,WSBC,2024,19,OPERATIONAL RISKS,SUITABLE ACQUISITION OPPORTUNITIES MAY NOT BE AVAILABLE TO WESBANCO IN THE FUTURE.,"Wesbanco continually evaluates opportunities to acquire other businesses. However, Wesbanco may not have the opportunity to make suitable acquisitions on favorable terms in the future, which could negatively impact the growth of its business. Wesbanco expects that other banking and financial companies, many of which have significantly greater resources, will compete to acquire compatible businesses. This competition could increase prices for acquisitions that Wesbanco would likely pursue, and its competitors may have greater resources than it does. Also, acquisitions of regulated businesses such as banks are subject to various regulatory approvals. If Wesbanco fails to receive the appropriate regulatory approvals, it will not be able to consummate an acquisition that it believes is in its best interests. Wesbanco is exposed to multiple types of operational risk, including reputational risk, legal and compliance risk, the risk of fraud or theft by employees or outsiders, clerical or record-keeping errors and computer or telecommunications systems malfunctions. Wesbanco’s business is dependent on the ability to process a large number of increasingly complex transactions. Wesbanco could be materially and adversely affected if employees, clients, counterparties or other third parties caused an operational breakdown or failure, as a result of either human error, fraudulent manipulation or purposeful damage to any of our operations or systems.",1543,203596,https://www.sec.gov/Archives/edgar/data/203596/000095017025030795/wsbc-20241231.htm,
financial,,,,y,,351569_FY2022_000,ABCB,2022,0,RISKS RELATED TO OUR COMPANY AND INDUSTRY,Our revenues are highly correlated to market interest rates.,"Our assets and liabilities are primarily monetary in nature, and as a result, we are subject to significant risks tied to changes in interest rates. Our ability to operate profitably is largely dependent upon net interest income. In 2022, net interest income made up 73.8% of our revenue. Unexpected movement in interest rates, that may or may not change the slope of the current yield curve, could cause our net interest margins to decrease, subsequently decreasing net interest income. In addition, such changes could materially adversely affect the valuation of our assets and liabilities. At present our one-year interest rate sensitivity position is asset sensitive, such that a gradual increase in interest rates during the next twelve months should have a positive impact on net interest income during that period. However, as with most financial institutions, our results of operations are affected by changes in interest rates and our ability to manage this risk. The difference between interest rates charged on interest-earning assets and interest rates paid on interest-bearing liabilities may be affected by changes in market interest rates, changes in relationships between interest rate indices, and changes in the relationships between long-term and short-term market interest rates. In addition, the mix of assets and liabilities could change as varying levels of market interest rates might present our customer base with more attractive options.",1524,351569,https://www.sec.gov/Archives/edgar/data/351569/000035156923000005/abcb-20221231.htm,
financial,,,,y,,1488813_FY2021_063,CUBI,2021,63,Risks Related to Our Voting Common Stock,"Our ability to pay dividends on the shares of Series E and Series F Preferred Stock is dependent on dividends and distributions we receive from our subsidiaries, which are subject to regulatory and other limitations.","Our principal source of cash flow is dividends from Customers Bank. We cannot assure you that Customers Bank will, in any circumstances, pay dividends to us. If Customers Bank fails to make dividend payments or other permitted distributions to us, and sufficient cash is not otherwise available, we may not be able to make dividend payments on the Series E and Series F Preferred Stock. Various federal and state statutes, regulations and rules limit, directly or indirectly, the amount of dividends that our banking and other subsidiaries may pay to us without regulatory approval. In particular, dividend and other distributions from Customers Bank to us would require notice to or approval of the applicable regulatory authority. There can be no assurances that we would receive such approval. In addition, our right to participate in any distribution of assets of any of our subsidiaries upon the subsidiary’s liquidation or otherwise, and, as a result, the ability of a holder of Series E and Series F Preferred Stock to benefit indirectly from such distribution, will be subject to the prior claims of preferred equity holders and creditors of that subsidiary, except to the extent that any of our claims as a creditor of such subsidiary may be recognized. As a result, shares of the Series E and Series F Preferred Stock are effectively subordinated to all existing and future liabilities and any outstanding preferred equity of our subsidiaries.",1669,1488813,https://www.sec.gov/Archives/edgar/data/1488813/000148881322000018/cubi-20211231.htm,
regulatory,,,,y,,936528_FY2023_014,WAFD,2023,14,Regulatory and Litigation Risks,"Non-Compliance with the USA PATRIOT Act, Bank Secrecy Act, Real Estate Settlement Procedures Act, Truth-in-Lending Act, Community Reinvestment Act, Fair Lending Laws, Flood Insurance Reform Act or other laws and regulations could result in fines or sanctions, and curtail our expansion opportunities.","Financial institutions are required under the USA PATRIOT Act of 2001 (the “Patriot Act”) and Bank Secrecy Act (""BSA"") to develop programs to prevent financial institutions from being used for money-laundering and terrorist activities. Financial institutions are also obligated to file suspicious activity reports with the U.S. Treasury Department's Office of Financial Crimes Enforcement Network. These rules also require financial institutions to establish procedures for identifying and verifying the identity of customers seeking to open new financial accounts. Our failure or our inability to comply with the Patriot Act and BSA statutes and regulations could result in fines or penalties, curtailment of expansion opportunities, enforcement actions, intervention or sanctions by regulators and costly litigation or expensive additional controls and systems. During the last few years, several banking institutions have received large fines for non-compliance with these laws and regulations, and we were subject to a Consent Order and have paid a civil money penalty with respect to our Anti Money Laundering/Combating the Financing of Terrorism Program, (“AML/CFT Program”) (formerly known as our BSA Program), as described below. In addition, the U.S. Government imposed and is expected to continue to expand laws and regulations relating to residential and consumer lending activities that could create significant new compliance burdens and financial costs. The Bank was previously subject to a Consent Order from the Office of the Comptroller of the Currency (“OCC”) for its BSA program that was issued in February 2018 (the “BSA Consent Order”). The BSA Consent Order resulted in the Bank incurring significant expenses to implement an effective AML/CFT Program, including payment of a $2,500,000 civil money penalty. The OCC terminated the BSA Consent Order in December 2021. However, the Bank remains subject to the BSA, the Patriot Act, and other laws and regulations requiring financial institutions, among other duties, to institute and maintain an effective anti-money laundering program and file suspicious activity and currency transaction reports as appropriate. Failure to maintain an effective AML/CFT program could have serious business, financial and reputational consequences for the Bank. Any of these results could have a material adverse effect on our business, financial condition and results of operations.",2737,936528,https://www.sec.gov/Archives/edgar/data/936528/000093652823000207/wfsl-20230930.htm,Acquired Luther Burbank Corporation earl
strategic,,,,y,,875357_FY2023_000,BOKF,2023,0,"Strategic, Compliance and Regulatory Risk Factors",Adverse factors could impact BOK Financial's ability to implement its operating strategy.,"Although BOK Financial has developed an operating strategy which it expects to result in continuing improved financial performance, BOK Financial cannot ensure that it will be successful in fulfilling this strategy or that this operating strategy will be successful. Achieving success is dependent upon a number of factors, many of which are beyond BOK Financial's direct control. Factors that may adversely affect BOK Financial's ability to implement its operating strategy include: deterioration of BOK Financial's asset quality; deterioration in general economic conditions, especially in BOK Financial's core markets; inability to control BOK Financial's non-interest expenses; inability to increase non-interest income; inability to access capital; decreases in net interest margins; increases in competition; a breach in the security of BOK Financial's systems; and adverse regulatory developments.",993,875357,https://www.sec.gov/Archives/edgar/data/875357/000087535724000008/bokf-20231231.htm,
operational,,,,y,,811830_FY2025_043,,2025,43,Bu siness and Industry Risks,"We rely on recruiting, retaining and developing appropriate senior management and skilled personnel.","Our continued success depends partly on the continued service of key members of our management team. The ability to continue to attract, train, motivate and retain highly qualified professionals is a key element of our strategy. The successful implementation of our growth strategy depends on the availability of skilled management and employees. If we or one of our business units or other functions do not staff operations or lose one or more key senior executives and fail to replace them promptly and effectively, our business, financial condition and results of operations, including control and operational risks, may be adversely affected. The financial industry in the United States and abroad faces and may continue to face more stringent regulation of employee compensation, which could have an adverse effect on our ability to retain our experienced management team and key employees and our ability to attract appropriately qualified personnel, which could have a material adverse impact on our business, financial condition, and results of operations.",1164,811830,https://www.sec.gov/Archives/edgar/data/811830/000081183026000005/sov-20251231.htm,
financial,,,,y,,1068851_FY2022_008,PB,2022,8,Credit and Lending Risks,The Company’s Warehouse Purchase Program balances can fluctuate widely.,"Because Warehouse Purchase Program balances are contingent upon residential mortgage lending activity, changes in the residential real estate market nationwide can lead to wide fluctuations of balances in this product, materially impacting both interest and non-interest income. Additionally, Warehouse Purchase Program period-end balances are generally higher than the average balance during the period due to increased mortgage activity that occurs at the end of a month, which can significantly impact the Company’s reported capital ratios.",614,1068851,https://www.sec.gov/Archives/edgar/data/1068851/000095017023004425/pb-20221231.htm,
financial,,,,y,,7789_FY2025_009,ASB,2025,9,Liquidity and Interest Rate Risks,Impairment of our access to liquidity could affect our ability to meet our obligations.,"The Corporation requires liquidity to meet its deposit and debt obligations as they come due. Access to liquidity could be impaired by an inability to access the capital markets or unforeseen outflows of deposits. Risk factors that could impair our ability to access capital markets include a downturn in our Midwest markets, difficult credit markets, credit rating downgrades, or regulatory actions against the Corporation. The Corporation’s access to deposits can be impacted by the liquidity needs of our customers as a substantial portion of the Corporation’s liabilities are demand while a substantial portion of the Corporation’s assets are loans that cannot be sold in the same timeframe. Historically, the Corporation has been able to meet its cash flow needs as necessary. If a sufficiently large number of depositors sought to withdraw their deposits for whatever reason, the Corporation may be unable to obtain the necessary funding at favorable terms.",1050,7789,https://www.sec.gov/Archives/edgar/data/7789/000000778926000071/asb-20251231.htm,
regulatory,,,,n,,714310_FY2022_031,VLY,2022,31,"General Commercial, Operational and Financial and Regulatory Risks","Extensive regulation and supervision have a negative impact on our ability to compete in a cost-effective manner and may subject us to material compliance costs and penalties, and changes in regulation could adversely affect our business, financial condition and results of operations.","Valley, primarily through its principal subsidiary and certain non-bank subsidiaries, is subject to extensive federal and state regulation and supervision. Banking regulations are primarily intended to protect depositors’ funds, federal deposit insurance funds and the banking system as a whole. Many laws and regulations affect Valley’s lending practices, capital structure, investment practices, dividend policy and growth, among other things. They encourage Valley to ensure a satisfactory level of lending in defined areas and establish and maintain comprehensive programs relating to anti-money laundering and customer identification. Congress, state legislatures, and federal and state regulatory agencies continually review banking laws, regulations and policies for possible changes. Changes to statutes, regulations or regulatory policies, including changes in interpretation or implementation of statutes, regulations or policies, could affect Valley in substantial and unpredictable ways. Such changes could subject Valley to additional costs, limit the types of financial services and products it may offer and/or increase the ability of non-banks to offer competing financial services and products, among other things. Failure to comply with laws, regulations or policies could result in sanctions by regulatory agencies, civil money penalties and/or reputational damage, which could have a material adverse effect on Valley’s business, financial condition and results of operations. Valley’s compliance with certain of these laws will also be considered by banking regulators when reviewing bank merger and bank holding company acquisitions.",1940,714310,https://www.sec.gov/Archives/edgar/data/714310/000071431023000043/vly-20221231.htm,
financial,,,,y,,22356_FY2025_016,CBSH,2025,16,Credit Risks,"The Company could recognize losses on securities held in its securities portfolio, particularly if it were to sell a significant portion of its investments prior to maturity.","The Company's available for sale debt securities portfolio is carried at fair value, with unrealized gains and losses carried in accumulated other comprehensive income (loss) within shareholder's equity. The fair value of investments, including available for sale debt investments, may change with changes in interest rates, credit concerns, or other economic factors. Due mostly to the increase in interest rates during 2022 and 2023, the fair value of the Company's available of sale debt securities included a net unrealized loss of $646.8 million at December 31, 2025. As of December 31, 2025, the Company has the intent and ability to maintain its available for sale debt investments until recovery of their amortized cost basis. However, if in the future the Company were to elect to sell or needed to sell the investments before the recovery of their amortized cost basis, the Company could realize significant losses in its income statement.",1123,22356,https://www.sec.gov/Archives/edgar/data/22356/000002235626000069/cbsh-20251231.htm,
financial,,,,n,,1015328_FY2025_009,WTFC,2025,9,Risks Related to Economic Conditions and Operating Environment,"Deterioration in economic conditions may materially adversely affect the financial services industry and our business, financial condition, results of operations and cash flows.","Our business activities and earnings are affected by general economic and business conditions in the United States and abroad, including factors such as the level and volatility of short-term and long-term interest rates, inflation, home prices, unemployment and underemployment levels, bankruptcies, household income, consumer spending, fluctuations in both debt and equity capital markets, liquidity of the global financial markets, the availability and cost of capital and credit, investor sentiment and confidence in the financial markets, and the strength of the domestic economies in which we operate. The deterioration of any of these conditions can adversely affect our consumer and commercial businesses and securities portfolios, our level of charge-offs and provision for credit losses, our capital levels and liquidity, and our results of operations. As a lending institution, our business is directly affected by the ability of our borrowers to repay their loans, as well as by the value of collateral, such as real estate, that secures many of our loans. Any economic deterioration from current levels or slowing of current economic activity could lead to an increase in loan charge-offs and negatively affect consumer confidence as well as the level of business activity. Net charge-offs totaled $72.3 million in 2025 compared to $94.4 million in 2024. Our balance of non-performing loans and other real estate owned (“OREO”) was $185.8 million and $20.8 million, respectively, at December 31, 2025 compared to $170.8 million and $23.1 million, respectively, at December 31, 2024. Deterioration in the economy and real estate markets, higher inflation, rising interest rates or increased unemployment rates, particularly in the markets in which we operate, will likely diminish the ability of our borrowers to repay loans that we have made to them, decrease the value of any collateral securing such loans and may cause increases in delinquencies, problem assets, charge-offs and provision for credit losses, all of which could materially adversely affect our financial condition and results of operations. Further, the underwriting and credit monitoring policies and procedures that we have adopted may not prevent losses that could have a material adverse effect on our business, financial condition, results of operations and cash flows. A U.S. government debt default or rating downgrade could have a material adverse impact on our business and financial performance, including a decrease in the value of Treasury bonds and other government securities we hold, which could negatively impact the banks’ capital position and ability to meet regulatory requirements. Other negative impacts could include volatile capital markets, an adverse impact on the U.S. economy and the U.S. dollar, as well as increased default rates among borrowers in light of increased economic uncertainty. Some of these impacts might occur even in the absence of an actual default by or rating downgrade of the U.S. government but as a consequence of the uncertainty caused by extended political negotiations around the threat of such a default or rating downgrade and a U.S. government shutdown.",3367,1015328,https://www.sec.gov/Archives/edgar/data/1015328/000101532826000007/wtfc-20251231.htm,
financial,,,,n,,714310_FY2024_010,VLY,2024,10,Risks Associated with Our Business Model,We may incur future losses in connection with repurchases and indemnification payments related to mortgages that we have sold into the secondary market.,"We engage in the origination of residential mortgages for sale into the secondary market, while typically retaining the loan servicing. In connection with such sales, we make representations and warranties, which, if breached, may require us to repurchase such loans, substitute other loans or indemnify the purchasers of such loans for actual losses incurred in respect of such loans. The aggregate principal balances of residential mortgage loans serviced by the Bank for others approximated $3.3 billion at both December 31, 2024 and 2023. Over the past several years, we have experienced a nominal amount of repurchase requests that have actually resulted in repurchases by Valley. During 2024, Valley had no repurchased loans and only 3 loans with aggregate outstanding principal balances of $1.1 million at the repurchase dates during 2023. None of the 2023 loan repurchases resulted in a material loss. As of December 31, 2024, no reserves pertaining to loans sold were established on our financial statements. However, it is possible that our careful loan underwriting and documentation standards may not be sufficient to prevent additional requests to repurchase loans that could occur in the future, and such requests may have a negative financial impact on us.",1423,714310,https://www.sec.gov/Archives/edgar/data/714310/000071431025000068/vly-20241231.htm,
regulatory,,,,n,,1178970_FY2025_013,PFS,2025,13,"Risks Related to Regulatory, Compliance, Environmental and Legal Matters",We face regulatory scrutiny based on our commercial real estate lending.,"The FDIC, the OCC and the FRB (collectively, the “Agencies”) have issued joint guidance entitled “Concentrations in Commercial Real Estate Lending, Sound Risk Management Practices” (the “CRE Guidance”). Although the CRE Guidance does not establish specific lending limits, it provides that a bank’s commercial real estate lending exposure may receive increased supervisory scrutiny where total non-owner occupied commercial real estate loans, including loans secured by multi-family buildings, investor commercial real estate and construction and land loans (“CRE Loans”), represent 300% or more of an institution’s total risk-based capital and the outstanding balance of the CRE Loan portfolio has increased by 50% or more during the preceding 36 months. Our level of CRE Loans equaled 432.1% of total risk-based capital as of December 31, 2025. Based on the size of our CRE Loan portfolio as a percentage of capital, regulatory oversight of our management of this CRE concentration is elevated. In December 2015, the Agencies released a statement on prudent risk management for commercial real estate lending (the “2015 Statement”). In the 2015 Statement, the Agencies express concerns about easing commercial real estate underwriting standards, direct financial institutions to maintain underwriting discipline and exercise risk management practices to identify, measure and monitor lending risks, and indicate that the Agencies will continue “to pay special attention” to commercial real estate lending activities and concentrations going forward. If our regulators were to impose restrictions on the amount of commercial real estate loans we can hold in our loan portfolio, or require higher capital ratios as a result of the level of commercial real estate loans held, our earnings or our ability to engage in certain merger and acquisition activity could be adversely affected. On December 18, 2023, the FDIC issued an advisory entitled “Managing Commercial Real Estate Concentrations in a Challenging Economic Environment” (the “2023 Advisory”), replacing an advisory issued in 2008 and updating previously issued guidance. The 2023 Advisory expresses concerns regarding challenges in the CRE market and identifies key risk-management actions to help institutions with market conditions, including maintaining strong capital levels, ensuring appropriate credit loss allowances, closely managing loan portfolios, maintaining updated financial and analytical information, bolstering loan workout infrastructure, and maintaining adequate liquidity and diverse funding sources. The FDIC stated that it will “expect each board of directors and management team to strive for strong capital and appropriate allowance for credit loss levels, and to implement robust credit risk-management practices.” If the FDIC were to scrutinize our board and management actions and require certain capital levels or specific practices, our earnings could be adversely affected and our cost of compliance could increase.",3078,1178970,https://www.sec.gov/Archives/edgar/data/1178970/000162828026012814/pfs-20251231.htm,
strategic,,,,n,,764038_FY2023_050,SSB,2023,50,Risks relating to our Common Stock,"State law and provisions in our articles of incorporation or bylaws could make it more difficult for another company to purchase us, even though such a purchase may increase shareholder value.","In many cases, shareholders may receive a premium for their shares if we are purchased by another company. State law and our articles of incorporation and bylaws could make it difficult for anyone to purchase us without the approval of our board of directors. Our articles of incorporation provide that a merger, exchange or consolidation of the Company with, or the sale, exchange or lease of all or substantially all of our assets to, any person or entity (referred to herein as a “Fundamental Change”), must be approved by the holders of at least 80% of our outstanding voting stock if the board of directors does not recommend a vote in favor of the Fundamental Change. The articles of incorporation further provide that a Fundamental Change involving a shareholder that owns or controls 20% or more of our voting stock at the time of the proposed transaction (a “Controlling Party”) must be approved by the holders of at least (i) 80% of our outstanding voting stock, and (ii) 67% of our outstanding voting stock held by shareholders other than the Controlling Party, unless (a) the transaction has been recommended to the shareholders by a majority of the entire board of directors or (b) the consideration per share to be received by our shareholders generally is not less than the highest price per share paid by the Controlling Party in the acquisition of its holdings of our common stock during the preceding three years. The approval by the holders of at least 80% of our outstanding voting stock is required to amend or repeal these provisions contained in our articles of incorporation. Finally, in the event that any such Fundamental Change is not recommended by the board of directors, the holders of at least 80% of our outstanding voting stock must attend a meeting called to address such transaction, in person or by proxy, in order for a quorum for the conduct of business to exist. If the 80% and 67% vote requirements described above do not apply because the board of directors recommends the transaction or the consideration is deemed fair, as applicable, then pursuant to the provisions of the South Carolina Business Corporation Act, the Fundamental Change generally must be approved by two thirds of the votes entitled to be cast with respect thereto. Consequently, a takeover attempt may prove difficult, and shareholders may not realize the highest possible price for their securities.",2604,764038,https://www.sec.gov/Archives/edgar/data/764038/000155837024002302/ssb-20231231x10k.htm,Acquired Independent Bank Group January 
regulatory,,,,y,,36270_FY2023_025,MTB,2023,25,Operational Risk,"The Company is subject to laws and regulations relating to the privacy of the information of customers, clients, employees or others, and any failure to comply with these laws and regulations could expose the Company to liability and/or reputational damage.","The Company is also subject to laws and regulations relating to the privacy of the information of customers, clients, employees or others, and any failure to comply with these laws and regulations could expose the Company to liability and/or reputational damage. New privacy and data protection initiatives will impose additional operational burdens on the Company, may limit the Company’s ability to pursue desirable business initiatives and increase the risks associated with any future use of customer data. Significant examples include the General Data Protection Act, the UK General Data Protection Act, known as The Data Protection Act of 2018, and the California Consumer Privacy Act. Compliance with these and other laws and regulations may require changes to policies, procedures and technology for information security and segregation of data, which could, among other things, make the Company more vulnerable to operational failures, and to monetary penalties, litigation or regulatory enforcement actions for breach of such laws and regulations. As privacy-related laws and regulations are implemented, they may also limit how companies like M&T can use personal data and impose obligations on companies in their management of such data. The time and resources needed for the Company to comply with such laws and regulations, as well as its potential liability for non-compliance and reporting obligations in the case of data breaches, may significantly increase. The impacts will be greater to the extent requirements vary across jurisdictions.",1814,36270,https://www.sec.gov/Archives/edgar/data/36270/000095017024017990/mtb-20231231.htm,
operational,,,,y,,91576_FY2021_035,KEY,2021,35,VIII. Model Risk,"We rely on quantitative models to manage certain accounting, risk management, capital planning, and treasury functions.","We use quantitative models to help manage certain aspects of our business and to assist with certain business decisions, including, but not limited to, estimating CECL, measuring the fair value of financial instruments when reliable market prices are unavailable, estimating the effects of changing interest rates and other market measures on our financial condition and results of operations, managing risk, and for capital planning purposes (including during the capital stress testing process). Models are simplified representations of real-world relationships. Thus, our modeling methodologies rely on many assumptions, historical analyses, correlations, and available data. These assumptions provide only reasonable, not absolute, estimates, particularly in times of market distress when historical correlations on which we rely may no longer be relevant, such as has been experienced as a result of the COVID-19 pandemic. Additionally, as businesses and markets evolve, our measurements may not accurately reflect this evolution. Models can also produce inadequate estimates due to errors in computer code, use of unsuitable data during development or input into the model during model use, or the use of a model for a purpose outside the scope of the model’s design. If our models fail to produce reliable results on an ongoing basis, we may not make appropriate risk management, capital planning, or other business or financial decisions. Furthermore, strategies that we employ to manage and govern the risks associated with our use of models may not be effective or fully reliable, and as a result, we may realize losses or other lapses. We have an enterprise-wide model risk management program designed to accurately identify, measure, report, monitor, and manage model risk. The management of model risk includes independent validation and model governance, establishing and monitoring model control standards and model risk metrics, and completeness and accuracy of the inventory of models Banking regulators continue to focus on the models used by banks and bank holding companies in their businesses. The failure or inadequacy of a model may result in increased regulatory scrutiny on us or may result in an enforcement action or proceeding against us by one of our regulators.",2410,91576,https://www.sec.gov/Archives/edgar/data/91576/000009157622000029/key-20211231.htm,
financial,,,,y,,910073_FY2023_008,FLG,2023,8,Liquidity and Dividend Risks,Failure to maintain an adequate level of liquidity could result in an inability to fulfill our financial obligations and also could subject us to material reputational and compliance risk.,"Our primary sources of liquidity are the retail and institutional deposits we gather or acquire in connection with acquisitions, and the brokered deposits we accept; borrowed funds, primarily in the form of wholesale borrowings from the FHLB-NY and various Wall Street brokerage firms; cash flows generated through the repayment and sale of loans; and cash flows generated through the repayment and sale of securities. In addition, and depending on current market conditions, we have the ability to access the capital markets from time to time to generate additional liquidity. Deposit flows, calls of investment securities and wholesale borrowings, and the prepayment of loans and mortgage-related securities are strongly influenced by such external factors as the direction of interest rates, whether actual or perceived; local and national economic conditions; and competition for deposits and loans in the markets we serve. Deposit outflows can occur for a number of reasons, including clients seeking higher yields, clients with uninsured deposits may seek greater financial security or clients may simply prefer to do business with our competitors, or for other reasons. The withdrawal of more deposits than we anticipate could have an adverse impact on our profitability as this source of funding, if not replaced by similar deposit funding, would need to be replaced with more expensive wholesale funding, the sale of interest-earning assets, other sources of funding, or a combination of them all. The replacement of deposit funding with wholesale funding could cause our overall cost of funds to increase, which would reduce our net interest income and results of operations. A decline in interest-earning assets would also lower our net interest income and results of operations. As of December 31, 2023, approximately 35.9 percent of our total deposits of $81.5 billion were not FDIC-insured. In addition, large-scale withdrawals of brokered or institutional deposits could require us to pay significantly higher interest rates on our retail deposits or on other wholesale funding sources, which would have an adverse impact on our net interest income and net income. Furthermore, changes to the FHLB-NY’s underwriting guidelines for wholesale borrowings or lending policies may limit or restrict our ability to borrow, and therefore could have a significant adverse impact on our liquidity. A decline in available funding could adversely impact our ability to originate loans, invest in securities, and meet our expenses, or to fulfill such obligations as repaying our borrowings or meeting deposit withdrawal demands. Downgrades of the credit ratings of the Company and the Bank, such as those announced by certain credit rating agencies in both February and March 2024, could result in an acceleration in deposit outflows and additional collateral needs, which this far have been modest. They could adversely affect our access to liquidity and capital, and could significantly increase our cost of funds, trigger additional collateral or funding requirements, and decrease the number of investors and counterparties willing to lend to us or to purchase our securities. This could affect our growth, profitability, and financial condition, including our liquidity.",3466,910073,https://www.sec.gov/Archives/edgar/data/910073/000091007324000077/fbc-20231231.htm,"Rename was cosmetic, but Flagstar Bank a"
financial,,,,y,,763901_FY2021_009,BPOP,2021,9,Increases in,"If our goodwill, deferred tax assets or amortizable intangible assets become impaired, it may adversely affect our financial condition and future results of operations.","As of December 31, 2021, we had approximately $ 720 million, $657 million and $15 million, respectively, of goodwill, net deferred tax assets and amortizable intangible assets recorded on our balance sheet. I f ou r goodwil l, deferred tax assets or amortizabl e intangibl e asset s becom e impaired w e ma y b e require d t o recor d a significan t charg e t o earnings Unde r GAAP, we review our amortizable intangible assets for impairment when events or changes in circumstances indicate the carrying value may not be recoverable. Goodwill is tested for impairment at least annually. Factors that may be considered a change in circumstances, indicating that the carrying value of the goodwill or amortizable intangible assets may not be recoverable, include a decline in Popular’s stock price related to macroeconomic conditions in the global market as well as the weakness in the Puerto Rico economy and fiscal situation, declines in our market capitalization, reduced future earnings estimates, continuance of a low interest rate environment and the continued impact of the COVID-19 pandemic, which may exacerbate these and other circumstances, could in turn result in an impairment of goodwill. The goodwill impairment evaluation process requires us to make estimates and assumptions with regards to the fair value of our reporting units. Actual values may differ significantly from these estimates. Such differences could result in future impairment of goodwill that would, in turn, negatively impact our results of operations and the reporting unit where the goodwill is recorded. The determination of whether a deferred tax asset is realizable is based on weighting all available evidence. The realization of deferred tax assets, including carryforwards and deductible temporary differences, depends upon the existence of sufficient taxable income of the same character during the carryback or carryforward period. The analysis considers all sources of taxable income available to realize the deferred tax asset, including the future reversal of existing taxable temporary differences, future taxable income exclusive of reversing temporary differences and carryforwards, taxable income in prior carryback years and tax-planning strategies. Similarly, the COVID-19 pandemic’s impact on the expected profitability of our businesses may affect the realizability of our deferred tax assets in our Puerto Rico and U.S. operations. If we are required to record a charge to earnings in our consolidated financial statements because an impairment of the goodwill, deferred tax assets or amortizable intangible assets is determined, our financial condition and results of operations would be adversely affected.",2881,763901,https://www.sec.gov/Archives/edgar/data/763901/000119312522060953/d192149d10k.htm,
financial,,,,y,,1331520_FY2022_011,HOMB,2022,11,Risks Related to Our Business,"Because we have a concentration of exposure to a number of individual borrowers, a significant loss on any of those loans could materially and adversely affect us.","We have a concentration of exposure to a number of individual borrowers. Under applicable law, our bank subsidiary is generally permitted to make loans to one borrowing relationship up to 20% of its Tier 1 capital plus the allowance for credit losses. As of December 31, 2022, the legal lending limit of our bank subsidiary for secured loans was approximately $539.7 million. Our board of directors has established an in-house lending limit of $40.0 million to any one borrowing relationship without obtaining the approval of two of the following: our Chairman, John W. Allison, our Vice Chairman, Jack E. Engelkes, or our director Richard H. Ashley. As of December 31, 2022, we had a total of $6.46 billion, or 44.8% of our total loans, committed to the aggregate group of borrowers whose total debt exceeds the established in-house lending limit of $40.0 million.",1028,1331520,https://www.sec.gov/Archives/edgar/data/1331520/000133152023000011/homb-20221231.htm,
regulatory,,,,y,,1069157_FY2024_009,EWBC,2024,9,Risks Related to Our Capital Resources and Liquidity,"As a regulated entity, we are subject to capital requirements, and a failure to meet these standards could adversely affect our financial condition.","We and the Bank are subject to certain capital and liquidity rules, including the Basel III Capital Rules, which establish the minimum capital adequacy requirements and may require us to increase our regulatory capital or liquidity targets, increase regulatory capital ratios, or change how we calculate regulatory capital. We may be required to increase our capital levels, even in the absence of actual adverse economic conditions or forecasts, and enhance capital planning based on hypothetical future adverse economic scenarios. As of December 31, 2024, we met the requirements of the Basel III Capital Rules, including the capital conservation buffer. Compliance with capital requirements may limit capital-intensive operations and increase operational costs, and we may be limited or prohibited from distributing dividends or repurchasing our stock. This could adversely affect our ability to expand or maintain present business levels, which may adversely affect our business, results of operations and financial condition. Additional information on the regulatory capital requirements applicable to us and the Bank is set forth in",1286,1069157,https://www.sec.gov/Archives/edgar/data/1069157/000106915725000025/ewbc-20241231.htm,
financial,,,,y,,776901_FY2022_015,INDB,2022,15,"Risks Related to Legal, Regulatory and Policy Matters","Changes in U.S. trade policies and other global political factors beyond the Company’s control, including the imposition of tariffs, retaliatory tariffs, or other sanctions, may adversely impact the Company's business, financial condition and results of operations.","There have been, and may be in the future, changes and discussions with respect to U.S. and international trade policies, legislation, treaties and tariffs, embargoes, sanctions and other trade restrictions. Tariffs, retaliatory tariffs or other trade restrictions on products and materials that customers import or export, or a trade war or other related governmental actions related to tariffs, international trade agreements or policies or other trade restrictions have the potential to negatively impact the Company's and/or the Bank's customers' costs, demand for the Bank's customers' products, and/or the U.S. economy or certain sectors thereof and, thus, could adversely impact the Company's business, financial condition and results of operations. In addition, to the extent changes in the global political environment, including the Russia-Ukraine conflict, have had and may continue to have a negative impact on the Company or on the markets in which the Company operates, business, results of operations and financial condition could be materially and adversely impacted in the future.",1362,776901,https://www.sec.gov/Archives/edgar/data/776901/000077690123000064/indb-20221231.htm,
financial,,,,y,,715072_FY2023_001,RNST,2023,1,Risks Related to Our Industry,"Our allowance for credit losses may be insufficient, and we may be required to further increase our provision for credit losses.","Although we try to maintain diversification within our loan portfolio to minimize the effect of economic conditions within a particular industry, management also maintains an allowance for credit losses, which is a reserve established through a provision for credit losses on loans charged to expense, to absorb credit losses inherent in the entire loan portfolio. The credit loss estimation process involves procedures to appropriately consider the unique characteristics of the Company’s loan portfolio segments. Credit quality is assessed and monitored by evaluating various attributes, and the results of those evaluations are utilized in underwriting new loans and in the Company’s process for the estimation of expected credit losses. Credit quality monitoring procedures and indicators can include an assessment of problem loans, the types of loans, historical loss experience, new lending products, emerging credit trends, changes in the size and character of loan categories and other factors, including the Company’s risk rating system, regulatory guidance and economic conditions, such as the unemployment rate and GDP growth, as well as trends in the market values of underlying collateral securing loans, all as determined based on input from management, loan review staff and other sources. This evaluation is complex and inherently subjective, as it requires estimates by management that are inherently uncertain and therefore susceptible to significant revision as more information becomes available. In addition, our credit quality monitoring procedures may fail to detect credit risk issues within the loan portfolio if important factors contributing to credit risk are not identified by management or given sufficient weight. There may be significant changes in the allowance and provision for credit losses in future periods as the estimates used by management, and assumptions underlying such estimates, are supplemented and adjusted in light of then-prevailing factors and forecasts. Any deterioration of current and future economic conditions could cause us to experience higher than normal delinquencies and credit losses. As a result, we may be required to make further increases in our provision for credit losses and to charge off additional loans in the future, which could materially adversely affect our financial condition and results of operations. In addition, bank regulatory agencies periodically review the allowance for credit losses and may require an increase in the provision for credit losses or the recognition of further loan charge-offs, based on judgments different than those of management. In addition, if charge-offs in future periods exceed the allowance for credit losses, we will incur additional provision expense to increase the allowance for credit losses. Any increase in our provision for credit losses will result in a decrease in net income and, possibly, capital and may have a material adverse effect on our financial condition and results of operations. A discussion of the policies and procedures related to management’s process for determining the appropriate level of the allowance for credit losses is set forth under the headings “Critical Accounting Policies and Estimates” and “Risk Management – Credit Risk and Allowance for Credit Losses on Loans and Unfunded Commitments” in Item 7, Management’s Discussion and Analysis of Financial Condition and Results of Operations, in this report.",3584,715072,https://www.sec.gov/Archives/edgar/data/715072/000071507224000042/rnst-20231231.htm,
financial,,,,y,,764038_FY2025_037,SSB,2025,37,Risks relating to our Business and Business Strategy,The value of securities in our investment portfolio may decline in the future.,"As of December 31, 2025, we owned $8.7 billion of investment securities, which included $2.0 billion in held to maturity securities, $6.3 billion in available for sale securities and $353.4 million in other investments. The fair value of our investment securities may be adversely affected by market conditions, including changes in interest rates, and the occurrence of any events adversely affecting the issuer of particular securities in our investments portfolio. For available for sale securities, the unrealized gains and losses are recorded in equity, net of tax, in accumulated other comprehensive income (“AOCI”). The Company has elected to exclude AOCI from its regulatory capital calculations, however, after the failure of a few financial institutions in the first quarter of 2023, many investors are taking into consideration losses in available for sale securities included in AOCI along with losses in held to maturity securities, both of which are not included in our statement of income, in looking at the valuations of financial institutions. We analyze each available for sale security quarterly on an individual basis to determine if there has been a decline in fair value below the amortized cost basis of the security to determine whether there is a credit loss associated with the decline in fair value. We consider the nature of the collateral, potential future changes in collateral values, default rates, delinquency rates, third-party guarantees, credit ratings, interest rate changes since purchase, volatility of the security’s fair value and historical loss information for financial assets secured with similar collateral among other factors. We use a systematic methodology to determine the ACL for investment securities held to maturity. The ACL is a valuation account that is deducted from the amortized cost basis to present the net amount expected to be collected on the held to maturity portfolio. We consider the effects of past events, current conditions, and reasonable and supportable forecasts on the collectability of the held to maturity portfolio. Our estimate of the ACL involves a high degree of judgment; therefore, our process for determining expected credit losses my result in a range of expected credit losses. We monitor the held to maturity portfolio on a quarterly basis to determine whether a valuation account needs to be recorded. Because of changing economic and market conditions affecting issuers, we may be required to recognize expected credit losses on securities in future periods, which could have a material adverse effect on our business, financial condition or results of operations.",2730,764038,https://www.sec.gov/Archives/edgar/data/764038/000110465926017884/ssb-20251231x10k.htm,Acquired Independent Bank Group January 
operational,,,,y,,36377_FY2025_017,FHB,2025,17,Operational Risks,"The occurrence of fraudulent activity, breaches or failures of our information security controls or cybersecurity-related incidents could have a material adverse effect on our business, financial condition or results of operations.","As a financial institution, we are susceptible to fraudulent activity, information security breaches and cybersecurity-related incidents that may be committed against us or our clients, which may result in financial losses or increased costs to us or our clients, disclosure, loss or misuse of our information or our clients’ information, misappropriation of assets, privacy breaches against our clients, litigation or damage to our reputation. Such fraudulent activity may take many forms, including check fraud, electronic fraud, wire fraud, phishing, social engineering and other dishonest acts. Information security breaches and cybersecurity-related incidents may include fraudulent or unauthorized access to systems used by us or our clients, denial or degradation of service attacks, and malware or other cyberattacks. These types of threats may derive from human error, fraud or malice on the part of external or internal parties or may result from accidental technological failure. In recent periods, several large corporations, including financial institutions and retail companies, have suffered major data breaches, in some cases exposing not only confidential and proprietary corporate information, but also sensitive financial and other personal information of their customers and employees and subjecting them to potentially fraudulent activity. Some of our clients may have been affected by these breaches, which increase their risks of identity theft, credit card fraud and other fraudulent activity that could involve their accounts with us. Like other U.S. financial services companies, we have been and expect to continue to be the target of attempted electronic fraudulent activity, security breaches and cybersecurity-related attacks. Consistent with industry trends, we may face an increasing number of attempted cyberattacks as we expand our mobile and other internet-based products and services, and we provide more of these services to a greater number of individual customers. The increased use of mobile and cloud technologies and the increased connectivity of third parties and electronic devices to our systems can heighten these and other operational risks. Further, evolving cyber threats, including as a result of the increased use of artificial intelligence (“AI”) by cybercriminals may increase the frequency and severity of cybersecurity attacks against us or our service providers and others on whom we rely. We also face risks related to cyberattacks and other security breaches in connection with credit card transactions that typically involve the transmission of sensitive information regarding our customers through various third parties, including merchant acquiring banks, payment processors, payment card networks and our processors. Some of these parties have in the past been the target of security breaches and cyberattacks, and because the transactions involve third parties and environments such as the point of sale that we do not control or secure, future security breaches or cyberattacks affecting any of these third parties could impact us through no fault of our own, and in some cases we may have exposure and suffer losses for breaches or attacks relating to them. Information pertaining to us and our customers is maintained, and transactions are executed, on networks and systems maintained by us, our customers and certain of our third-party partners, such as our online banking or reporting systems. The secure maintenance and transmission of confidential information, as well as execution of transactions over these systems, are essential to protect us and our customers against fraud and security breaches and to maintain our customers’ confidence. Breaches of information security also may occur, and in infrequent cases, have occurred through intentional or unintentional acts by those having access to our systems or our customers’ or counterparties’ confidential information, including employees. In addition, increases in criminal activity levels and sophistication, advances in computer capabilities, new discoveries, vulnerabilities in third-party technologies (including browsers and operating systems) or other developments could result in a compromise or breach of the technology, processes and controls that we use to prevent fraudulent transactions and to protect data about us, our customers and underlying transactions, as well as the technology used by our customers to access our systems. Although we have developed, and continue to invest in, systems and processes that are designed to detect and prevent security breaches and cyberattacks and periodically test our security, our inability to anticipate, or failure to adequately mitigate, breaches of security could result in: losses to us or our customers; our loss of business and/or customers; damage to our reputation; the incurrence of additional expenses; disruption to our business; our inability to grow our online services or other businesses; additional regulatory scrutiny or penalties; or our exposure to civil litigation and possible financial liability — any of which could have a material adverse effect on our business, financial condition or results of operations. Additionally, we may not be able to ensure that our third-party vendors have appropriate controls in place to protect the confidentiality of the information they receive from us and our business, financial condition or results of operations could be adversely affected by a material breach of, or disruption to, the security of any of our or our vendors’ systems. Because the investigation of any information security breach is inherently unpredictable and would require substantial time to complete, the Company may not be able to quickly remediate the consequences of any breach, which may increase the costs, and enhance the negative consequences associated with a breach. In addition, to the extent the Company’s insurance covers aspects of any breach, such insurance may not be sufficient to cover all of the Company’s losses.",6276,36377,https://www.sec.gov/Archives/edgar/data/36377/000110465926021544/fhb-20251231x10k.htm,
strategic,,,,y,,1069157_FY2021_023,EWBC,2021,23,Risks Related to Our Operations,We face strong competition in the financial services industry and we could lose business or suffer margin declines as a result.,"The Company operates in a highly competitive environment. Our competitors include but are not limited to commercial banks, savings and loan associations, finance companies, brokerage firms, insurance companies, credit unions, mortgage banks, nonbank financial institutions and other regional, national, and global financial institutions. Some of our major competitors include multinational financial service companies whose greater resources may afford them a marketplace advantage by enabling them to maintain numerous locations and mount extensive promotional and advertising campaigns. Areas of competition include interest rates on loans and deposits, customer services, and range of price and quality of products and services, including new technology-driven products and services. Ongoing or increased competition may put pressure on the pricing for the Company’s products and services or may cause the Company to lose market share, particularly with respect to traditional banking products such as loans and deposits. Failure to attract and retain banking customers may adversely impact the Company’s loan and deposit growth and in turn, its revenues.",1285,1069157,https://www.sec.gov/Archives/edgar/data/1069157/000106915722000031/ewbc-20211231.htm,
strategic,,,,y,,861842_FY2022_027,CATY,2022,27,"Information, Information Technology and Privacy Risks","Our need to continue to adapt our information technology systems to allow us to provide new and expanded service could present operational issues, require significant capital spending, and disrupt our business.","The financial services market, including banking services, is continuing to undergo rapid changes with frequent introductions of new technology-driven products and services. In addition to better serving clients, the effective use of technology increases efficiency and may enable us to reduce costs. Our future success may depend, in part, on our ability to use technology to provide products and services that provide convenience to clients and to create additional efficiencies in our operations. As we continue to offer Internet banking and other online and mobile services to our clients, and continue to expand our existing conventional banking services, we will need to adapt our information technology systems to handle these changes in a way that meets constantly changing industry and regulatory standards. This can be very expensive and may require significant capital expenditures. In addition, our success will depend on, among other things, our ability to provide secure and reliable services, anticipate changes in technology, and efficiently develop and introduce services that are accepted by our clients and cost effective for us to provide. Some of our competitors have substantially greater resources to invest in technological improvements than we currently have. We may not be able to effectively implement new technology-driven products and services or be successful in marketing these products and services to our clients. As a result, our ability to effectively compete to retain or acquire new business may be impaired, and our business, financial condition or results of operations, may be adversely affected.",1846,861842,https://www.sec.gov/Archives/edgar/data/861842/000143774923004952/caty20221231_10k.htm,
operational,,,,y,,36270_FY2024_025,MTB,2024,25,Operational Risk,"The Company could incur higher costs, experience lower revenue, and suffer reputational damage in the event of the theft, loss or misuse of information, including due to a cyber attack.","Like other financial services firms, the systems, networks and devices of the Company, its customers, employees, service providers or other third parties with whom the Company interacts continue to be the subject of attempted unauthorized access, denial-of-service attacks, computer viruses, hacking, malware, ransomware, phishing or other forms of social engineering, and cyber attacks designed to obtain confidential information, destroy data, disrupt or degrade service, eliminate access or cause other damage. These threats may arise from human error, fraud on the part of employees, insiders or third parties or may result from accidental technology failure or vulnerabilities of suppliers through supply-chain attacks. Further, cybersecurity and information security risks for financial institutions have generally increased because of, among other things, the growth of new technologies (including AI), the use of the Internet and telecommunications technologies (including computers, smartphones, and other mobile devices outside the Company’s systems) by customers to conduct financial transactions, and the increased sophistication and activities of organized crime, fraudsters, hackers, terrorists, activists, instrumentalities of foreign governments and other external parties. Although the Company believes that a robust suite of authentication and layered security controls, data encryption and tokenization, threat intelligence, anti-malware defenses and vulnerability management tools exist, the failure of any of these controls could result in a failure to detect, mitigate or remediate these risks in a timely manner. Moreover, potential new regulations may require the Company to disclose information about a cybersecurity event before it has been resolved or fully investigated. Further, as the Company expands its mobile and digital capabilities, cybersecurity risks increase. A disruption or breach, including as a result of a cyber attack, or media reports of perceived security vulnerabilities at the Company or at third-party service providers could result in significant legal and financial exposure, regulatory intervention, remediation costs, damage to reputation or loss of confidence in the security of systems, products and services that could adversely affect the Company’s business. Like other U.S. financial services providers, the Company continues to be targeted with evolving and adaptive cyber threats from sophisticated third parties. Although the Company is not aware of any material losses relating to cybersecurity incidents, there can be no assurance that unauthorized access or cybersecurity incidents will not become known or occur or that the Company will not suffer such losses in the future.",2924,36270,https://www.sec.gov/Archives/edgar/data/36270/000162828025006267/mtb-20241231.htm,
financial,,,,y,,707179_FY2022_021,ONB,2022,21,"Market, Interest Rate, and Liquidity Risks","If the Company is unable to maintain or grow its deposits, it may be subject to paying higher funding costs.","The total amount that the Company pays for funding costs is dependent, in part, on the Company’s ability to maintain or grow its deposits. If the Company is unable to sufficiently maintain or grow its deposits to meet liquidity objectives, it may be subject to paying higher funding costs. The Company competes with banks and other financial services companies for deposits. Recent increases in short-term interest rates have resulted in and are expected to continue to result in more intense competition in deposit pricing. If competitors raise the rates they pay on deposits, the Company’s funding costs may increase, either because the Company raises rates to avoid losing deposits or because the Company loses deposits to competitors and must rely on more expensive sources of funding. Customers may also move noninterest-bearing deposits to interest bearing accounts, increasing the cost of those deposits. Checking and savings account balances and other forms of customer deposits may decrease when customers perceive alternative investments, such as the stock market, as providing a better risk/return tradeoff. The Company’s bank customers could withdraw their money and put it in alternative investments, causing the Company to lose a lower cost source of funding. Higher funding costs could reduce the Company’s net interest margin and net interest income.",1474,707179,https://www.sec.gov/Archives/edgar/data/707179/000070717923000008/onb-20221231.htm,
strategic,,,,y,,73124_FY2024_040,NTRS,2024,40,Strategic Risks,"If we do not develop and execute strategic plans successfully, our growth may be impacted negatively.","Our growth depends upon successful, consistent development and execution of our business strategies. A failure to develop and execute these strategies may impact growth negatively. A failure to grow organically or to integrate successfully an acquisition could have an adverse effect on our business. The challenges arising from the integration of an acquired business may include preserving valuable relationships with employees, clients, suppliers and other business partners, delivering enhanced products and services, as well as combining accounting, data processing and internal control systems. To the extent we enter into transactions to acquire complementary businesses and/or technologies, we may not achieve the expected benefits of such transactions, which could result in increased costs, lowered revenues, ineffective deployment of capital, regulatory concerns, exit costs or diminished competitive position or reputation. These risks may be increased if the acquired company operates internationally or in a geographic location where we do not already have significant business operations. Execution of our business strategies also may require certain regulatory approvals or consents, which may include approvals of the Federal Reserve Board and other domestic and non-U.S. regulatory authorities. These regulatory authorities have the ability to impose conditions on the activities or transactions contemplated by our business strategies which may impact negatively our ability to realize fully the expected benefits of certain opportunities. Further, acquisitions we announce may not be completed, or completed in the time frame anticipated, if we do not receive the required regulatory approvals, if regulatory approvals are significantly delayed or if other closing conditions are not satisfied.",1915,73124,https://www.sec.gov/Archives/edgar/data/73124/000007312425000105/ntrs-20241231.htm,
strategic,,,,y,,39263_FY2025_011,CFR,2025,11,Operational Risks,Our Reputation and Our Business Are Subject to Negative Publicity Risk,"Risk to our earnings, liquidity, and capital from negative public opinion, is inherent in our business. Negative public opinion could adversely affect our ability to keep and attract customers and expose us to adverse legal and regulatory consequences. Negative public opinion could result from our actual or alleged conduct in any number of activities, including (i) lending practices, (ii) branching strategy, (iii) product and service offerings, (iv) corporate governance, (v) regulatory compliance, (vi) mergers and acquisitions, (vii) disclosure, (viii) sharing or inadequate protection of customer information, (ix) successful or attempted cyber-attacks against us, our customers or our third-party partners or vendors and (x) failure to achieve any publicly announced commitments to employees or other initiatives or to respond adequately to stakeholders’ concerns or actions taken by government regulators and community organizations. There is focus by some investors and other stakeholders on topics related to corporate policies and approaches related to environmental and social matters. Due to divergent stakeholder views on these matters, we are at increased risk that any action, or lack thereof, concerning these matters will be perceived negatively by some stakeholders, which could negatively affect our business and reputation. Negative public opinion could also result from adverse news or publicity that impairs the reputation of the financial services industry generally or from the actions of our employees, customers, affiliates or third parties with whom we do business. In addition, our reputation or future prospects may be significantly damaged by adverse publicity or negative information regarding us, whether or not true, that may be posted on social media, non-mainstream news services or other parts of the internet, and this risk is magnified by the speed and pervasiveness with which information is disseminated through those channels. Because we conduct most of our business under the “Frost” brand, negative public opinion about one business could affect our other businesses. Events that result in damage to our reputation may also increase our litigation risk, increase regulatory scrutiny, affect our ability to attract and retain customers and employees and have other consequences that we may not be able to predict.",2427,39263,https://www.sec.gov/Archives/edgar/data/39263/000003926326000011/cfr-20251231.htm,
operational,,,,y,,49196_FY2022_024,HBAN,2022,24,Operational Risks:,"Climate change manifesting as physical or transition risks could adversely affect our operations, businesses, and customers.","There is an increasing concern over the risks of climate change and related environmental sustainability matters. The physical risks of climate change include discrete events, such as flooding and wildfires, and longer-term shifts in climate patterns, such as extreme heat, sea level rise, and more frequent and prolonged drought. Under medium or longer-term scenarios, such events, if uninterrupted or unaddressed, could disrupt our operations or those of our customers or third parties on which we rely, including through direct damage to assets and indirect impacts from supply chain disruption and market volatility. Additionally, transitioning to a low-carbon economy may entail extensive policy, legal, technology and market initiatives. Transition risks, including changes in consumer preferences and additional regulatory requirements or supervisory expectations or taxes, could increase our expenses and undermine our strategies. In addition, our reputation and client relationships may be damaged as a result of our practices related to climate change, including our involvement, or our customers’ involvement, in certain industries or projects, in the absence of mitigation and/or transition measures, associated with causing or exacerbating climate change, as well as any decisions we make to continue to conduct or change our activities in response to considerations relating to climate change. As climate risk is interconnected with all key risk types, we have established a formal climate risk program to embed climate risk considerations into our risk management processes across all established risk pillars, such as market, credit, and operational risks. While the timing and severity of climate change may not be entirely predictable and our risk management processes may not be effective in mitigating climate risk exposure, we continue to build capabilities to identify, assess, and manage climate risks.",2049,49196,https://www.sec.gov/Archives/edgar/data/49196/000004919623000020/hban-20221231.htm,
financial,,,,y,,1331520_FY2021_032,HOMB,2021,32,Risks Related to Owning Our Stock,The rights of our common shareholders are subordinate to the holders of any debt securities that we may issue from time to time and may be subordinate to the holders of any series of preferred stock that may issue in the future.,"On April 3, 2017, we issued $300.0 million of 5.625% fixed-to-floating rate subordinated notes, which mature in 2027, and on January 18, 2022, we issued $300.0 million of 3.125% fixed-to-floating rate subordinated notes, which mature in 2032. Because these subordinated notes are senior to our shares of common stock, in the event of our bankruptcy, dissolution or liquidation, the holders of any such subordinated notes then outstanding must be satisfied before any distributions can be made to the holders of our common stock. As of December 31, 2021, we also have $73.3 million of outstanding subordinated debentures issued in connection with trust preferred securities. Payments of the principal and interest on the trust preferred securities are unconditionally guaranteed by us. The subordinated debentures are senior to our shares of common stock. As a result, we must make payments on the subordinated debentures (and the related trust preferred securities) before any dividends can be paid on our common stock and, in the event of our bankruptcy, dissolution or liquidation, the holders of the debentures must be satisfied before any distributions can be made to the holders of our common stock. We have the right to defer distributions on the subordinated debentures (and the related trust preferred securities) for up to five years, during which time no dividends may be paid to holders of our capital stock. If we elect to defer or if we default with respect to our obligations to make payments on these subordinated debentures, this would likely have a material adverse effect on the market value of our common stock. Our board of directors has the authority to issue in the aggregate up to 5,500,000 shares of preferred stock, and to incur senior or subordinated indebtedness, generally without shareholder approval. Our preferred stock could be issued with voting, liquidation, dividend and other rights that may be superior to the rights of our common stock. In addition, like our outstanding subordinated debentures, any future indebtedness that we incur would be expected to be senior to our common stock with respect to payment upon liquidation, dissolution or winding up. Accordingly, common shareholders bear the risk that our future issuances of debt or equity securities or our incurrence of other borrowings will negatively affect the market price of our common stock.",2620,1331520,https://www.sec.gov/Archives/edgar/data/1331520/000133152022000015/homb-20211231.htm,
strategic,,,,y,,1810546_FY2021_065,EBC,2021,65,Risks Related to Our Business and Our Industry Generally,Eastern Insurance Group’s business model could become outdated as insurance carriers offer products directly to consumers.,"Technological advances in the insurance market have increased the number of insurance carriers that work directly with consumers to generate insurance policies. Since Eastern Insurance Group acts solely as an insurance agent and does not originate insurance policies, this shift in business model could result in decreased revenue and could eventually result in the eradication of the insurance agent model altogether. As such, an increase in the number or popularity of direct-to-consumer insurance products could result in decreased profitability for Eastern Insurance Group.",699,1810546,https://www.sec.gov/Archives/edgar/data/1810546/000162828022004022/ebc-20211231.htm,
regulatory,,,,y,,707179_FY2023_035,ONB,2023,35,"Legal, Regulatory, and Compliance Risks",Fee revenues from overdraft protection programs may be subject to increased supervisory scrutiny.,"In 2023, the Company collected $22.3 million in overdraft transaction fees. Members of Congress and the leadership of the OCC and CFPB have expressed a heightened interest in bank overdraft protection programs. On January 17, 2024, the CFPB proposed a rule that would significantly reform the regulatory framework governing overdraft practices applicable to banks such as Old National Bank that have more than $10 billion in assets. If adopted as proposed, the proposed rule would likely result in decreased revenue from overdraft transaction fees for Old National Bank. See “Business – Supervision and Regulation” herein for more information about this proposed rule. These actions are a component of the CFPB’s broader supervision and enforcement initiative targeting so-called consumer “junk fees.” In addition, the OCC has identified potential options for reform of national bank overdraft protection practices, including providing a grace period before the imposition of a fee, refraining from charging multiple fees in a single day and eliminating fees altogether. In response to this increased congressional and regulatory scrutiny, and in anticipation of enhanced supervision and enforcement of overdraft protection practices in the future, certain banking organizations have modified their overdraft protection programs, including by discontinuing the imposition of overdraft transaction fees. These competitive pressures from our peers, as well as any adoption by our regulators of new rules or supervisory guidance or more aggressive examination and enforcement policies in respect of banks’ overdraft protection practices, could cause us to modify our program and practices in ways that may have a negative impact on our revenue and earnings, which, in turn, could have an adverse effect on our financial condition and results of operations. In addition, as supervisory expectations and industry practices regarding overdraft protection programs change, our continued offering of overdraft protection may result in negative public opinion and increased reputation risk.",2178,707179,https://www.sec.gov/Archives/edgar/data/707179/000070717924000006/onb-20231231.htm,
operational,,,,y,,1178970_FY2024_004,PFS,2024,4,Risks Related to the Recent Merger with Lakeland,The combined company's human capital may be affected by inability to retain personnel successfully.,"The success of the merger will depend in part on the combined company’s ability to manage its human capital and retain the talent and dedication of key employees. It is possible that these employees may decide not to remain with the Company going forward. If the Company is unable to retain key employees, including management, who are critical to the successful integration and future operations of the Company, the Company could face disruptions in its operations, loss of existing customers, loss of key information, expertise or know-how and unanticipated additional recruitment costs. In addition, if key employees terminate their employment, the Company’s human capital and business activities may be adversely affected, and management’s attention may be diverted from successfully hiring suitable replacements, all of which may cause the Company’s business to suffer. The Company also may not be able to locate or retain suitable replacements for any key employees who leave.",1081,1178970,https://www.sec.gov/Archives/edgar/data/1178970/000162828025008991/pfs-20241231.htm,
financial,,,,y,,40729_FY2021_022,ALLY,2021,22,Risks Related to Our Business,Our borrowing costs and access to the banking and capital markets could be negatively impacted if our credit ratings are downgraded or otherwise fail to meet investor expectations.,"The cost and availability of our funding are meaningfully affected by our short- and long-term credit ratings. Each of Standard & Poor’s Rating Services, Moody’s Investors Service, Inc., Fitch, Inc., and Dominion Bond Rating Service rates some or all of our debt, and these ratings reflect the rating agency’s opinion of our financial strength, operating performance, strategic position, and ability to meet our obligations. Agency ratings are not a recommendation to buy, sell, or hold any security and may be revised or withdrawn at any time. Each agency’s rating should be evaluated independently of any other agency’s rating. Future downgrades to our credit ratings or their failure to meet investor expectations may result in higher borrowing costs, reduced access to the banking and capital markets, more restrictive terms and conditions being added to any new or replacement financing arrangements.",1085,40729,https://www.sec.gov/Archives/edgar/data/40729/000004072922000007/ally-20211231.htm,
regulatory,,,,y,,39263_FY2024_035,CFR,2024,35,General Risk Factors,Changes In Accounting Standards Could Materially Impact Our Financial Statements,"From time to time, accounting standards setters change the financial accounting and reporting standards that govern the preparation of our financial statements. These changes can be difficult to predict and can materially impact how we record and report our financial condition and results of operations. In some cases, we could be required to apply a new or revised standard retroactively, resulting in changes to previously reported financial results or a cumulative charge to retained earnings. See Note 19 - Accounting Standards Updates in the notes to consolidated financial statements included in Item 8. Financial Statements and Supplementary Data elsewhere in this report for further information regarding pending accounting standards updates.",831,39263,https://www.sec.gov/Archives/edgar/data/39263/000003926325000017/cfr-20241231.htm,
financial,,,,y,,1069157_FY2023_007,EWBC,2023,7,Risks Related to Financial Matters,Inflation can have an adverse impact on our business and on our customers.,"Inflation risk is the risk that the value of assets or income from investments will be worth less in the future as inflation decreases the value of money. In 2023 inflation persisted and was slow to decrease despite multiple increases to the federal funds rate by the Federal Reserve. As inflation increases and interest rates rise, the value of our investment securities, particularly those with longer maturities, decreases, although this effect is less pronounced for floating rate instruments. Prolonged periods of inflation also may impact our profitability by negatively impacting our costs and expenses, including increasing funding costs and expense related to talent acquisition and retention, and negatively impacting the demand for our products and services. Moreover, our customers are also affected by inflation and the rising costs of goods and services used in their households and businesses, which could have a negative impact on their ability to repay their loans. Further adverse changes in inflation and interest rates could negatively impact consumer and business confidence, and adversely affect the economy as well as our business, results of operations and financial condition.",1275,1069157,https://www.sec.gov/Archives/edgar/data/1069157/000106915724000020/ewbc-20231231.htm,
financial,,,,y,,1281761_FY2022_003,RF,2022,3,Credit Risks,"If we experience greater credit losses in our loan portfolios than anticipated, our earnings may be materially adversely affected.","As a lender, we are exposed to the risk that our customers will be unable to repay their loans and leases according to their terms and that any collateral securing the payment of their loans and leases may not be sufficient to assure repayment. Credit losses are inherent in the business of making loans and could have a material adverse effect on our operating results. We make various assumptions and judgments about the collectability of our loan portfolio and provide an allowance for credit losses based on a number of factors. Our management periodically determines the allowance for credit losses based on available information, including the quality of the loan portfolio, the value of the underlying collateral and the level of non-accrual loans, taking into account relevant information about past events, current conditions and reasonable and supportable forecasts of future economic conditions that affect the collectability of our loan portfolio. Increases in the allowance will result in an expense for the period, thereby reducing our reported net income. If, as a result of general economic conditions, there is a decrease in asset quality or growth in the loan portfolio and management determines that additional increases in the allowance for credit losses are necessary, we may incur additional expenses which will reduce our net income, and our business, results of operations or financial condition may be materially adversely affected. Although our management will establish an allowance for credit losses it believes is appropriate to absorb expected credit losses over the life of loans in our loan portfolio, this allowance may not be adequate. For example, if a hurricane or other natural disaster were to occur in one of our principal markets or if economic conditions in those markets were to deteriorate unexpectedly, additional credit losses not incorporated in the existing allowance for credit losses may occur. Losses in excess of the existing allowance for credit losses will reduce our net income and could adversely affect our business, results of operations or financial condition, perhaps materially. In addition, bank regulatory agencies will periodically review our allowance for credit losses and the value attributed to non-accrual loans and to real estate acquired through foreclosure. Such regulatory agencies may require us to adjust our determination of the value for these items. These adjustments could materially adversely affect our business, results of operations or financial condition.",2668,1281761,https://www.sec.gov/Archives/edgar/data/1281761/000128176123000012/rf-20221231.htm,
operational,,,,y,,40729_FY2025_040,ALLY,2025,40,Risks Related to Our Operations,"We are heavily reliant on technology, and a failure in effectively implementing technology initiatives, anticipating future technology needs or demands, or maintaining rights or interests in associated intellectual property could adversely affect our business or financial results","As a digital financial-services company and a direct bank with no branch network, we significantly depend on technology to deliver our products and services and to otherwise conduct our business and operations. To remain technologically competitive and operationally efficient, we invest in system upgrades, new solutions, cloud-based services, AI, and other technology initiatives. Many of these initiatives take a significant amount of time to develop and implement, are tied to critical systems, and require substantial financial, human, and other resources. Further, our utilization of AI technologies could result in content, analyses, or automated tasks that are inaccurate, deficient, or otherwise erroneous. Although we take steps to mitigate the risks and uncertainties associated with these initiatives, they are not always implemented on time, within budget, or without negative financial, operational, or customer impact and do not always perform as we or our customers expect, and no assurance can be provided that initiatives in the future will be or will do so. We also may not succeed in anticipating or keeping pace with future technology needs, the technology demands of customers, or the competitive landscape for technology. For example, many of our competitors have begun utilizing AI to offer new products and services to their customers. If we are unable to meet evolving customer expectations and industry standards regarding the development and implementation of AI and emerging technologies, or if we were to misstep in any of these areas, our business, financial results, or reputation could be negatively impacted. Our use of systems and other technologies also depends on rights or interests in the underlying intellectual property, which we or our service providers may own or license. If we or a service provider were alleged or found to be infringing on the intellectual-property rights of another person or entity, we could be liable for significant damages for past infringement, substantial fees for continued use, and deprivation of access for limited or extended periods of time without the practical availability of an alternative.",2449,40729,https://www.sec.gov/Archives/edgar/data/40729/000004072926000005/ally-20251231.htm,
financial,,,,y,,37808_FY2022_025,FNB,2022,25,O,"The impacts of the pandemic on our business, financial condition and results of operations are likely to continue to change.","The COVID-19 pandemic caused significant disruption in the international and U.S. economies and financial markets and had an adverse effect on our business. The spread of COVID-19 caused death, illness, quarantines, cancellation of events and travel, business and school shutdowns, reduction in business activity and financial transactions, supply chain interruptions and overall economic and financial market instability. Activity restrictions imposed in response to the pandemic, as well as other consequences of the pandemic, resulted in significant adverse effects for many different types of businesses, and caused significant disruption of the U.S. workforce, including labor shortages resulting from employee resignations, retirements, layoffs and furloughs, which also impacted the regions in which we operate. The effects of the COVID-19 pandemic have varied significantly by region, and the extent of the effects of the pandemic on the U.S. and global economies, labor markets and financial markets are likely to continue to change. Future developments will be highly uncertain and cannot be predicted, including the effectiveness of post-pandemic remote working arrangements, third party providers’ ability to continue to support our operations, and any further actions taken by governmental authorities and other third parties. Additionally, although there is a greater understanding of the COVID-19 virus and the US population is much more aware of behaviors to adopt to limit transmission, there remains the prospect, that new, possibly more resilient, or lethal variants, could emerge resulting in widespread lockdowns akin to those in 2020 and similar increased economic, labor, supply chain and other significant disruption which may impact our businesses. Accordingly, the pandemic and related dynamics could materially and adversely affect our business, operations, operating results, financial condition, liquidity or capital levels.",2077,37808,https://www.sec.gov/Archives/edgar/data/37808/000003780823000005/fnb-20221231.htm,
financial,,,,y,,1212545_FY2023_001,WAL,2023,1,Market and Economic Risks,"Our financial performance may be adversely affected by conditions in the financial markets, adverse developments or concerns affecting the financial services industry generally or financial institutions that are similar to us or may be viewed as being similar to us, and economic conditions generally.","Our financial performance is highly dependent upon the business environment in the markets where we operate and in the U.S. as a whole. Unfavorable or uncertain economic and market conditions can be caused by declines in economic growth, business activity, or investor or business confidence, limitations on the availability or increases in the cost of credit and capital, increases in inflation or interest rates, U.S. government debt default or shutdown, the imposition of tariffs on trade, natural disasters, the emergence of widespread health emergencies or pandemics (such as the COVID-19 pandemic), terrorist attacks, acts of war (such as the military conflicts in Ukraine and the Middle East), or a combination of these or other factors. The specific impact on us of unfavorable or uncertain economic or market conditions is difficult to predict, could be long or short term, and may be indirect, such as disruptions in our customers' supply chains or a reduction in the demand for their products or services. A worsening of business and economic conditions generally or specifically in the principal markets in which we conduct business could have adverse effects, including the following: a decrease in deposit balances or the demand for loans and other products and services we offer; an increase in the number of borrowers who become delinquent, file for protection under bankruptcy laws or default on their loans or other obligations to us, which could lead to higher levels of nonperforming assets, net charge-offs, and provisions for credit losses; a decrease in the value of loans and other assets or in the value of collateral; a decrease in net interest income from our lending and deposit gathering activities; an impairment of certain intangible assets such as goodwill; an increase in competition resulting from increasing consolidation within the financial services industry; and an increase in borrowing costs in excess of changes in the rate at which we reinvest funds. In the U.S. financial services industry, the soundness of financial institutions is closely interrelated. Actual events involving limited liquidity, defaults, non-performance or other adverse developments affecting financial institutions, transactional counterparties or other companies in the financial services industry or the financial services industry generally, or concerns or rumors about any events of these kinds or other similar events, have in the past and may in the future lead to erosion of customer confidence in the banking system or certain banks, deposit volatility, liquidity issues, credit problems, losses or defaults by other institutions, stock price volatility and other adverse developments. The bank closures in the first half of 2023 led to such disruption and volatility, including deposit outflows, at many mid-sized banks, including us, increasing the need for liquidity. Although bank regulators ensured depositors would have access to all of their money after only one business day of the first such bank closure, including funds held in uninsured deposit accounts, it is not certain bank regulators will treat future bank failures similarly. Additionally, these types of events may adversely affect financial intermediaries, such as clearing agencies, clearing houses, banks, securities firms, and exchanges, with which we interact on a daily basis. Any of these impacts, or any other impacts resulting from the events described above or other related or similar events, could have a material adverse effect on our liquidity and current and/or projected business operations and financial condition and results of operations. It is possible that the business environment in the U.S., including with respect to the financial services industry, will continue to be challenging or experience recession or additional volatility in the future. There can be no assurance such conditions will improve in the near term or that conditions will not worsen. There also can be no assurance there will not be additional bank failures or liquidity concerns in particular segments of the financial services industry or in the U.S. financial system as a whole. Such conditions or events could adversely affect our business, results of operations, and financial condition.",4581,1212545,https://www.sec.gov/Archives/edgar/data/1212545/000121254524000092/wal-20231231.htm,
regulatory,,,,y,,764038_FY2022_083,SSB,2022,83,Risks relating to the Regulatory Environment,Higher FDIC deposit insurance premiums and assessments could adversely affect our financial condition.,"The FDIC insures deposits at FDIC-insured depository institutions, such as our subsidiary Bank, up to applicable limits. The amount of a particular institution’s deposit insurance assessment is based on that institution’s risk classification under an FDIC risk-based assessment system. The assessment base on which the Bank’s deposit insurance premiums is paid to the FDIC has been calculated based on its average consolidated total assets less its average equity. However, effective January 1, 2019, which was following the fourth consecutive quarter where the Bank’s total consolidated assets exceeded $10 billion, the FDIC started to use a performance score and loss-severity score to calculate the Bank’s initial FDIC assessment rate. An institution’s risk classification is assigned based on its capital levels and the level of supervisory concern the institution poses to its regulators. While our risk management processes are designed to reduce risk by maintaining capital levels and mitigating any supervisory concerns, we may be unable to control the amount of premiums that we are required to pay for FDIC insurance in the event of a new economic downturn and an increase in financial institution failures. Any future increases in assessments or required prepayments in FDIC insurance premiums may materially adversely affect results of operations, including by reducing our profitability or limiting our ability to pursue business opportunities.",1559,764038,https://www.sec.gov/Archives/edgar/data/764038/000155837023002028/ssb-20221231x10k.htm,Acquired Independent Bank Group January 
financial,,,,y,,40729_FY2022_024,ALLY,2022,24,Risks Related to Our Business,"Challenging business, economic, or market conditions may adversely affect our business, results of operations, and financial condition.","Our businesses are driven by robust economic and market activity, monetary and fiscal stability, and positive investor, business, and consumer sentiment. A downturn in economic conditions, disruptions in the equity or debt markets, high unemployment or underemployment, depressed vehicle or housing prices, unsustainable debt levels, high inflation, unfavorable changes in interest rates, declines in household incomes or savings, deteriorating consumer or business sentiment, consumer or commercial bankruptcy filings, or declines in the strength of national or local economies could decrease demand for our products and services, increase the amount and rate of delinquencies and losses, raise our operating and other expenses, and negatively impact the returns on and the value of our loans, investment portfolio, and other assets. Further, if a significant and sustained increase in fuel prices or other adverse conditions were to lead to diminished new and used vehicle purchases or prices, our automotive finance and insurance businesses could suffer considerably. In addition, concerns about the pace of economic growth and uncertainty about fiscal and monetary policies can result in significant volatility in the financial markets and could impact our ability to obtain cost-effective funding. If any of these events were to occur or worsen, our business, results of operation, and financial condition could be adversely affected.",1574,40729,https://www.sec.gov/Archives/edgar/data/40729/000004072923000005/ally-20221231.htm,
regulatory,,,,y,,857855_FY2021_022,UCB,2021,22,"REGULATORY, LEGISLATIVE AND LEGAL RISKS",We are subject to a challenging regulatory environment that restricts our activities.,"We operate in a heavily regulated industry. Our regulatory burdens, including both operating restrictions and ongoing compliance costs, are substantial. We are subject to many banking, deposit, insurance, securities brokerage and underwriting, and consumer lending regulations in addition to the rules applicable to all companies publicly traded in the U.S. securities markets. Failure to comply with applicable regulations could result in financial, structural, and operational penalties. In addition, efforts to comply with applicable regulations may increase our costs and/or limit our ability to pursue certain business opportunities. See Supervision and Regulation in Item 1 of this report, for additional information concerning financial industry regulations. Federal and state regulations significantly limit the types of activities in which we, as a financial institution, may engage. In addition, we are subject to a wide array of other regulations that govern other aspects of how we conduct our business, such as in the areas of employment and intellectual property. Federal and state legislative and regulatory authorities increasingly consider changing these regulations or adopting new ones. Such actions could further limit the amount of interest or fees we can charge, could further restrict our ability to collect loans or realize on collateral, could affect the terms or profitability of the products and services we offer, or could materially affect us in other ways. The following paragraphs highlight certain specific important risk areas related to regulatory matters currently. These paragraphs do not describe these risks exhaustively, and they do not describe all such risks that we face currently. Moreover, the importance of specific risks will grow or diminish as circumstances change. We and the Bank both are required to maintain certain regulatory capital levels and ratios. U.S. capital standards are discussed in Item 1 of this report under the caption Capital Adequacy . Pressures to maintain appropriate capital levels and address business needs in a changing economy could result in certain mandatory and possible additional discretionary actions by regulators that, if undertaken, could be dilutive or otherwise have an adverse effect on our shareholders. Such actions could include: reduction or elimination of dividends; the issuance of common or preferred stock, or securities convertible into stock; or the issuance of any class of stock having rights that are adverse to those of the holders of our existing classes of common or preferred stock. In addition, these requirements could have a negative impact on our ability to lend, grow deposit balances, make acquisitions or make share repurchases or redemptions. Higher capital levels could also lower our return on equity. Additional information concerning these risks and our management of them, all of which is incorporated into this Item 1A by this reference, appears: under the captions Capital Adequacy and Prompt Corrective Action in Item 1 of this report; under the caption “Capital Resources and Dividends” of Part II, Item 7. MD&A; and Note 21 Regulatory Matters, of Part II, Item 8. Financial Statements.",3293,857855,https://www.sec.gov/Archives/edgar/data/857855/000085785522000006/ucbi-20211231.htm,
regulatory,,,,y,,910073_FY2021_021,FLG,2021,21,Legal/Compliance Risks,"If federal, state, or local tax authorities were to determine that we did not adequately provide for our taxes, our income tax expense could be increased, adversely affecting our earnings.","The amount of income taxes we are required to pay on our earnings is based on federal, state, and local legislation and regulations. We provide for current and deferred taxes in our financial statements, based on our results of operations, business activity, legal structure, interpretation of tax statutes, assessment of risk of adjustment upon audit, and application of financial accounting standards. We may take tax return filing positions for which the final determination of tax is uncertain, and our net income and earnings per share could be reduced if a federal, state, or local authority were to assess additional taxes that have not been provided for in our consolidated financial statements. In addition, there can be no assurance that we will achieve our anticipated effective tax rate. Unanticipated changes in tax laws or related regulatory or judicial guidance, or an audit assessment that denies previously recognized tax benefits, could result in our recording tax expenses that materially reduce our net income.",1218,910073,https://www.sec.gov/Archives/edgar/data/910073/000095017022002118/nycb-20211231.htm,"Rename was cosmetic, but Flagstar Bank a"
financial,,,,y,,714310_FY2023_035,VLY,2023,35,Risks Related to an Investment in Our Securities,"If our subsidiaries are unable to pay dividends or make distributions to us, we may be unable to make dividend payments to our preferred and common shareholders or interest payments on our long-term borrowings and junior subordinated debentures issued to capital trusts.","Valley National Bancorp is a separate and distinct legal entity from our banking and non-banking subsidiaries and depend on dividends, distributions, and other payments from the Bank and its non-banking subsidiaries to fund cash dividend payments on our preferred and common stock and to fund most payments on our other obligations. Regulations relating to capital requirements affect the ability of the Bank to pay dividends and other distributions to us and to make loans to us. Additionally, if our subsidiaries’ earnings are not sufficient to make dividend payments to us while maintaining adequate capital levels, we may not be able to make dividend payments to our preferred and common shareholders or interest payments on our long-term borrowings and junior subordinated debentures issued to capital trusts. Furthermore, our right to participate in a distribution of assets upon a subsidiary’s liquidation or reorganization is subject to the prior claims of the subsidiary’s creditors.",1262,714310,https://www.sec.gov/Archives/edgar/data/714310/000071431024000065/vly-20231231.htm,
strategic,,,,y,,1281761_FY2024_027,RF,2024,27,Reputational Risks,Damage to our reputation could significantly harm our businesses.,"Our ability to attract and retain customers and highly-skilled management and employees is impacted by our reputation. A negative public opinion of us and our business can result from any number of activities, including our lending practices, corporate governance and regulatory compliance, acquisitions and actions taken by community organizations in response to these activities. Furthermore, negative publicity regarding us as an employer could have an adverse impact on our reputation, especially with respect to matters of diversity, pay equity and workplace harassment. Significant harm to our reputation, or the reputation of any company, could also arise as a result of regulatory or governmental actions, litigation and the activities of our customers, other participants in the financial services industry or our contractual counterparties, such as our service providers and vendors. In addition, a cybersecurity event affecting us or our customers’ data could have a negative impact on our reputation and customer confidence in us and our cybersecurity practices. Damage to our reputation could also adversely affect our credit ratings and access to the capital markets. Additionally, the widespread use of social media platforms by virtually every segment of society facilitates the rapid dissemination of information or misinformation, which magnifies the potential harm to our reputation.",1467,1281761,https://www.sec.gov/Archives/edgar/data/1281761/000128176125000010/rf-20241231.htm,
regulatory,,,,y,,7789_FY2022_045,ASB,2022,45,"Legal, Regulatory, Compliance and Reputational Risks",Fee revenues from overdraft protection programs constitute a significant portion of our noninterest income and may be subject to increased supervisory scrutiny.,"Revenues derived from transaction fees associated with overdraft protection programs offered to our customers represent a significant portion of our noninterest income. In 2022, the Corporation collected approximately $23 million in overdraft transaction fees. Members of Congress and the leadership of the OCC and CFPB have expressed a heightened interest in bank overdraft protection programs. In December 2021, the CFPB published a report providing data on banks’ overdraft and non-sufficient funds fee revenues as well as observations regarding consumer protection issues relating to participation in such programs. Since then, the CFPB has used the supervision process to obtain additional information about financial institutions’ overdraft practices, and has indicated that it intends to pursue enforcement actions against financial institutions, and their executives, that oversee overdraft practices that are deemed to be unlawful. The CFPB also has published guidance containing instructions for financial institutions to avoid the imposition of unlawful overdraft fees. These actions are a component of the CFPB’s broader supervision and enforcement initiative targeting so-called consumer “junk fees.” In addition, the Comptroller of the Currency has identified potential options for reform of national bank overdraft protection practices, including providing a grace period before the imposition of a fee, refraining from charging multiple fees in a single day and eliminating fees altogether. In response to this increased congressional and regulatory scrutiny, and in anticipation of enhanced supervision and enforcement of overdraft protection practices in the future, certain banking organizations have modified their overdraft protection programs, including by discontinuing the imposition of overdraft transaction fees. These competitive pressures from our peers, as well as any adoption by our regulators of new rules or supervisory guidance or more aggressive examination and enforcement policies in respect of banks’ overdraft protection practices, could cause us to modify our program and practices in ways that may have a negative impact on our revenue and earnings, which, in turn, could have an adverse effect on our financial condition and results of operations. On July 20, 2022, the Corporation eliminated non-sufficient funds fees, overdraft protection transfer fees, and continuous overdraft fees and reduced the daily limit of overdraft fee occurrences from four to two. In addition, as supervisory expectations and industry practices regarding overdraft protection programs change, our continued offering of overdraft protection may result in negative public opinion and increased reputation risk.",2890,7789,https://www.sec.gov/Archives/edgar/data/7789/000000778923000013/asb-20221231.htm,
operational,,,,y,,73124_FY2022_048,NTRS,2022,48,Other Risks,"The systems and models we employ to analyze, monitor and mitigate risks, as well as for other business purposes, are inherently limited, may not be effective in all cases and, in any case, cannot eliminate all risks that we face.","We use various systems and models in analyzing and monitoring several risk categories, as well as for other business purposes. While we assess and improve these systems and models on an ongoing basis, there can be no assurance that they, along with other related controls, will effectively mitigate risk under all circumstances, or that they will adequately mitigate any risk or loss to us. As with any systems and models, there are inherent limitations because they involve techniques and judgments that cannot anticipate every economic and financial outcome in the markets in which we operate, nor can they anticipate the specifics and timing of such outcomes. Further, these systems and models may fail to quantify accurately the magnitude of the risks we face or they may not be effective against all types of risk, including risks that are unidentified or unanticipated. Our measurement methodologies rely on many assumptions and historical analyses and correlations. These assumptions may be incorrect, and the historical correlations on which we rely may not continue to be relevant. Consequently, the measurements that we make may not adequately capture or express the true risk profiles of our businesses or provide accurate data for other business purposes, each of which ultimately could have a negative impact on our business, financial condition and results of operations. Errors in the underlying model or model assumptions, or inadequate model assumptions, could result in unanticipated and adverse consequences, including material loss or noncompliance with regulatory requirements or expectations.",1843,73124,https://www.sec.gov/Archives/edgar/data/73124/000007312423000049/ntrs-20221231.htm,
operational,,,,y,,203596_FY2022_022,WSBC,2022,22,RISKS RELATED TO THE USE OF TECHNOLOGY,INTERRUPTION TO OUR INFORMATION SYSTEMS OR BREACHES IN SECURITY COULD ADVERSELY AFFECT WESBANCO’S OPERATIONS.,"Wesbanco relies on information systems and communications for operating and monitoring all major aspects of business, as well as internal management functions. Any failure, interruption, intrusion or breach in security of these systems could result in failures or disruptions in the Wesbanco customer relationship, management, general ledger, deposit, loan and other systems. While Wesbanco has policies, procedures and technical safeguards designed to prevent or limit the effect of any failure, interruption, intrusion or security breach of its information systems, and also performs testing of business continuity and disaster recovery plans, there can be no absolute assurance that the above-noted issues will not occur or, if they do occur, that they will be adequately addressed. There have been efforts on the part of third parties to breach data security at various financial institutions. The ability of our customers to bank remotely, including online and through mobile devices, requires secure transmission of confidential information and increases the risk of data security breaches. Because the techniques used to attack financial services company communications and information systems change frequently (and generally increase in sophistication), often attacks are not recognized until launched against a target, may be supported by foreign governments or other well-financed entities, and may originate from less regulated and remote areas around the world, we may be unable to address these techniques in advance of attacks, including by implementing adequate preventative measures. Certain financial institutions in the United States have also experienced attacks from technically sophisticated and well-resourced third parties that were intended to disrupt normal business activities by making internet banking systems inaccessible to customers for extended periods. These “denial-of-service” attacks, if attempted, would require substantial resources to defend, and may affect customer satisfaction and behavior. Moreover, the development and maintenance of preventative and detective measures is costly and requires ongoing monitoring and updating as technologies change and efforts to overcome security measures become more sophisticated. Despite our efforts, the possibility of these events occurring cannot be eliminated. Cyber-attacks on third party retailers or other business establishments that widely accept debit card or check payments could compromise sensitive bank customer information, such as debit card and account numbers. Such an attack could result in significant costs to the bank, such as costs to reimburse customers, reissue debit cards and open new customer accounts. The occurrence of any such failure, disruption or security breach of Wesbanco’s information systems, particularly if widespread or resulting in financial losses to our customers, could damage Wesbanco’s reputation, result in a loss of customer business, subject Wesbanco to additional regulatory scrutiny, and expose Wesbanco to civil litigation and possible financial liability. In addition, the prevalence of cyber-attacks and other efforts to breach or disrupt our systems has led, and will continue to lead, to costs to Wesbanco with respect to prevention and mitigation of these risks, as well as costs reimbursing customers for losses suffered as a result of these actions. Successful attacks or systems failures at other large financial institutions, whether or not Wesbanco is included, could lead to a general loss of customer confidence in financial institutions with a potential negative impact on Wesbanco’s business, additional demands on the part of our regulators, and increased costs to deal with risks identified as a result of the problems affecting others. The risks described above could have a material effect on Wesbanco’s business, results of operations and financial condition.",4023,203596,https://www.sec.gov/Archives/edgar/data/203596/000095017023004507/wsbc-20221231.htm,
financial,,,,y,,875357_FY2021_016,BOKF,2021,16,Risks Related to an Investment in Our Stock,"Although publicly traded, BOK Financial's common stock has substantially less liquidity than the average trading market for a stock quoted on the NASDAQ National Market System.","A relatively small fraction of BOK Financial's outstanding common stock is actively traded. The risks of low liquidity include increased volatility of the price of BOK Financial's common stock. Low liquidity may also limit holders of BOK Financial's common stock in their ability to sell or transfer BOK Financial's shares at the price, time and quantity desired.",539,875357,https://www.sec.gov/Archives/edgar/data/875357/000087535722000013/bokf-20211231.htm,
regulatory,,,,y,,700564_FY2025_017,FULT,2025,17,LEGAL AND REGULATORY COMPLIANCE RISKS,"From time to time we may be the subject of litigation and governmental or administrative proceedings. Adverse outcomes of any such litigation or proceedings may have a material adverse impact on our business, financial condition and results of operations as well as our reputation.","Many aspects of our business involve a substantial risk of legal liability. From time to time, we have been named or threatened to be named as a defendant in various lawsuits arising from our business activities and, in some cases, from the activities of companies that we or our subsidiaries acquired. In addition, we are periodically the subject of governmental investigations and other forms of regulatory or governmental inquiry. These lawsuits, investigations, inquiries and other matters could lead to: administrative, civil or criminal proceedings, result in adverse judgments, settlements, fines, penalties, restitution, injunctions or other types of sanctions, the need for us to undertake remedial actions, or otherwise alter our business, financial or accounting practices. Substantial legal liability or significant regulatory actions against us could materially adversely affect our business, financial condition and results of operations and cause significant reputational harm.",1273,700564,https://www.sec.gov/Archives/edgar/data/700564/000070056426000006/fult-20251231.htm,
financial,,,,y,,759944_FY2022_002,CFG,2022,2,Risks Related to Our Business,"Difficult economic conditions, including inflationary pressures or volatility in the financial markets would likely have an adverse effect on our business, financial position and results of operations.","Robust demand, labor shortages and supply chain constraints have led to persistent inflationary pressures throughout the economy. In response to these inflationary pressures, the FRB has raised benchmark interest rates in recent months and may continue to raise interest rates in response to economic conditions, particularly a continued high rate of inflation. Amidst these uncertainties, including potential recessionary economic conditions, financial markets have continued to experience volatility. Changes in interest rates can affect numerous aspects of our business and may impact our future performance. See risk factor headed “Changes in interest rates may have an adverse effect on our profitability” below for more information on the risks associated with changes in interest rates. Prolonged periods of inflation may impact our profitability by negatively impacting our costs and expenses, including increasing funding costs and expense related to talent acquisition and retention, and negatively impacting consumer demand and client purchasing power for our products and services. If significant inflation continues, our business could be negatively affected by, among other things, increased default rates leading to credit losses which could adversely impact our earnings and capital. Any of the effects of these adverse economic conditions would likely have an adverse impact on our earnings, with the significance of the impact generally depending on the nature and severity of the adverse economic conditions.",1728,759944,https://www.sec.gov/Archives/edgar/data/759944/000075994423000029/cfg-20221231.htm,
regulatory,,,,y,,883948_FY2024_022,AUB,2024,22,Risks Related to Our Lending Activities,We are subject to environmental risks.,"We own certain of our properties, and a significant portion of our loan portfolio is secured by real property. In the ordinary course of business, we may foreclose on and take title to properties, securing certain loans. As a result, we could be subject to environmental liabilities with respect to these properties. If hazardous or toxic substances are found, we may be liable for remediation costs, as well as for personal injury and property damage. Environmental laws may require us to incur substantial expenses and may materially reduce the affected property’s value or limit our ability to use or sell the affected property. In addition, future laws or more stringent interpretations or enforcement policies with respect to existing laws may increase our exposure to environmental liability. Although we have policies and procedures to obtain an environmental study during the underwriting process for certain CRE loan originations and to perform an environmental review before initiating any foreclosure action on real property, these reviews may not be sufficient to detect all potential environmental hazards. The remediation costs and any other financial liabilities associated with an environmental hazard could have a material adverse effect on our business, financial condition, and results of operations.",1357,883948,https://www.sec.gov/Archives/edgar/data/883948/000088394825000021/aub-20241231x10k.htm,
operational,,,,n,,910073_FY2024_006,FLG,2024,6,Financial Statements Risk,the nature of which are uncertain and may not reflect recent credit or macroeconomic factors.,"The processes we use to estimate expected losses and to measure the fair value of financial instruments, as well as the processes used to estimate the effects of changing interest rates and other market measures on our financial condition and results of operations, depends upon the use of analytical and forecasting models. These models reflect assumptions that may not be accurate, particularly in times of market stress or other unforeseen circumstances. Even if these assumptions are adequate, the models may prove to be inadequate or inaccurate because of other flaws in their design or their implementation. If the models that we use for interest rate risk and asset-liability management are inadequate, we may incur increased or unexpected losses upon changes in market interest rates or other market measures. If the models that we use for determining our expected losses are inadequate, the allowance for loan losses may not be sufficient to support future charge-offs. If the models that we use to measure the fair value of financial instruments are inadequate, the fair value of such financial instruments may fluctuate unexpectedly or may not accurately reflect what we could realize upon sale or settlement of such financial instruments. Any such failure in our analytical or forecasting models could have a material adverse effect on our business, financial condition and results of operations.",1501,910073,https://www.sec.gov/Archives/edgar/data/910073/000091007325000038/fbc-20241231.htm,"Rename was cosmetic, but Flagstar Bank a"
financial,,,,y,,750577_FY2022_028,HWC,2022,28,Risks Related to Our Common Stock,"Future issuances of equity securities could dilute the interests of holders of our common stock, and our common stock ranks junior to indebtedness.","Our common stock ranks junior to all of our existing and future indebtedness with respect to distributions and liquidation. In addition, future issuances of equity securities, including pursuant to outstanding options, could dilute the interests of our existing shareholders, including you, and could cause the market price of our common stock to decline. Moreover, to the extent that we issue restricted stock units, phantom shares, stock appreciation rights, options or warrants to purchase our common stock in the future and those stock appreciation rights, options or warrants are exercised or as the restricted stock units vest, our shareholders may experience further dilution. Holders of our shares of common stock do not have preemptive rights. Additionally, sales of a substantial number of shares of our common stock in the public markets and the availability of those shares for sale could adversely affect the market price of our common stock.",1102,750577,https://www.sec.gov/Archives/edgar/data/750577/000095017023004433/hwc-20221231.htm,
financial,,,,y,,36377_FY2024_002,FHB,2024,2,,"Our business is significantly dependent on the real estate markets in which we operate, as a significant percentage of our loan portfolio is secured by real estate.","As of December 31, 2024, our real estate loans represented approximately $10.7 billion, or 74% of our total loan and lease portfolio. Our real estate loans consist primarily of residential loans, including home equity loans (representing 37% of our total loan and lease portfolio) and commercial and construction loans (representing 37% of our total loan and lease portfolio), with the significant majority of these loans concentrated in Hawaii. Real property values in Hawaii may be affected by a variety of factors outside of our control and the control of our borrowers, including national and local economic conditions generally. Declines in real property prices, including prices for homes and commercial properties, in Hawaii, Guam or Saipan could result in a deterioration of the credit quality of our borrowers, an increase in the number of loan delinquencies, defaults and charge-offs, and reduced demand for our products and services generally. In addition, nearly all residential mortgage loans and home equity lines of credit and loans outstanding are for residences located in Hawaii, Guam or Saipan. These island locales are susceptible to a wide array of potential natural disasters including, but not limited to, hurricanes, floods, wildfires, earthquakes and tsunamis, like the May 2023 super typhoon that struck Guam and August 2023 Maui wildfires. Finally, declines in real property values in the areas in which we operate, particularly Hawaii, whether as a result of these or other factors, could result in a deterioration of the credit quality of our borrowers, an increase in the number of loan delinquencies, defaults and charge-offs, and reduced demand for our products and services generally. Additionally, such declines in real property values could reduce the value of any collateral we realize following a default on these loans and could adversely affect our ability to continue to grow our loan portfolio consistent with our underwriting standards. Our failure to mitigate these risks effectively could have a material adverse effect on our business, financial condition or results of operations.",2290,36377,https://www.sec.gov/Archives/edgar/data/36377/000155837025001943/fhb-20241231x10k.htm,
financial,,,,y,,351569_FY2024_004,ABCB,2024,4,Credit and Liquidity Risk,Our revenues are highly correlated to market interest rates.,"Our assets and liabilities are primarily monetary in nature, and as a result, we are subject to significant risks tied to changes in interest rates. Our ability to operate profitably is largely dependent upon net interest income. In 2024, net interest income made up 74.3% of our revenue. Unexpected movement in interest rates, that may or may not change the slope of the current yield curve, could cause our net interest margins to decrease, subsequently decreasing net interest income. In addition, such changes could materially adversely affect the valuation of our assets and liabilities. At present our one-year interest rate sensitivity position is asset sensitive, such that a gradual increase in interest rates during the next twelve months should have a positive impact on net interest income during that period. However, as with most financial institutions, our results of operations are affected by changes in interest rates and our ability to manage this risk. The difference between interest rates charged on interest-earning assets and interest rates paid on interest-bearing liabilities may be affected by changes in market interest rates, changes in relationships between interest rate indices and changes in the relationships between long-term and short-term market interest rates. In addition, the mix of assets and liabilities could change as varying levels of market interest rates might present our customer base with more attractive options.",1523,351569,https://www.sec.gov/Archives/edgar/data/351569/000035156925000006/abcb-20241231.htm,
regulatory,,,,y,,109380_FY2024_026,ZION,2024,26,LEGAL/COMPLIANCE RISK,"Legislative, administrative, and judicial changes to tax laws, regulations, and case law may adversely impact our business and financial performance.","We are subject to the income tax laws of the U.S., its states, and other jurisdictions where we conduct business. These laws are complex and subject to different interpretations by the taxpayer and the various taxing authorities. In determining the provision for income taxes, management makes judgments and estimates about the application of these inherently complex laws, related regulations, and case law. In the process of preparing our tax returns, management attempts to make reasonable interpretations of the tax laws. These interpretations are subject to challenge by the tax authorities upon audit or to reinterpretation based on management’s ongoing assessment of facts and evolving case law. Changes in tax laws, regulations, or case law may result in an adverse impact to our effective tax rate, tax obligations, and financial results. Additionally, challenges made by tax authorities during an audit may result in adjustments to our tax return filings, resulting in similar adverse impacts to our financial position.",1178,109380,https://www.sec.gov/Archives/edgar/data/109380/000010938025000040/zions-20241231.htm,
financial,,,,y,,1810546_FY2022_048,EBC,2022,48,Risks Related to Our Business and Our Industry Generally,Our business may be adversely affected by conditions in the financial markets and by economic conditions generally.,"Weakness in the U.S. economy may adversely affect, our business. A deterioration of business and economic conditions has adversely affected, and could in the future adversely affect the credit quality of our loans, results of operations and financial condition. Increases in loan delinquencies and default rates could adversely impact our loan charge-offs and provision for loan and lease losses. Deterioration or defaults made by issuers of the underlying collateral of our investment securities may cause additional credit-related other-than-temporary impairment charges to our income statement. Our ability to borrow from other financial institutions or to access the debt or equity capital markets on favorable terms or at all could be adversely affected by disruptions in the capital markets or other events, including actions by rating agencies and deteriorating investor expectations. In addition to these specific effects, widespread adverse economic conditions that could affect us include: Reduced consumer spending; Increased unemployment; Lower wage income levels; Declines in the market value of residential and commercial real estate; Inflation or deflation; Fluctuations in the value of the U.S. dollar; Volatility in short-term and long-term interest rates (for more information regarding the potential effect of fluctuating interest rates, see “Changes in interest rates may have an adverse effect on our profitability.”); and Higher bankruptcy filings.",1585,1810546,https://www.sec.gov/Archives/edgar/data/1810546/000162828023005001/ebc-20221231.htm,
regulatory,,,,y,,714310_FY2021_007,VLY,2021,7,Risks Related to our Pending Merger with Bank Leumi USA,"Bank Leumi USA is subject to regulatory risks in connection with its international private banking business, and these risks may adversely affect Valley after completion of the merger.","Bank Leumi USA operates a private banking business with domestic clients and international clients primarily domiciled in Latin America. The risk of noncompliance with the USA PATRIOT Act, the Bank Secrecy Act and other anti-money laundering laws and regulations (collectively, “AML laws”) and the rules of the U.S. Treasury Department’s Office of Foreign Assets Control (“OFAC”) can be heightened for financial institutions that have a significant number of international customers, and can be particularly acute for financial institutions that have a significant number of customers from, or do business in, Latin America. AML laws and OFAC rules and regulations have become increasingly complex and detailed, require improved systems and sophisticated monitoring and compliance personnel and have become the subject of enhanced government supervision. Following the completion of the merger, Valley will be responsible for maintaining a compliance program that is effective in combating the increased legal and regulatory risks associated with Bank Leumi USA’s international private banking business. Valley will evaluate on an ongoing basis whether enhancements are appropriate so that Valley continues to maintain an effective compliance program following the completion of the merger, Valley may not be able to eliminate all attempts by customers to use Valley to engage in money laundering and other illegal or improper activities. If Valley’s policies, procedures and systems are deemed deficient or fail to prevent violations of applicable laws or regulations, the OCC, along with other banking agencies, have the authority to impose fines and other penalties and sanctions on Valley, and Valley’s business and reputation could suffer. Failure to successfully manage these risks could have a material adverse effect on Valley’s business, results of operations and financial condition.",2077,714310,https://www.sec.gov/Archives/edgar/data/714310/000071431022000063/vly-20211231.htm,
operational,,,,y,,801337_FY2022_001,WBS,2022,1,Table of,"We identified material weaknesses in our internal control related to ineffective ITGCs, which, if not remediated appropriately or timely, could result in a loss of investor confidence and adversely impact our stock price.","Internal controls related to the operation of technology systems are critical to maintaining adequate internal control over financial reporting. As disclosed in Part II - Item 9A. Controls and Procedures, management has identified material weaknesses in internal controls due to ineffective ITGCs. As a result, management concluded that our internal control over financial reporting was not effective as of December 31, 2022. Although management currently expects that the remediation of these material weaknesses will be completed prior to the end of 2023, our efforts may not be successful by such date, if at all. In addition, these remediation efforts will place a burden on management and result in additional technology and other expenses. If we are unable to remediate these material weaknesses, or are otherwise unable to maintain effective internal control over financial reporting or disclosure controls and procedures, our ability to record, process and report financial information accurately, and to prepare financial statements within required time periods, could be adversely affected, which could subject us to litigation or investigations requiring management resources and payment of legal and other expenses, negatively affect investor confidence in the accuracy and completeness of our financial statements, and adversely impact our stock price.",1586,801337,https://www.sec.gov/Archives/edgar/data/801337/000080133723000013/wbs-20221231.htm,
strategic,,,,y,,1331520_FY2025_027,HOMB,2025,27,Risks Related to Our Business,We may fail to realize all of the anticipated benefits of the merger.,"The success of the merger of MCBI with and into us will depend, in part, on our ability to successfully combine our and MCBI’s organizations. If we are not able to achieve this objective, the anticipated benefits of the merger may not be realized fully or at all or may take longer than expected to be realized. We and MCBI have operated and, until the completion of the merger, will continue to operate, independently. It is possible that the integration process or other factors could result in the loss or departure of key employees, the disruption of the ongoing business of MCBI or inconsistencies in standards, controls, procedures and policies. It is also possible that clients, customers, depositors and counterparties of MCBI could choose to discontinue their relationships with the combined company post-merger because they prefer doing business with MCBI or for any other reason, which would adversely affect the future performance of the combined company. These transition matters could have an adverse effect on each of us and MCBI during the pre-merger period and for an undetermined time after the completion of the merger.",1207,1331520,https://www.sec.gov/Archives/edgar/data/1331520/000133152026000051/homb-20251231.htm,
strategic,,,,y,,1068851_FY2025_016,PB,2025,16,Strategic Risks,"If the Company is not able to continue its historical levels of growth, it may not be able to maintain its historical earnings trends.","To achieve its past levels of growth, the Company has focused on both internal growth and acquisitions. The Company may not be able to sustain its historical rate of growth or may not be able to grow at all in the future. More specifically, the Company may not be able to obtain the financing necessary to fund additional growth and may not be able to find suitable acquisition candidates. Various factors, such as economic conditions, competition and heightened regulatory scrutiny, may impede or prohibit the opening of new banking centers and the completion of acquisitions. Further, the Company may be unable to attract and retain experienced bankers, which could adversely affect its internal growth. If the Company is not able to continue its historical levels of growth, it may not be able to maintain its historical earnings trends.",974,1068851,https://www.sec.gov/Archives/edgar/data/1068851/000119312526077437/pb-20251231.htm,
strategic,,,,y,,91576_FY2025_030,KEY,2025,30,VI. Strategic Risk,We may not realize the expected benefits of our strategic initiatives.,"Our ability to compete depends on a number of factors, including, among others, our ability to develop and successfully execute our strategic plans and initiatives. Our strategic priorities include growing profitability; acquiring and expanding targeted client relationships; effectively managing risk and rewards; maintaining financial strength; fostering an inclusive work environment for all employees; and engaging, retaining, and inspiring our high-performing and talented workforce. The success of these initiatives can be subject to changes in the macroeconomic environment that are beyond our control. In addition, our inability to execute on or achieve the anticipated outcomes of our strategic priorities, or to do so in the expected timeframe, may affect how the market perceives us and could impede our growth and profitability.",910,91576,https://www.sec.gov/Archives/edgar/data/91576/000162828026010546/key-20251231.htm,
operational,,,,y,,1068851_FY2023_023,PB,2023,23,Operational Risks,The Company’s accounting estimates and risk management processes rely on analytical and forecasting models and tools that may prove to be inaccurate.,"The processes the Company uses to estimate its expected credit losses and to measure the fair value of financial instruments, as well as the processes used to estimate the effects of changing interest rates and other market measures on the Company’s financial condition and results of operations, depend upon the use of analytical and forecasting models and tools. These models and tools reflect assumptions that may not be accurate, particularly in times of market stress or other unforeseen circumstances. Even if these assumptions are accurate, the models and tools may prove to be inadequate or inaccurate because of other flaws in their design or their implementation. Any such failure in the Company’s analytical or forecasting models and tools could have a material adverse effect on the Company’s business, financial condition and results of operations.",1010,1068851,https://www.sec.gov/Archives/edgar/data/1068851/000095017024022171/pb-20231231.htm,
financial,,,,y,,1488813_FY2022_029,CUBI,2022,29,Risks Related to the Bancorp’s Banking Operations,"We may not be able to develop and retain a strong core deposit base and other low-cost, stable funding sources.","We depend on checking, savings and money market deposit account balances and other forms of customer deposits as a primary source of funding for our lending activities. We expect that our future loan growth will largely depend on our ability to retain and grow a strong, low-cost deposit base. As of December 31, 2022, $3.4 billion, or 79.8%, of our total time deposits, are scheduled to mature through December 31, 2023. We are working to transition certain of our customers to lower-cost traditional bank deposits as higher-cost funding, such as time deposits, mature and to grow our customer deposits. If interest rates continue to increase, whether due to changes in inflation, monetary policy, competition or other factors, we would expect to pay higher interest rates on deposits, which would increase our funding costs and compress our net interest margin. We may not succeed in moving our deposits to lower-yielding savings and transactions products, which could materially and adversely affect us. In addition, customers, particularly those who may maintain deposits in excess of insured limits, continue to be concerned about the extent to which their deposits are insured by the FDIC. Our customers may withdraw deposits to ensure that their deposits with us are fully insured and may place excess amounts in other institutions or make investments that are perceived as being more secure and/or higher yielding. Further, even if we are able to maintain and grow our deposit base, deposit balances can decrease when customers perceive alternative investments, such as the stock market, will provide a better risk/return tradeoff. If customers move money out of bank deposits, we could lose a relatively low-cost source of funds, increasing our funding costs and reducing our net interest income and net income. Certain deposit balances serviced by BM Technologies can vary over the course of the year based on student enrollment and the timing of deposits made into those accounts, with seasonal inflows at the start of each semester that are drawn down until the following semester. Additionally, any such loss of funds could result in lower loan originations and growth, which could materially and adversely affect our results of operations and financial condition, including liquidity. Customers held $1.1 billion and $1.8 billion of deposits serviced by BM Technologies as of December 31, 2022 and 2021, respectively. Customers currently expects that approximately half of these serviced deposits will leave Customers Bank by the earlier of BM Technologies' successful completion of the transfer of such deposits to a new sponsor bank or June 30, 2023. The deposit service agreement was scheduled to expire on December 31, 2022. On June 30, 2022, Customers provided a written notice to BM Technologies to terminate the deposit servicing agreement effective December 31, 2022. On November 7, 2022, Customers agreed to extend the deposit servicing agreement to the earlier of BM Technologies' successful completion of the transfer of the serviced deposits to a new sponsor bank or June 30, 2023. Customers and BM Technologies are currently negotiating an extension of this agreement with respect to the serviced deposits expected to remain at Customers Bank after June 30, 2023.",3401,1488813,https://www.sec.gov/Archives/edgar/data/1488813/000148881323000012/cubi-20221231.htm,
regulatory,,,,y,,801337_FY2023_016,WBS,2023,16,Compliance Risk,Health care reform could adversely affect our HSA Bank division.,"The enactment of future health care reform affecting HSAs at the federal or state level may affect our HSA Bank division as a bank custodian of HSAs. We cannot predict if any such reforms will occur, ultimately become law, or if enacted, what the terms or regulations promulgated pursuant to such laws will be. Any health care reform enacted may be phased in over a number of years, but could, with respect to the operations of HSA Bank, reduce revenues, increase costs, and require us to revise the ways in which we conduct business or put us at risk for loss of business. In addition, our results of operations, financial position, and cash flows could be materially adversely affected by such changes.",768,801337,https://www.sec.gov/Archives/edgar/data/801337/000080133724000007/wbs-20231231.htm,
strategic,,,,y,,715072_FY2022_028,RNST,2022,28,Risks Associated With Our Common Stock,"Our Articles of Incorporation and Bylaws, as well as certain banking laws, could decrease our chances of being acquired even if our acquisition is in our shareholders’ best interests.","Provisions of our Articles of Incorporation and Bylaws and federal banking laws, including regulatory approval requirements, could make it more difficult for a third party to acquire us, even if doing so would be perceived to be beneficial to our shareholders. The combination of these provisions impedes a non-negotiated merger or other business combination, which, in turn, could adversely affect the market price of our common stock.",619,715072,https://www.sec.gov/Archives/edgar/data/715072/000071507223000054/rnst-20221231.htm,
operational,,,,y,,776901_FY2021_030,INDB,2021,30,Risks Related to Information Security and Technology,"Evolving information technologies, the need to mitigate against and react to cyber-security risks, and electronic fraud risks require significant resources, and the Company remains subject to cyber-security risks and electronic fraud.","The risk of electronic fraudulent activity within the financial services industry, especially in the commercial banking sector, due to cyber-attacks (crime committed through or involving the internet, such as phishing, hacking, denial of service attacks, stealing information, unauthorized intrusions into internal systems or the systems of the Company's third party vendors) could adversely impact the Company’s operations or damage its reputation. The Company's information technology infrastructure and systems may be vulnerable to cyber-terrorism, computer viruses, system failures and other intentional or unintentional interference, fraud and other unauthorized attempts to access or interfere with the systems. The Company regularly collects, processes, transmits and stores confidential information regarding its customers and employees. In some cases, this confidential or proprietary information is collected, compiled, processed, transmitted or stored by third parties on the Company’s behalf. Information security risks have increased because of the proliferation of new technologies and the increased sophistication and activities of perpetrators of cyber-attacks. Many financial institutions and service providers to financial institutions have reported significant breaches in the security of their websites or other systems, some of which have involved sophisticated and targeted attacks intended to obtain unauthorized access to confidential information, destroy data, denial-of-service, or sabotage systems, often through the introduction of computer viruses or malware, cyber-attacks and other means. The Company frequently experiences attempted cyber-security attacks against its systems, and expects such attacks will continue, and may intensify, in the future. Although to date the Company has not experienced any material losses relating to cyber-attacks or other information security breaches, there can be no assurance that we will not suffer losses in the future. The Company expects risk exposure to cyber-attacks will remain elevated or increase in the future due to, among other things, the increasing size and prominence of the Company in the financial services industry, its expansion of Internet and mobile banking tools and products based on customer needs, and its increasing use of operational software hosted on the Internet as more and more software solutions used in the Company’s operations migrate from solutions hosted within the Company’s firewalls to internet-hosted solutions at third party locations. To help manage the Company’s cyber-risks, when entering a new vendor relationship, the Company reviews and assesses the cyber-security risk of third-party service providers. A successful cyber-security attack on one of the Company’s third-party service providers could disrupt operations, adversely affect the Company’s business, or result in the disclosure or misuse of the Company’s confidential information, including customer confidential information. There can be no assurance that the precautions the Company takes to seek to manage cyber risk related to third party service providers will be effective or prevent a cyber-attack that could expose the Company to significant operational costs and damages or reputational harm. The Company’s risk-based technology and systems or the personnel who monitor such technology and systems may not identify and prevent or effectively mitigate successful cyber-attacks when they occur. Significant operational costs and damages or reputational harm may occur if the Company fails to identify and prevent or effectively mitigate, or there is a delay in identifying, a cyber-attack on its systems, or those of its third-party service providers. Legislation and regulation in the area of cyber-security and data privacy have been increasing in recent years, and although the Company makes and will continue to make reasonable efforts to comply with all applicable laws and regulations, there can be no assurance that the Company will not be subject to regulatory action or monetary penalties in the event of an incident.",4343,776901,https://www.sec.gov/Archives/edgar/data/776901/000077690122000048/indb-20211231.htm,
regulatory,,,,y,,729986_FY2024_001,UBSI,2024,1,REGULATORY AND LITIGATION RISKS,"The Consumer Financial Protection Bureau (“CFPB”) may reshape the consumer financial laws through rulemaking and enforcement of the prohibitions against unfair, deceptive and abusive business practices. Compliance with any such change may impact the business operations of depository institutions offering consumer financial products or services, including United Bank","The CFPB has broad rulemaking authority to administer and carry out the provisions of the Dodd-Frank Act with respect to financial institutions that offer covered financial products and services to consumers. The CFPB has also been directed to write rules identifying practices or acts that are unfair, deceptive or abusive in connection with any transaction with a consumer for a consumer financial product or service, or the offering of a consumer financial product or service. The concept of what may be considered to be an “abusive” practice is relatively new under the law. Moreover, United Bank is supervised and examined by the CFPB for compliance with the CFPB’s regulations and policies. The costs and limitations related to this additional regulatory reporting regimen have yet to be fully determined, although they may be material and the limitations and restrictions that will be placed upon United Bank with respect to its consumer product offering and services may produce significant, material effects on United Bank (and United’s) profitability.",1429,729986,https://www.sec.gov/Archives/edgar/data/729986/000119312525042589/d915367d10k.htm,
operational,,,,y,,1504008_FY2021_019,BKU,2021,19,Operational Risk,"We are subject to the risk of fraud, theft or errors by employees or outsiders, which may adversely affect our business, financial condition and results of operations.","We are exposed to many types of operational risks, including the risk of fraud or theft by employees or outsiders and operational errors, including clerical or record-keeping errors or those resulting from ineffective processes and controls or faulty or disabled technology. The occurrence of any of these events could cause us to suffer financial loss, face regulatory action and suffer damage to our reputation. Because the nature of the financial services business involves a high volume of transactions, certain errors may be repeated or compounded before they are discovered and successfully rectified. Our necessary dependence upon automated systems to record and process transactions and our large transaction volume may further increase the risk that technical flaws or employee tampering or manipulation of those systems will result in losses that are difficult to detect. The occurrence of any of these events could result in a diminished ability to operate our business as well as potential liability to customers and counterparties, reputational damage and regulatory intervention, which could adversely affect our business, financial condition or results of operations.",1349,1504008,https://www.sec.gov/Archives/edgar/data/1504008/000150400822000009/bku-20211231.htm,
operational,,,,y,,729986_FY2023_011,UBSI,2023,11,OPERATIONAL RISKS,Our growth-oriented business strategy could be adversely affected if we are not able to attract and retain skilled employees or if we lose the services of our senior management team.,"Our ability to manage growth will depend upon our ability to continue to attract, hire and retain skilled employees. The unanticipated loss of members of our senior management team, could have a material adverse effect on our results of operations and ability to execute our strategic goals. Our success will also depend on the ability of our officers and key employees to continue to implement and improve our operational and other systems, to manage multiple, concurrent customer relationships and to hire, train and manage our employees.",722,729986,https://www.sec.gov/Archives/edgar/data/729986/000119312524053462/d815282d10k.htm,
operational,,,,n,,763901_FY2022_013,BPOP,2022,13,OPERATIONAL RISKS,"Evertec, will be lengthy and complex.","Switching from one vendor of core bank processing and related technology and security services to one or more new vendors is a complex process that carries business and financial risks. The implementation cycle for such a transition can be lengthy and require significant financial and management resources from us. Such a transition can also expose us, and our clients, to increased costs (including conversion costs), business disruption, as well as operational and cybersecurity risks. Upon the transition of all or a portion of existing services provided by Evertec to a new financial services technology provider, either (i) at the end of the term of the Second Amended and Restated Master Services Agreement (the “MSA”) and related agreements or (ii) earlier upon the termination of any service for convenience under the MSA, these transition risks could result in an adverse effect on our business, financial condition and results of operations. Although Evertec has agreed to provide certain transition assistance to us in connection with the termination of the MSA, we are ultimately dependent on their ability to provide those services in a responsive and competent manner. Furthermore, we may require transition assistance from Evertec beyond the term of the MSA, delaying and lengthening any transition process away from Evertec while increasing related costs. Under the MSA, we are able to terminate services for convenience with 180 days’ prior notice. We expect to exercise during the term of the MSA the right to terminate certain services for convenience and to transition such services to other service providers prior to the expiration of the MSA, subject to complying with the revenue minimums contemplated in the MSA and certain other conditions. In practice, in order to switch to a new provider for a particular service, we will have to commence procuring and working on a transition process for such service significantly in advance of its termination and, in any case, much earlier than the automatic renewal notice date or the expiration date of the MSA, and such process may extend beyond the current term of the MSA. Furthermore, if we are unsuccessful or decide not to complete the transition after expending significant funds and management resources, it could also result in an adverse effect on our business, financial condition and results of operations.",2424,763901,https://www.sec.gov/Archives/edgar/data/763901/000119312523056454/d408943d10k.htm,
financial,,,,y,,875357_FY2022_008,BOKF,2022,8,Credit Risk Factors,Adverse global economic factors could have a negative effect on BOK Financial customers and counterparties.,"Economic conditions globally could impact BOK Financial’s customers and counterparties with which we do business. Pandemics, such as the COVID-19 pandemic, may affect economies around the world. The Russia-Ukraine conflict has resulted in volatile oil prices as well as affected other global economic factors. BOK Financial, its customers and counterparties may be negatively affected by the volatility and uncertainty related to inflation and the effects of inflation. Prolonged periods of inflation may impact our profitability by negatively affecting our fixed costs and expenses, including increasing funding costs and expenses related to talent acquisition and retention. Additionally, inflation may lead to a decrease in consumer purchasing power and negatively impact the need or demand for our products or services. If significant inflation continues, the creditworthiness of our borrowers and their ability to repay loans timely may be affected. The Company, its customers and counterparties may also be adversely affected by global events, such as natural disasters, and other external events beyond our control, including public health issues, terrorist attacks and acts of war. These global events may significantly affect long-term and short-term interest rates, energy prices, the value of financial assets and ultimately economic activity in our primary markets. The adverse effect of these events on the Company may include narrowing of the spread between interest income and interest expense, a reduction in fee income, an increase in credit losses and a decrease in demand for loans and other products and services.",1740,875357,https://www.sec.gov/Archives/edgar/data/875357/000087535723000009/bokf-20221231.htm,
strategic,,,,y,,73124_FY2023_045,NTRS,2023,45,Strategic Risks,Failure to understand or appreciate fully the risks associated with development or delivery of new product and service offerings may affect our businesses and earnings negatively.,"The success of our innovation efforts depends, in part, on the successful implementation of new product and service initiatives. Not only must we keep pace with competitors in the development of these new offerings, but we must accurately price them (as well as existing products) on a risk-adjusted basis and deliver them to clients effectively. Our identification of risks arising from new products and services, both in their design and implementation, and effective responses to those identified risks, including pricing, is key to the success of our efforts at innovation and investment in new product and service offerings.",808,73124,https://www.sec.gov/Archives/edgar/data/73124/000007312424000073/ntrs-20231231.htm,
financial,,,,y,,1212545_FY2022_009,WAL,2022,9,Credit Risks,We are highly dependent on real estate and events that negatively impact the real estate market will hurt our business and earnings.,"A significant portion of our business is located in areas in which economic growth is largely dependent on the real estate market, and a large part of our loan portfolio is secured by or otherwise dependent on real estate. The market for real estate is cyclical and a significant change in the real estate market that resulted in deterioration in the value of collateral or rental or occupancy rates could adversely affect borrowers’ ability to repay loans. Changes in the real estate market could also affect the value of foreclosed assets. A decline in real estate activity would likely cause a decline in asset and deposit growth and negatively impact our earnings and financial condition.",824,1212545,https://www.sec.gov/Archives/edgar/data/1212545/000121254523000093/wal-20221231.htm,
operational,,,,y,,776901_FY2024_033,INDB,2024,33,Risks Related to the Company’s Business and Industry Generally,"Natural disasters, severe weather, public health crises or other catastrophic or man-made events could have an adverse effect on the Company’s business or results of operations.","The nature and level of such natural disasters, public health crises, pandemics or epidemics, or man-made events, including political events such as war, civil unrest or terrorist attacks, and other catastrophic events cannot be predicted. Additionally, the Company’s market area includes coastal regions that are susceptible to adverse weather conditions and natural disasters which cannot be predicted and may be exacerbated by global climate change, including, but not to limited to, rain storms, hurricanes, blizzards and nor’easters and related flooding and wind damage. Such events can disrupt operations, result in damage to properties and negatively affect the local economies in the markets where the Company operates. The Company’s borrowers may suffer property damage, experience interruption of their businesses or lose their jobs, which may negatively impact the ability of these borrowers to make deposits with the Company or repay their loans or negatively impact values of collateral securing loans, any of which could result in losses and increased provisions for credit losses. Additionally, the occurrence of these events could harm the Company’s operations thorough interference with communications, including the interruption or loss of its computer systems which could prevent the gathering of deposits, originating loans and processing and controlling business flow, as well as through the destruction of facilities and operational, financial and management information systems, and could cause us to incur significant costs to repair any resulting damage to the Company’s property or business relationships.",1808,776901,https://www.sec.gov/Archives/edgar/data/776901/000077690125000093/indb-20241231.htm,
financial,,,,y,,936528_FY2025_023,WAFD,2025,23,Market and Industry Risks,A downturn in the real estate market would hurt our business.,"The Bank’s business activities and credit exposure are concentrated in real estate lending, in particular commercial real estate loans which are generally viewed as having more risk of default than residential real estate loans or certain other types of loans or investments. The market for real estate is cyclical and the outlook for this sector is uncertain. A downturn in the real estate market, accompanied by falling values and increased foreclosures would hurt our business because a large majority of our loans are secured by real estate. If a significant decline in real estate market values occurs, the collateral for loans will provide decreasing levels of security. As a result, our ability to recover the principal amount due on defaulted loans by selling the underlying real estate will be diminished, and we will be more likely to suffer losses on defaulted loans. Because our loan portfolio contains commercial real estate loans with relatively large balances, the deterioration of these loans may cause a significant increase in our nonperforming loans which could result in a loss of earnings from these loans, an increase in the provision for loan losses, or an increase in loan charge-offs, any of which would have an adverse impact, which could be material, on our business, financial condition, and results of operations. We own real estate as a result of foreclosures resulting from non-performing loans. If other lenders or borrowers liquidate significant amounts of real estate in a rapid or disorderly fashion, or if the FDIC elects to dispose of significant amounts of real estate from failed financial institutions in a similar fashion, it could have an adverse effect on the values of the properties owned by the Company by depressing the value of these real estate holdings. In such a case, we may incur further write-downs and charge-offs, which could, in turn, adversely affect our business, financial condition and results of operations.",2030,936528,https://www.sec.gov/Archives/edgar/data/936528/000093652825000117/wfsl-20250930.htm,Acquired Luther Burbank Corporation earl
regulatory,,,,y,,857855_FY2023_025,UCB,2023,25,"REGULATORY, LEGISLATIVE AND LEGAL RISKS","Data privacy is becoming a major political concern. The laws governing it are new, and are likely to evolve and expand.","Many non-regulated, non-banking companies have gathered large amounts of personal details about millions of people, and have the ability to analyze that data and act on that analysis very quickly. This situation has prompted governmental responses. Two prominent responses are the European Union General Data Protection Regulation and the California Consumer Privacy Act. Neither is a banking industry regulation, but both apply to banks in relation to certain clients. Further general regulation to protect data privacy appears likely, and banking industry regulations might be enlarged as well.",715,857855,https://www.sec.gov/Archives/edgar/data/857855/000085785524000010/ucbi-20231231.htm,
financial,,,,y,,1169770_FY2024_020,BANC,2024,20,Risks Related to Credit and Interest Rate,"If actual losses on our loans exceed our estimates used to establish our allowance for credit losses, our business, financial condition and profitability may suffer.","The determination of the appropriate level of the allowance for credit losses inherently involves a high degree of subjectivity and requires us to make various assumptions and judgments about the collectability of our loan portfolio, including the creditworthiness of our borrowers and the value of the real estate and other assets serving as collateral for the repayment of many of our loans. In determining the amount of the allowance for credit losses, we review our loans and the loss and delinquency experience, and evaluate economic conditions and make significant estimates of current credit risks and future trends, all of which may undergo material changes. If our estimates are incorrect, the allowance for credit losses may not be sufficient to cover losses inherent in our loan portfolio, resulting in the need for additions to our allowance through an increase in the provision for loan losses. Deterioration in economic conditions affecting borrowers, new information regarding existing loans, identification of additional problem loans, fraud and other factors, both within and outside of our control, may require an increase in the allowance for loan losses. Our allowance for credit losses was 1.13% of loans and leases held for investment and 141.57% of nonaccrual loans and leases as of December 31, 2024. In addition, bank regulatory agencies periodically review our allowance for credit losses and may require an increase in the provision for credit losses or the recognition of further charge-offs (which may in turn also require an increase in the provision for credit losses), based on judgments different than that of management. Any increases in the provision for credit losses will result in a decrease in net earnings and may have a material adverse effect on our financial condition and results of operations. ASU 2016-13, Measurement of Credit Losses on Financial Instruments , which we adopted on January 1, 2020, substantially changed the accounting for credit losses on loans and other financial assets held by banks, financial institutions, and other organizations. The standard changed the previous incurred loss impairment methodology in GAAP with a methodology that reflects lifetime expected credit losses and requires consideration of a broader range of reasonable and supportable information for credit loss estimates. The CECL model materially impacts how we determine our allowance for credit losses and required us to increase our allowance for credit losses. Furthermore, we may experience more fluctuations in our allowance for credit losses, which may be significant. Additionally, loans to venture-backed borrowers support the borrowers’ operations, including operating losses, working capital requirements, and fixed asset acquisitions. Venture-backed borrowers are at various stages in their development and are, generally, reporting operating losses. The primary sources of repayment are future additional venture capital equity investments or the sale of the company or its assets. Our venture-backed borrowers’ business plans may fail, increasing the likelihood for credit losses related to loans to venture-backed borrowers. In accordance with GAAP, we maintain an allowance for loan and lease losses to provide for loan defaults and non-performance. Our allowance for loan and lease losses allocable to loans to venture-backed borrowers may not be appropriate to absorb actual credit losses arising from these loans, and future provisions for credit losses could materially and adversely affect our operating results.",3736,1169770,https://www.sec.gov/Archives/edgar/data/1169770/000162828025009438/banc-20241231.htm,
operational,,,,y,,90498_FY2023_027,SFNC,2023,27,Risks Related to the Company’s Operations,Our business is heavily reliant on a variety of third-party service providers.,"We rely on a large number of vendors to provide products and services that we need for our day-to-day operations, particularly in the areas of loan and deposit operations, information technology, and security. This reliance exposes us to the risk that the vendors will not perform in accordance with the applicable contractual arrangements or service level agreements, as well as risks resulting from defective products, poor performance of services, disruption in a product or service, vendor contracts, or loss of a product or service if a vendor ceases doing business because of its own financial or operational difficulties. These risks, if realized, could result in significant disruptions to our business, which could have a material adverse impact on our financial condition and results of operations. While we maintain a vendor management program designed to assist in the oversight and monitoring of our third-party service providers, there can be no assurance that we will not experience service-related issues associated with our vendors.",1127,90498,https://www.sec.gov/Archives/edgar/data/90498/000162828024007263/sfnc-20231231.htm,
strategic,,,,y,,1068851_FY2021_030,PB,2021,30,Risks,New lines of business or new products and services may subject the Company to additional risks.,"From time to time, the Company may implement or acquire new lines of business or offer new products and services within existing lines of business. There are substantial risks and uncertainties associated with these efforts, particularly in instances where the markets are not fully developed. In developing and marketing new lines of business and/or new products and services, the Company may invest significant time and resources. Initial timetables for the introduction and development of new lines of business and/or new products or services may not be achieved and price and profitability targets may not prove feasible. External factors, such as compliance with regulations, competitive alternatives and shifting market preferences, may also impact the successful implementation of a new line of business or a new product or service. Furthermore, any new line of business and/or new product or service could have a significant impact on the effectiveness of the Company’s system of internal controls. Failure to successfully manage these risks in the development and implementation of new lines of business or new products or services could have a material adverse effect on the Company’s business, financial condition and results of operations.",1346,1068851,https://www.sec.gov/Archives/edgar/data/1068851/000156459022007263/pb-10k_20211231.htm,
strategic,,,,y,,40729_FY2024_035,ALLY,2024,35,Risks Related to Our Business,"Our failure to meet stakeholder expectations on sustainability-related issues could result in reputational harm, a loss of customer and investor confidence, and adverse business and financial results.","A wide range of stakeholders, including governments, investors, customers, and the general public are increasingly focused on sustainability topics, including climate change and diversity. Stakeholder views and expectations on sustainability-related issues are diverse, dynamic, and rapidly changing. We may not be able to meet the full range of expectations and demands for all of our stakeholders, including as a result of factors outside of our control. Due to divergent stakeholder views on these matters, we are at increased risk that any action, or lack thereof, concerning these matters will be perceived negatively by some stakeholders. See the risk factors above, titled",879,40729,https://www.sec.gov/Archives/edgar/data/40729/000004072925000006/ally-20241231.htm,
regulatory,,,,y,,1015328_FY2022_028,WTFC,2022,28,Legal and Regulatory Risks,"Non-compliance with the USA PATRIOT Act, BSA or other laws and regulations could result in fines or sanctions.","The USA PATRIOT Act and the BSA require financial institutions to develop programs to prevent financial institutions from being used for money laundering or the funding of terrorist activities. If such activities are detected, financial institutions are obligated to file suspicious activity reports with FinCEN. The BSA and its implementing regulations require covered financial institutions to establish procedures for identifying and verifying the identity of customers seeking to open new accounts. Failure to comply with the BSA and its implementing regulations could result in fines or sanctions. An increasing number of banking institutions have received large fines for non-compliance with the BSA and its implementing regulations. Although we have developed policies and procedures designed to assist in compliance with these laws and regulations, no assurance can be given that these policies and procedures will be effective in preventing violations of these laws and regulations.",1101,1015328,https://www.sec.gov/Archives/edgar/data/1015328/000101532823000070/wtfc-20221231.htm,
operational,,,,y,,83246_FY2025_028,,2025,28,"Risks related to Regulation, Legislation and Litigation","We may suffer losses due to negligence, fraud or misconduct by third parties.","We depend on third-party suppliers, outsourcing vendors and our affiliates for a variety of services. Third parties with which we do business with could be sources of operational risk to us, including risks relating to break-downs or failures of such parties' own systems or employees. The OCC and FRB require financial institutions to maintain third-party and service provider risk management programs, which HSBC USA Inc. include due diligence requirements for third parties and service providers as well as for our affiliates who may perform services for us. The federal banking agencies have issued guidance on managing risks associated with third-party relationships. The guidance sets forth considerations and a framework with respect to the management of risks arising from third-party relationships and replaces the federal banking agencies' existing guidance on the topic. The guidance broadly applies to business arrangements between a banking organization and a third party. If our third-party risk and service provider management and due diligence program is not sufficiently robust, this could lead to regulatory intervention. Any of these occurrences could diminish our ability to operate one or more of our businesses, and may result in potential liability to clients, reputational damage or regulatory intervention, all of which could materially adversely affect us.",1459,83246,https://www.sec.gov/Archives/edgar/data/83246/000008324626000005/hsbcusa-20251231.htm,
financial,,,,y,,37808_FY2025_015,FNB,2025,15,5. Operational Risk,Our business could be adversely affected by difficult economic conditions in the regions in which we operate.,"We operate in seven states and the District of Columbia. Most of our customers are individuals and small- and medium-sized businesses that are dependent upon their regional economies. The economic conditions in these local markets may be different from, and in some instances worse than, economic conditions in the U.S. as a whole. Challenging macroeconomic, recessionary and employment conditions in the market areas we serve could result in the following consequences, among others, any of which could have a material adverse effect on our business, financial condition and results of operations: demand for our loans, deposits and services may decline; loan delinquencies, problem assets, foreclosures and charge-offs may increase; weak economic conditions could limit the demand for loans by creditworthy borrowers, limiting our capacity to leverage our retail deposits and maintain our net interest income; collateral for our loans may decline in value; and the amount of our low-cost or non-interest-bearing deposits may decrease.",1145,37808,https://www.sec.gov/Archives/edgar/data/37808/000003780826000007/fnb-20251231.htm,
strategic,,,,y,,203596_FY2021_015,WSBC,2021,15,OPERATIONAL RISKS,WESBANCO MAY NOT BE ABLE TO EXPAND ITS TRUST AND INVESTMENT SERVICES SEGMENT AND RETAIN ITS CURRENT CUSTOMERS.,"Wesbanco may not be able to attract new and retain current investment management clients due to competition from the following: commercial banks and trust companies; mutual fund companies; investment advisory firms; law firms; brokerage firms; and other financial services companies. Its ability to successfully attract and retain investment management clients is dependent upon its ability to compete with competitors’ investment products, level of investment performance, client services and marketing and distribution capabilities. Due to changes in economic conditions, the performance of the trust and investment services segment may be negatively impacted by the financial markets in which investment clients’ assets are invested, causing clients to seek other alternative investment options. If Wesbanco is not successful, its results from operations and financial position may be negatively impacted.",1018,203596,https://www.sec.gov/Archives/edgar/data/203596/000095017022002226/wsbc-20211231.htm,
operational,,,,y,,22356_FY2022_008,CBSH,2022,8,Operational Risks,The impact of the phase-out of LIBOR is uncertain.,"In 2017, the United Kingdom Financial Conduct Authority, which regulates LIBOR, announced that LIBOR would likely be discontinued at the end of 2021 as panel banks would no longer be required to submit estimates that are used to construct LIBOR. U.S. regulatory authorities voiced similar support for phasing out LIBOR. On March 5, 2021, LIBOR’s regulator and its administrator announced that the publication of certain LIBOR tenors will cease immediately after December 31, 2021 and the remaining LIBOR tenors, including 1-month USD LIBOR, will cease immediately after June 30, 2023. The Alternative Rates Reference Committee (the “ARRC”), a group of market participants convened by the Federal Reserve Board and the New York Fed to help ensure a successful transition from LIBOR, identified the Secured Overnight Financing Rate (“SOFR”) as its preferred alternative rate. The Company established a LIBOR Transition Program, which is led by the LIBOR Transition Steering Committee (Committee) whose purpose is to guide the overall transition process for the Company. The Committee is an internal, cross-functional team with representatives from all relevant business lines, support functions and legal counsel. A LIBOR impact and risk assessment has been performed, and the Company has developed and prioritized action items. All of the Company's financial contracts that reference LIBOR have been identified, and LIBOR fallback language has been included in key loan provisions of new and renewed loans in preparation for the cessation of LIBOR. Significant progress has been made in converting loans that reference LIBOR to an alternative reference rate during 2022. Additionally, changes to the Company's systems to utilize alternative reference rates were completed in 2022. The Company has loans, derivative contracts, and other financial instruments with attributes that are either directly or indirectly dependent on LIBOR, mostly 1-month LIBOR. As of December 31, 2022, the Company had approximately $1.0 billion of commercial loans, $948 million of derivative contracts (notional value), and $691 million of investment securities that are expected to mature after June 30, 2023. These amounts are expected to decrease as the Company continues to work with customers to replace contracts that use LIBOR with alternative reference rates. The Company ceased entering any new loan contracts that use USD LIBOR as a reference rate in December 2021. The Company may be adversely affected if the interest rates currently tied to LIBOR on the Company's loans, derivatives, and other financial instruments are not able to be transitioned to an alternative rate. Furthermore, the Company may be faced with disputes or litigation with customers regarding interpretation and enforcement of fallback language used in loan agreements as the transition to a new benchmark rate continues to evolve.",2942,22356,https://www.sec.gov/Archives/edgar/data/22356/000002235623000017/cbsh-20221231.htm,
regulatory,,,,y,,37808_FY2024_035,FNB,2024,35,6. Legal and Compliance Risk,"Our financial condition and results of operations may be adversely affected by changes in federal, state or local tax rules and regulations, or interpretations.","We are subject to legislative tax rate changes that could increase our effective tax rates. Depending on enactment dates, these law changes may be retroactive to previous periods which could negatively affect our current and future financial performance. Our future effective tax rates could be affected by additional changes in the federal tax rates and in tax rates in jurisdictions where our income is earned, by changes in or our interpretation of tax rules and regulations in the jurisdictions in which we do business, by unexpected negative changes in business and market conditions that could reduce certain tax benefits, or by changes in the valuation of our DTAs and DTLs. Changes in statutory tax rates or DTAs and DTLs may adversely affect our profitability and results of operations in future periods.",973,37808,https://www.sec.gov/Archives/edgar/data/37808/000003780825000071/fnb-20241231.htm,
strategic,,,,y,,729986_FY2025_024,UBSI,2025,24,SECURITY OWNERSHIP RISKS,Certain banking laws may have an anti-takeover effect.,"Provisions of federal banking laws, including regulatory approval requirements, could make it more difficult to be acquired by a third party, even if perceived to be beneficial to United’s shareholders. These provisions effectively inhibit a non-negotiated merger or other business combination, which could adversely affect the market price of United’s common stock.",420,729986,https://www.sec.gov/Archives/edgar/data/729986/000119312526081470/d90970d10k.htm,
regulatory,,,,y,,35527_FY2024_021,FITB,2024,21,LEGAL AND REGULATORY COMPLIANCE RISKS,Fifth Third is subject to various regulatory requirements that may limit its operations and potential growth.,"Under federal and state laws and regulations pertaining to the safety and soundness of insured depository institutions and their holding companies, the FRB, the FDIC, the CFPB and the OCC have the authority to compel or restrict certain actions by the Bancorp and the Bank. The Bancorp and the Bank are subject to such supervisory authority and, more generally, must, in certain instances, obtain prior regulatory approval before engaging in certain activities or corporate decisions. There can be no assurance that such approvals, if required, would be forthcoming or that such approvals would be granted in a timely manner. Failure to receive any such approval, if required, could limit or impair the Bancorp’s operations, restrict its growth, ability to compete, innovate or participate in industry consolidation and/or affect its dividend policy. Such actions and activities that may be subject to prior approval include, but are not limited to, increasing dividends or other capital distributions by the Bancorp or the Bank, entering into a merger or acquisition transaction, acquiring or establishing new branches and entering into certain new businesses. Failure by the Bancorp or the Bank to meet the applicable eligibility requirements for FHC status (including capital and management requirements and that the Bank maintain at least a “Satisfactory” CRA rating) may result in restrictions on certain activities of the Bancorp, including the commencement of new activities and mergers with or acquisitions of other financial institutions and could ultimately result in the loss of FHC status. Fifth Third and other financial institutions are highly regulated and subject to extensive oversight, supervision and examination by regulators, including the FRB, OCC, FDIC, CFPB, SEC, CFTC, FINRA, the National Futures Association and other state, federal and self-regulatory entities. Fifth Third is also subject to certain regulatory requirements as a result of its banking activity including with respect to stress testing, liquidity and capital levels, asset quality, provisioning, AML/BSA, fair lending, consumer compliance, protection of customer information and other prudential matters and efforts to ensure that financial institutions take steps to improve their risk management and prevent future crises. For more information, refer to Regulation and Supervision—Regulatory Regime for Derivatives in Item 1 of this Annual Report on Form 10-K. In this regard, government authorities, including the bank regulatory agencies and law enforcement, are also pursuing aggressive enforcement actions with respect to compliance and other legal matters involving financial activities, which heightens the risks associated with actual and perceived compliance failures and may also adversely affect Fifth Third’s ability to enter into certain transactions or engage in certain activities, or obtain necessary regulatory approvals in connection therewith. The government enforcement authority includes, among other things, the ability to assess significant civil or criminal monetary penalties, fines, or restitution; to issue cease and desist or removal orders; and to initiate injunctive actions against banking organizations and institution-affiliated parties. These enforcement actions may be initiated for violations of laws and regulations and unsafe or unsound practices. In some cases, regulatory agencies may take supervisory actions that may not be publicly disclosed, which restrict or limit a financial institution. Finally, as part of Fifth Third’s regular examination process, the Bancorp and the Bank’s respective regulators may advise it and its banking subsidiary to operate under various restrictions as a prudential matter. Such supervisory actions or restrictions, if and in whatever manner imposed, could negatively affect Fifth Third’s ability to engage in new activities and certain transactions, as well as have a material adverse effect on Fifth Third’s business and results of operations and may not be publicly disclosed.",4158,35527,https://www.sec.gov/Archives/edgar/data/35527/000003552725000079/fitb-20241231.htm,
strategic,,,,y,,109380_FY2022_029,ZION,2022,29,REPUTATIONAL RISK,"We are presented with various reputational risk issues that could stem from operational, regulatory, compliance, and legal risks.","Any of the aforementioned risks may give rise to adverse publicity and other expressions of negative public opinion, increased regulatory scrutiny, and damaged relationships among other reputational risks.",334,109380,https://www.sec.gov/Archives/edgar/data/109380/000010938023000074/zions-20221231.htm,
regulatory,,,,y,,1178970_FY2022_001,PFS,2022,1,Risks Related to the Pending Merger with Lakeland,"Regulatory approvals may not be received, may take longer than expected, or may impose conditions that are not presently anticipated or that could have an adverse effect on the combined company that results from the merger of the Company and Lakeland.","Before the merger of the Company and Lakeland (the “merger”) and the subsequent merger of Lakeland Bank with and into Provident Bank (the “bank merger”) may be completed, various approvals, consents and non-objections must be obtained from the Board of Governors of the Federal Reserve System (the “Federal Reserve Board”), the FDIC, the New Jersey Department of Banking and Insurance (the “NJDOBI”) and other regulatory authorities in the United States. In determining whether to grant these approvals, such regulatory authorities consider a variety of factors, including the regulatory standing of each company. These approvals could be delayed or not obtained at all, including due to an adverse development in either company’s regulatory standing or in any other factors considered by regulators when granting such approvals; governmental, political or community group inquiries, investigations or opposition; or changes in legislation or the political environment generally. The approvals that are granted may impose terms and conditions, limitations, obligations or costs, or place restrictions on the conduct of the combined company’s business or require changes to the terms of the transactions contemplated by the merger agreement between the Company and Lakeland. There can be no assurance that regulators will not impose any such conditions, limitations, obligations or restrictions and that such conditions, limitations, obligations or restrictions will not have the effect of delaying the completion of any of the transactions contemplated by the merger agreement, imposing additional material costs on or materially limiting the revenues of the combined company following the merger or otherwise reducing the anticipated benefits of the merger if the merger were consummated successfully within the expected timeframe. In addition, there can be no assurance that any such conditions, terms, obligations or restrictions will not result in the delay or abandonment of the merger. Additionally, the completion of the merger is conditioned on the absence of certain orders, injunctions or decrees by any court or regulatory agency of competent jurisdiction that would prohibit or make illegal the completion of any of the transactions contemplated by the merger agreement. In addition, despite the companies’ commitments to using their reasonable best efforts to comply with conditions imposed by regulators, under the terms of the merger agreement, neither the Company nor Lakeland, nor any of their respective subsidiaries, is permitted (without the written consent of the other party), to take any action, or commit to take any action, or agree to any condition or restriction, in connection with obtaining the required permits, consents, approvals and authorizations of governmental entities that would reasonably be expected to have a material adverse effect on the combined company and its subsidiaries, taken as a whole, after giving effect to the merger and the bank merger.",3243,1178970,https://www.sec.gov/Archives/edgar/data/1178970/000162828023005795/pfs-20221231.htm,
financial,,,,y,,1212545_FY2021_003,WAL,2021,3,Market and Economic Risks,"Changes in interest rates and increased rate competition could adversely affect our profitability, business, and prospects.","Most of our assets and liabilities are monetary in nature, which subjects us to significant risks from changes in interest rates and can impact our net income, the valuation of our assets and liabilities, and our ability to effectively manage our interest rate risk. We derive a significant amount of our revenue from net interest income and, therefore, our net income depends heavily on our net interest margin. Net interest margin is the difference between the interest we receive on loans, securities, and other earning assets and the interest we pay on interest-bearing deposits, borrowings, and other liabilities. These rates are highly sensitive to many factors beyond our control, including competition, general economic conditions, and monetary and fiscal policies of various governmental and regulatory authorities, including the FRB. In a rising rate environment, the rate of interest we pay on our interest-bearing deposits, borrowings, and other liabilities may increase more quickly than the rate of interest we receive on loans, securities, and other earning assets, which could adversely impact our net interest income and earnings. Conversely, our earnings also could be adversely affected in a declining rate environment if the rates on our loans and other investments fall more quickly than those on our deposits and other liabilities. Because of our relatively high reliance on net interest income, our revenue and earnings are more sensitive to changes in market rates than other financial institutions that have more diversified sources of revenue. Loan volumes are also affected by market interest rates on loans. Lower interest rates are usually associated with higher loan originations. Conversely, decreasing interest rates generally increase loan repayment rates and cause more borrowers to refinance loans, which could result in the loss of future net servicing revenues with an associated write-down of the related MSRs. In contrast, in rising interest rate environments, loan repayment rates generally decline and result in a lower volume of loan originations. In addition to the impact on our lending business, a decrease in loan originations would adversely affect the volume of loans available for purchase by our mortgage warehouse lending platform. In addition to the potential effects on net interest margin and loan volumes, an increase in the general level of interest rates may adversely affect the ability of certain borrowers to pay interest and principal on their obligations and may also reduce the amount of non-interest income we can earn due to potentially lower levels of banking business conducted generally as well lower levels of servicing, gain on sale, and other revenues generated through our residential mortgage business. Interest rates are expected to rise in 2022. The Federal Reserve’s target range for the federal funds rate has remained at 0 to 0.25 percent since the onset of the pandemic. In the January 2022 FOMC meeting, the federal funds target rate was kept at the current range, although the FOMC signaled that it expects to raise the target range for the federal funds rate in the near term. With this guidance, many market commentators have published revised forecasts and are anticipating multiple rate hikes in 2022. An increase in interest rates could materially and adversely affect our business, financial condition, results of operations, and cash flows.",3551,1212545,https://www.sec.gov/Archives/edgar/data/1212545/000121254522000090/wal-20211231.htm,
financial,,,,y,,776901_FY2025_015,INDB,2025,15,"Risks Related to Legal, Regulatory and Policy Matters","Changes in U.S. trade policies and other global political factors beyond the Company’s control, including the imposition of tariffs, retaliatory tariffs, or other sanctions, may adversely impact the Company’s business, financial condition and results of operations.","There have been, and may be in the future, extensive changes and discussions with respect to U.S. and international trade policies, legislation, treaties and tariffs, embargoes, sanctions and other trade restrictions. Tariffs, retaliatory tariffs or other trade restrictions on products and materials that customers import or export, including tariffs imposed by the U.S. presidential administration, or a trade war or other related governmental actions related to tariffs, international trade agreements or policies or other trade restrictions have the potential to negatively impact the Company’s and/or the Bank’s customers’ costs, demand for the Bank’s customers’ products, and/or the U.S. economy or certain sectors thereof and, thus, could adversely impact the Company’s business, financial condition and results of operations. In addition, to the extent changes in the global political environment, including existing and future conflicts, may have a negative impact on the global economy and financial markets, including the financial services industry generally and, as a result, the Company and the markets in which it operates, the Company’s business, results of operations and financial condition could be materially and adversely impacted in the future.",1531,776901,https://www.sec.gov/Archives/edgar/data/776901/000077690126000058/indb-20251231.htm,
operational,,,,y,,36377_FY2023_018,FHB,2023,18,Operational Risks,Employee misconduct or mistakes could expose us to significant legal liability and reputational harm.,"We are vulnerable to reputational harm because we operate in an industry in which integrity and the confidence of our customers are of critical importance. Our employees could engage in misconduct that adversely affects our business. For example, if an employee were to engage in fraudulent, illegal or suspicious activities, we could be subject to regulatory sanctions and suffer serious harm to our reputation (as a consequence of the negative perception resulting from such activities), financial position, customer relationships and ability to attract new customers. Our business often requires that we deal with confidential information. If our employees were to improperly use or disclose this information, even if inadvertently, we could suffer serious harm to our reputation, financial position and current and future business relationships. It is not always possible to deter employee misconduct, and the precautions we take to detect and prevent this activity may not always be effective. Misconduct by our employees, or even unsubstantiated allegations of misconduct, could result in a material adverse effect on our business, financial condition or results of operations. In addition, employee errors, such as inadvertent use or disclosure of confidential information, calculation errors, mistakes in addressing communications or data inputs, errors in developing, implementing or applying information technology systems or simple errors in judgment, could also have similar adverse effects.",1604,36377,https://www.sec.gov/Archives/edgar/data/36377/000155837024001995/fhb-20231231x10k.htm,
regulatory,,,,y,,1810546_FY2023_059,EBC,2023,59,Risks Related to Regulations,"Non-compliance with the USA PATRIOT Act, Bank Secrecy Act or other laws and regulations could result in fines or sanctions.","The USA PATRIOT and Bank Secrecy Acts require financial institutions to develop programs to prevent financial institutions from being used for money laundering and terrorist activities. If such activities are detected, financial institutions are obligated to file suspicious activity reports with the U.S. Treasury’s Office of Financial Crimes Enforcement Network. These rules require financial institutions to establish procedures for identifying and verifying the identity of customers seeking to open new financial accounts. Failure to comply with these regulations could result in fines or sanctions, including restrictions on conducting acquisitions or establishing new branches. Although we have developed policies and procedures designed to assist in compliance with these laws and regulations, these policies and procedures may not be effective in preventing violations of these laws and regulations.",1031,1810546,https://www.sec.gov/Archives/edgar/data/1810546/000162828024006922/ebc-20231231.htm,
operational,,,,y,,1068851_FY2024_025,PB,2024,25,Operational Risks,The Company’s business may be adversely affected by consolidations of technology vendors.,The Company relies on certain external vendors for core products and services. Consolidations among core vendors may have the effect of decreasing price competition that may lead to higher vendor costs and may also increase systemic risk from vendors that could affect the Company’s operations.,383,1068851,https://www.sec.gov/Archives/edgar/data/1068851/000095017025029222/pb-20241231.htm,
strategic,,,,y,,73124_FY2021_036,NTRS,2021,36,Strategic Risks,"We are subject to intense competition in all aspects of our businesses, which could have a negative effect on our ability to maintain satisfactory prices and grow our earnings.","We provide a broad range of financial products and services in highly competitive markets. We compete against large, well-capitalized, and geographically diverse companies that are capable of offering a wide array of financial products and services at competitive prices. In certain businesses, such as foreign exchange trading, electronic networks present a competitive challenge. Additionally, technological advances and the growth of internet-based commerce have made it possible for other types of institutions to offer a variety of products and services competitive with certain areas of our business. Many of these nontraditional service providers have fewer regulatory constraints and some have lower cost structures. The same may be said for competitors based in non-U.S. jurisdictions, where legal and regulatory environments may be more favorable than those applicable to the Corporation and the Bank as U.S.-domiciled financial institutions. These competitive pressures may have a negative effect on our earnings and ability to grow. Pricing pressures, as a result of the willingness of competitors to offer comparable or improved products or services at a lower price, also may result in a reduction in the price we can charge for our products and services, which could have, and in some cases has had, a negative effect on our ability to maintain or increase our profitability.",1566,73124,https://www.sec.gov/Archives/edgar/data/73124/000007312422000071/ntrs-20211231.htm,
financial,,,,y,,91576_FY2023_002,KEY,2023,2,FACTORS,We are subject to the risk of defaults by our loan clients and counterparties.,"Many of our routine transactions expose us to credit risk, including the risk of default of our counterparties, which include other financial institutions, or clients. Our credit risk may be exacerbated when the collateral held cannot be realized upon or is liquidated at prices insufficient to recover the full amount of the loan or derivative exposure due to us. In deciding whether to extend credit or enter into other transactions, we rely on information furnished by or on behalf of counterparties and clients, including financial statements, credit reports and other information. We also rely on representations of those counterparties, clients, or other third parties as to the accuracy and completeness of that information. The inaccuracy of that information or those representations affects our ability to accurately evaluate the default risk of a counterparty or client. In addition, given the Dodd-Frank legislative mandate to centrally clear eligible derivative contracts, we rely on central clearing counterparties to remain open and operationally viable at all times. A financial institution or other counterparty failure, such as the bank failures in early 2023, or a cybersecurity breach could result in the failure of or disruption to a counterparty or client, which may materially and adversely affect our business, financial condition or results of operations.",1457,91576,https://www.sec.gov/Archives/edgar/data/91576/000009157624000040/key-20231231.htm,
strategic,,,,y,,1810546_FY2024_041,EBC,2024,41,“Business”,We may not be able to successfully manage our intellectual property and may be subject to infringement claims.,"We rely on a combination of owned and licensed trademarks, service marks, trade names, logos and other intellectual property rights. Third parties may challenge, invalidate, infringe or misappropriate our intellectual property, or such intellectual property may not be sufficient to provide us with competitive advantages, which could result in costly redesign efforts, discontinuance of certain services or other competitive harm. In addition, certain aspects of our business and our services rely on technologies licensed by third parties, and we may not be able to obtain or continue to obtain licenses and technologies from these third parties on reasonable terms or at all. The loss or diminution of our intellectual property protection or the inability to obtain third-party intellectual property could harm our business and ability to compete. We may also be subject to costly litigation in the event our services infringe upon or otherwise violate a third party’s proprietary rights. Third parties may have, or may eventually be granted, intellectual property rights, including trademarks, that could be infringed by our services or other aspects of our business. Third parties have made, and may make, claims of infringement against us with respect to our services or business. Any claim from third parties may result in a limitation on our ability to use the intellectual property subject to these claims. Even if we believe that intellectual property related claims are without merit, defending against such claims is time consuming and expensive and could result in the diversion of the time and attention of our management and employees. Claims of intellectual property infringement also might require us to redesign affected services, enter into costly settlement or license agreements, pay costly damage awards, or face a temporary or permanent injunction prohibiting us from marketing or selling certain of our services. Any intellectual property related dispute or litigation could have a material adverse effect on our business, financial condition and results of operations.",2203,1810546,https://www.sec.gov/Archives/edgar/data/1810546/000162828025008583/ebc-20241231.htm,
regulatory,,,,y,,1488813_FY2024_025,CUBI,2024,25,Risks Related to the Bancorp’s Banking Operations,"Prior to our acquisition of the Disbursement Business, the Federal Reserve Board and FDIC took regulatory enforcement action against Higher One, which subjected us to regulatory inquiry and potential regulatory enforcement action, which may result in liabilities adversely affecting our business, financial conditions and/or results of operations or in reputational harm even after BMT’s divestiture.","Since August 2013 until the acquisition of the Disbursement Business, we provided deposit accounts and services to college students through Higher One, which had relationships with colleges and universities in the United States, using Higher One’s technological services. Because Higher One was not a bank, it had to partner with one or more banks to provide the deposit accounts and services to students. Higher One and one of Higher One’s former bank partners (the “predecessor bank”), announced in May 2014 that the Federal Reserve Board notified them that certain disclosures and operating processes of these entities may have violated certain laws and regulations and may result in penalties and restitution. In May 2014, the Federal Reserve also informed us, as one of Higher One’s bank partners, that it was recommending a regulatory enforcement action be initiated against us based on the same allegations. In July 2014, the predecessor bank referenced above, which no longer is a partner with Higher One, entered into a consent order to cease and desist with the Federal Reserve Board pursuant to which it agreed to pay a total of $3.5 million in civil money penalties and an additional amount that it may be required to pay in restitution to students in the event Higher One is unable to pay the restitution obligations, if any, imposed on Higher One (“back-up restitution”). We believe that the circumstances of its relationship with Higher One and the student customers are different than the relationship between us and Higher One and the student customers. In December 2015, Higher One entered into consent orders with both the Federal Reserve Board and the FDIC. Under the consent order with the Federal Reserve Board, Higher One agreed to pay $2.2 million in civil money penalties and $24 million in restitution to students. Under the consent order with the FDIC, Higher One agreed to pay an additional $2.2 million in civil money penalties and $31 million in restitution to students. In addition, a third partner bank, which is regulated by the FDIC, also entered into a consent order to cease and desist with the FDIC pursuant to which it agreed to pay $1.8 million in civil money penalties and an additional amount in restitution to students in the event Higher One is unable to meet its restitution obligation. We believe that we identified key critical alleged compliance deficiencies within 30 days of first accepting deposits through our relationship with Higher One and caused such deficiencies to be remediated within approximately 120 days. In addition, we understand that the total amount of fees that Higher One collected from students who opened accounts with us during the relevant time period is substantially less than the total fees that Higher One collected from students who opened deposit accounts at the other partner banks during the relevant time period. In addition, as Higher One paid the restitution and deposited such monies to pay the required restitution, we did not expect that backup restitution would be required. Nonetheless, as previously disclosed, we had been in discussions with the Federal Reserve Board regarding these matters from 2013 and in an effort to move forward, on December 6, 2016, we agreed to the issuance by the Federal Reserve Board of a combined Order to Cease and Desist and Order of Assessment of a Civil Money Penalty Issued Upon Consent Pursuant to the Order and agreed to a penalty of $960 thousand. We had previously set aside a reserve for the civil money penalty and made payment in 2016. The Order was terminated in March 2022. In June 2016, Customers acquired the Disbursement Business of Higher One and subsequently combined that business with BankMobile. Customers successfully launched BankMobile, America’s first mobile platform based full-service consumer bank in January 2015. On January 4, 2021, Customers completed the divestiture of BMT, a wholly-owned subsidiary of Customers Bank and a component of BankMobile, which included the Disbursement Business, through a merger with MFAC. We remain subject to the jurisdiction and examination of the Federal Reserve Board, and further action could be taken if the Federal Reserve Board were to identify additional violations of applicable laws and regulations. Any further action could have a material adverse effect on our business, financial conditions and/or results of operations or our reputation.",4835,1488813,https://www.sec.gov/Archives/edgar/data/1488813/000148881325000013/cubi-20241231.htm,
financial,,,,y,,883948_FY2025_002,AUB,2025,2,Risks Related to Our Lending Activities,"We have significant credit exposure in CRE, which may expose us to additional credit risks, and may adversely affect our business, financial condition, and results of operations.","Our CRE portfolio consists primarily of non-owner-operated properties and other commercial properties. These types of loans are generally viewed as having more risk of default than residential real estate loans and depend on cash flows from the owner’s business or the property’s tenants to service the debt. The borrower’s cash flows may be affected significantly by general economic conditions, a downturn in the local economy or in occupancy rates in the market where the property is located, any of which could increase the likelihood of default. CRE loans also typically have larger loan balances, and, therefore, the deterioration of one or a few of these loans could cause a significant increase in the percentage of our non-performing loans. An increase in non-performing loans could result in a loss of earnings from these loans, an increase in the provision for loan losses, and an increase in charge-offs, all of which could have a material adverse effect on our business, financial condition, and results of operations. The banking regulatory agencies have expressed concerns about weaknesses in the CRE market. Banking regulators generally give CRE lending greater scrutiny and may require banks with higher levels of CRE loans to implement enhanced risk management practices, including stricter underwriting, internal controls, risk management policies, more granular reporting, and portfolio stress testing, as well as possibly higher levels of allowances for losses and capital levels as a result of CRE lending growth and exposures. If our banking regulators determine that our CRE lending activities are particularly risky and are subject to such heightened scrutiny, we may incur significant additional costs or be required to restrict certain of our CRE lending activities. Furthermore, failures in our risk management policies, procedures and controls could adversely affect our ability to manage this portfolio going forward and could result in an increased rate of delinquencies in, and increased losses from, this portfolio, which could have a material adverse effect on our business, financial condition, and results of operations.",2334,883948,https://www.sec.gov/Archives/edgar/data/883948/000088394826000021/aub-20251231x10k.htm,
regulatory,,,,y,,1488813_FY2023_054,CUBI,2023,54,Taxes,"Changes in U.S. federal, state or local tax laws may negatively impact our financial performance.","We are subject to changes in tax law that could increase Customers’ effective tax rates. These tax law changes may be retroactive to previous periods and as a result could negatively affect Customers’ current and future financial performance. A number of changes to the Code were introduced through the Tax Act, the CARES Act and the CAA, and some of the provisions are set to expire in future years. There is substantial uncertainty concerning whether those expiring provisions will be extended, or whether future legislation will further revise the Code. Also, the current administration has indicated it may propose increases to the federal corporate statutory tax rate. An increase in the federal corporate tax rate may increase our tax provision expense. We are unable to predict whether these changes, or other proposals, will ultimately be enacted.",952,1488813,https://www.sec.gov/Archives/edgar/data/1488813/000148881324000010/cubi-20231231.htm,
strategic,,,,y,,801337_FY2025_055,WBS,2025,55,Risks Related to Strategy,Failure to keep pace with and adapt to technological change could adversely impact our business.,"The financial services industry is continually undergoing rapid technological change with frequent introductions of new technology-driven products and services and the use of artificial intelligence. These new technologies may be superior to, or render obsolete, the technologies currently used in our products and services. Our future success depends, in part, upon our ability to address the needs of our customers by using technology and information to provide products and services that will satisfy customer demands, as well as to create additional efficiencies in our operations. Many of our competitors have substantially greater resources to invest in technological improvements because of their larger size and available capital. Developing or acquiring new technologies and incorporating them into our products and services may require significant investment, take considerable time, and ultimately may not be successful. We cannot predict which technological developments or innovations will become widely adopted or how those technologies may be regulated. We also may not be able to effectively market new technology-driven products and services to our customers. Failure to successfully keep pace with and adapt to technological change affecting the financial services industry could have a material adverse impact on our business and, in turn, our financial condition and results of operations.",1505,801337,https://www.sec.gov/Archives/edgar/data/801337/000080133726000008/wbs-20251231.htm,
financial,,,,y,,875357_FY2025_008,BOKF,2025,8,"Liquidity, Price, and Interest Rate Risk Factors","Changes in mortgage interest rates could adversely affect mortgage banking operations and mortgage servicing rights, as well as BOK Financial's substantial holdings of residential mortgage-backed securities and brokerage and trading revenue.","BOK Financial derives a substantial amount of revenue from mortgage banking activities, the production and sale of mortgage loans, and the servicing of mortgage loans. In addition, as part of BOK Financial's mortgage banking business, BOK Financial has substantial holdings of MSR. Revenue generated from the production and sale of mortgage loans is affected by mortgage interest rates and government policies related to economic stimulus and home ownership. Falling interest rates tend to increase mortgage lending activities and related revenue while rising interest rates have an opposite effect. Mortgage servicing revenue is a fee earned over the life of the related loan. However, MSR are assets that are carried at fair value, which are very sensitive to numerous factors with the primary factor being changes in market interest rates. Falling interest rates tend to increase loan prepayments, which may lead to a decrease in the value of related servicing rights. We attempt to manage this risk by maintaining an active hedging program. The primary objective of the Company's hedging program is to provide an offset to changes in the fair value of these rights due to hedgeable risks, primarily changes in market interest rates. Due to numerous unhedgeable factors, hedging strategies may not offset all changes in the fair value of the asset. Such unhedgeable factors include, but are not limited to, changes in customer prepayment or delinquency behavior that is inconsistent with historical actual performance in a similar market environment; changes in the long-term or short-term primary/secondary mortgage spreads; and changes in survey-driven assumptions such as the cost of servicing and discount rates. We also hold a substantial portfolio of residential mortgage-backed securities issued by U.S. government agencies. The fair value of residential mortgage-backed securities is highly sensitive to changes in interest rates. A significant decrease in interest rates may lead mortgage holders to refinance the mortgages constituting the pool backing the securities, subjecting BOK Financial to a risk of prepayment and decreased return on investment due to subsequent reinvestment at lower interest rates. A significant decrease in interest rates may also accelerate premium amortization. Conversely, a significant increase in interest rates may cause mortgage holders to extend the term over which they repay their loans, which delays the Company's opportunity to reinvest funds at higher rates. We mitigate this risk somewhat by investing principally in shorter duration mortgage products, which are less sensitive to changes in interest rates; however, this strategy may not be successful. In addition, the Company actively engages in trading activities that provide U.S. government agency residential mortgage-backed securities and related derivative instruments to our customers. Trading activities generate net interest income and trading revenue. Trading revenue and customer hedging revenue varies in response to customer demand. The value of trading securities will increase in response to decreases in interest rates or decrease in response to increases in interest rates and other bond market factors. We mitigate the market risk of holding trading securities through appropriate economic hedging techniques, which may not be effective.",3604,875357,https://www.sec.gov/Archives/edgar/data/875357/000087535726000013/bokf-20251231.htm,
regulatory,,,,y,,83246_FY2022_010,,2022,10,"Risks related to Regulation, Legislation and Litigation",Failure to meet regulatory requirements and expectations regarding sales practices and incentive compensation programs could negatively impact us and our customers.,"Our remuneration practices and performance management framework are designed to prevent and deter conflicts of interest and inappropriate sales incentives. Additionally, our other sales controls, including our framework for handling customer and employee complaints regarding sales practices, are designed to ensure customers receive products that they have authorized and meet their needs. Failure to execute our sales controls could result in the sale of, or upgrade to, products and services that fail to meet the needs of, or are unsuitable for, customers and clients, and can lead to financial harm to our customers, regulatory sanctions, financial loss and reputational damage.",847,83246,https://www.sec.gov/Archives/edgar/data/83246/000008324623000004/hsbcusa-20221231.htm,
financial,,,,y,,37808_FY2023_006,FNB,2023,6,3. Liquidity Risk,"Our growth may require us to raise additional capital in the future, but that capital may not be available when it is needed.","We are required by federal and state regulatory authorities to maintain adequate levels of capital to support our operations (see discussion under “Government Supervision and Regulation” included in Item 1 of this Report). As a financial holding company, we seek to maintain capital sufficient to meet the “well-capitalized” standard set by regulators. While we anticipate that our current capital resources will satisfy our capital requirements for the foreseeable future, we may, at some point need to raise additional capital to support current operations or continued growth. The availability of additional capital or financing will depend on a variety of factors, many of which are outside of our control, including market conditions, credit availability, our credit ratings and credit capacity, marketability of our stock, and the possibility that lenders and investors could develop a negative perception of our long- or short-term financial prospects if we incur large credit losses or if the level of business activity decreases due to economic conditions. Accordingly, there can be no assurance of our ability to expand our operations through organic growth or acquisitions. As such, we may be forced to delay raising capital, issue shorter-term securities than desired or bear an unattractive cost of capital, which could decrease profitability and significantly reduce financial flexibility. In addition, if we decide to raise additional equity capital, it could be dilutive to our existing stockholders.",1641,37808,https://www.sec.gov/Archives/edgar/data/37808/000003780824000006/fnb-20231231.htm,
regulatory,,,,y,,7789_FY2021_061,ASB,2021,61,Risks Related to an Investment in Our Securities,"An entity holding as little as a 5% interest in our outstanding common stock could, under certain circumstances, be subject to regulation as a ""bank holding company.""","An entity (including a ""group"" composed of natural persons) owning or controlling with the power to vote 25% or more of our outstanding common stock, or 5% or more if such holder otherwise exercises a ""controlling influence"" over us, may be subject to regulation as a ""bank holding company"" in accordance with the BHC Act. In addition, (1) any bank holding company or foreign bank with a U.S. presence may be required to obtain the approval of the Federal Reserve under the BHC Act to acquire or retain 5% or more of our outstanding common stock, and (2) any person not otherwise defined as a company by the BHC Act and its implementing regulations may be required to obtain the approval of the Federal Reserve under the Change in Bank Control Act to acquire or retain 10% or more of our outstanding common stock. Becoming a bank holding company imposes certain statutory and regulatory restrictions and obligations, such as providing managerial and financial strength for its bank subsidiaries. Regulation as a bank holding company could require the holder to divest all or a portion of the holder’s investment in our common stock or such nonbanking investments that may be deemed impermissible or incompatible with bank holding company status, such as a material investment in a company unrelated to banking. Further, on January 30, 2020, the Federal Reserve finalized a rule that simplifies and increases the transparency of its rules for determining when one company controls another company for purposes of the BHC Act. The rule became effective September 30, 2020. The rule has and will likely continue to have a meaningful impact on control determinations related to investments in banks and bank holding companies and investments by bank holding companies in nonbank companies.",1951,7789,https://www.sec.gov/Archives/edgar/data/7789/000000778922000007/asb-20211231.htm,
financial,,,,y,,936528_FY2022_033,WAFD,2022,33,Security Ownership Risks,"There may be future sales or other dilution of the Company's equity, which may adversely affect the market price of our common stock or depositary shares.","We are not restricted from issuing additional shares of common stock, preferred stock, or securities that are convertible into or exchangeable for, or that represent the right to receive, Common Stock or preferred stock. Our Board of Directors is authorized to cause Washington Federal to issue one or more classes or series of preferred stock junior to our Series A Preferred Stock from time to time without any action on the part of our shareholders, and our Board of Directors also has the power, without shareholder approval, to set the terms of any such classes or series of preferred stock that may be issued, including voting rights, dividend rights, and preferences over the Common Stock with respect to dividends or upon our dissolution, winding up and liquidation and other terms. Although the approval of holders of depositary shares representing interests in the Series A Preferred Stock will be needed to issue any equity security ranking above the Series A Preferred Stock, if we were to issue preferred stock in the future that has preference over the Series A Preferred Stock with respect to the payment of dividends or upon liquidation, or if we were to issue preferred stock with voting rights that dilute the voting power of the Series A Preferred Stock or depositary shares, the rights of holders of the depositary shares or the market price of the depositary shares could be adversely affected. The issuance of any additional shares of common or of preferred stock or convertible securities or the exercise of such securities could be substantially dilutive to existing shareholders. For instance, exercise of the warrant issued to the U.S. Treasury in connection with our participation in the Capital Purchase Program diluted the value of our Common Stock. We may also elect to use Common Stock to fund new acquisitions, which will dilute existing shareholders. Holders of our Common Stock have no preemptive rights that entitle holders to purchase their pro rata share of any offering of shares of any class or series and, therefore, such sales or offerings could result in increased dilution to our shareholders.",2290,936528,https://www.sec.gov/Archives/edgar/data/936528/000093652822000143/wfsl-20220930.htm,Acquired Luther Burbank Corporation earl
strategic,,,,y,,776901_FY2023_023,INDB,2023,23,Risks Related to Information Security and Technology,"The Company continually encounters technological change. The failure to understand and adapt to these changes could negatively impact the Company's business, financial condition and results of operations.","Financial services industries continually experience rapid technological change with frequent introductions of new technology-driven products and services, such as artificial intelligence. An effective use of technology can increase efficiency, enable financial institutions to better serve customers, and reduce costs. Additionally, as a result of the Coronavirus (""COVID-19"") pandemic and the related shift toward remote banking, customers have become more reliant on, and their expectations have increased with respect to, new technology-driven products and services. In addition, technology has lowered barriers to entry and made it possible for ""non-banks"" to offer traditional bank products and services using innovative technological platforms such as fintech and blockchain. These ""digital banks"" may be able to achieve economies of scale and offer better pricing than the Company offers for banking products and services, and they may have fewer regulatory burdens than traditional banks such as the Company. However, some new technologies needed to compete effectively result in incremental operating costs and capital investments. The Company's future success depends in part upon its ability to continue to address the needs of its customers by using technology to provide products and services that will satisfy customer demands, as well as to create additional efficiencies in operations. Many of the Company's competitors, because of their larger size and available capital, have substantially greater resources to invest in technological improvements. The Company may not be able to effectively implement new technology-driven products and services or be successful in marketing these products and services to its customers within the same time frame as its large competitors or within the time frame expected by its customers. Failure to successfully keep pace with technological change affecting the financial services industry could lead to loss of customers and could have a material adverse impact on the Company's business and, in turn, its financial condition and results of operations.",2313,776901,https://www.sec.gov/Archives/edgar/data/776901/000077690124000069/indb-20231231.htm,
financial,,,,y,,1504008_FY2023_007,BKU,2023,7,Strategic Risk,A downgrade of our credit rating could increase our cost of capital or place limitations on business activities.,"The major ratings agencies regularly evaluate us, and their ratings are based on a number of factors, including our financial strength and conditions affecting the financial services industry generally. In general, ratings agencies base their ratings on many quantitative and qualitative factors, including capital adequacy, liquidity, asset quality, business mix and level and quality of earnings, and we may not be able to maintain our current credit ratings. The ratings assigned to the Bank and the Company remain subject to change at any time, and it is possible that any ratings agency will take action to downgrade the Bank and the Company in the future. Additionally, ratings agencies may also make substantial changes to their ratings policies and practices, which may affect our credit ratings. A downgrade of our credit rating, particularly to a level below investment grade, could adversely impact the liquidity or value of our rated securities, our ability to access the capital or certain short-term funding markets, and our cost of capital. Additionally, certain commercial customers could be prohibited from placing deposits with us, impacting our liquidity position.",1295,1504008,https://www.sec.gov/Archives/edgar/data/1504008/000150400824000006/bku-20231231.htm,
operational,,,,y,,36270_FY2025_031,MTB,2025,31,Business Risk,The Company’s reported financial condition and results of operations depend on management’s selection of accounting methods and require management to make estimates about matters that are uncertain.,"Accounting policies and processes are fundamental to the Company’s reported financial condition and results of operations. Some of these policies require use of estimates and assumptions that may affect the reported amounts of assets or liabilities and financial results. Several of M&T’s accounting policies are critical because they require management to make difficult, subjective and complex judgments about matters that are inherently uncertain and because it is likely that materially different amounts would be reported under different conditions or using different assumptions. Pursuant to GAAP, management is required to make certain assumptions, apply estimates and make accounting policy elections in preparing the Company’s financial statements. If assumptions or estimates underlying the Company’s financial statements are incorrect, the Company may experience material losses. Management has identified certain accounting policies as being critical because they require management’s judgment to ascertain the valuations of assets, liabilities, commitments and contingencies. A variety of factors could affect the ultimate value that is obtained either when earning income, recognizing an expense, recovering an asset, valuing an asset or liability, or recognizing or reducing a liability. M&T has established detailed policies and control procedures that are intended to ensure these critical accounting estimates and judgments are well controlled and applied consistently. In addition, the policies and procedures are intended to ensure that the process for changing methodologies occurs in an appropriate manner. Because of the uncertainty surrounding judgments and the estimates pertaining to these matters, M&T could be required to adjust accounting policies or restate prior period financial statements if those judgments and estimates prove to be incorrect. For additional information, see ""Critical Accounting Estimates"" in Part II, Item 7, ""Management’s Discussion and Analysis of Financial Condition and Results of Operations"" and note 1 of Notes to Financial Statements in Part II, Item 8, ""Financial Statements and Supplemental Data"" of this Form 10-K.",2375,36270,https://www.sec.gov/Archives/edgar/data/36270/000003627026000010/mtb-20251231.htm,
financial,,,,y,,936528_FY2021_017,WAFD,2021,17,Market and Industry Risks,We may suffer losses in our loan portfolio due to inadequate or faulty underwriting and loan collection practices.,"There are risks inherent in any loan portfolio, which we attempt to address by adhering to specific underwriting and loan collection practices. Underwriting practices often include analysis of a borrower's prior credit history; financial statements; tax returns; cash flow projections; valuation of collateral; personal guarantees of loans to businesses; and verification of liquid assets. If the underwriting process fails to capture accurate information or proves to be inadequate, we may incur losses on loans that appeared to meet our underwriting criteria, and those losses may exceed the amounts set aside as reserves in the allowance for credit losses. Loan collection resources may be expanded to meet increases in nonperforming loans resulting from economic downturns or to service any loans acquired, resulting in higher loan administration costs. We are also exposed to the risk of improper documentation of foreclosure proceedings that would also increase the cost of collection.",1105,936528,https://www.sec.gov/Archives/edgar/data/936528/000093652821000122/wfsl-20210930.htm,Acquired Luther Burbank Corporation earl
financial,,,,y,,35527_FY2025_025,FITB,2025,25,MARKET RISKS: INTEREST RATE RISKS AND PRICE RISKS,Fifth Third’s stock price is volatile.,"Fifth Third’s stock price has been volatile in the past and several factors could cause the price to fluctuate substantially in the future. The price for shares of Fifth Third’s common stock may fluctuate significantly in the future, and these fluctuations may be unrelated to Fifth Third’s performance. General market price declines or market volatility in the future could adversely affect the price for shares of Fifth Third’s common stock and the current market price of such shares may not be indicative of future market prices.",571,35527,https://www.sec.gov/Archives/edgar/data/35527/000003552726000124/fitb-20251231.htm,
financial,,,,y,,750577_FY2021_019,HWC,2021,19,Risks Related to Our Operations,Returns on pension plan assets may not be adequate to cover future funding requirements.,"Investments in the portfolio of our defined benefit pension plan may not provide adequate returns to fully fund benefits as they come due, thus causing higher annual plan expenses and requiring additional contributions by us to the defined benefit pension plan.",349,750577,https://www.sec.gov/Archives/edgar/data/750577/000156459022007023/hwc-10k_20211231.htm,
operational,,,,y,,759944_FY2024_015,CFG,2024,15,Risks Related to Our Business,We rely heavily on communications and information systems to conduct our business.,"Any failure, interruption or breach in the security of our communication and information systems, including due to cyber-attacks or our failure to adequately maintain and manage our systems or implement system changes and upgrades, could result in failures or disruptions in our customer relationship management, general ledger, deposit, loan and other systems. Although our policies and procedures are designed to prevent or limit the effect of the possible failure, interruption or security breach of our information systems, there can be no assurance that these policies and procedures will be successful and that any such failure, interruption or security breach will not occur or, if they do occur, that they will be adequately addressed. The occurrence of any failure, interruption or security breach of our information systems could require us to devote substantial resources to recovery and response efforts, damage our reputation, result in a loss of customer business, subject us to additional regulatory scrutiny or expose us to civil litigation and possible financial liability. Although we maintain insurance coverage for information security events, we may incur losses as a result of such events that are not insured against or not fully covered by our insurance.",1360,759944,https://www.sec.gov/Archives/edgar/data/759944/000075994425000013/cfg-20241231.htm,
strategic,,,,y,,90498_FY2024_018,SFNC,2024,18,"Risks Related to Our Business, Industry, and Markets","We face strong competition from other banks, bank holding companies, and financial services companies.","In the markets we serve, the businesses of banking and financial services are fiercely competitive. Many of our competitors offer the same, or similar, products and services within our market areas. Some of our competitors are able to offer a broader range of products and services than we do. These competitors include banks with nationwide presences, regional banks, and community banks (who may have greater flexibility in their operational strategies than we possess). We also face competition from many other types of financial institutions, including, among others, credit unions, finance companies, insurance companies, brokerage and investment banking firms. Certain nonbank competitors of the Company are increasingly offering products and services that traditionally were banking products due to technological advances, and many of these nonbank competitors are not subject to the same extensive federal regulations that govern bank holding companies and federally insured banks. As a result, some of the competitors in our markets have the ability to offer products and services that we are unable to offer or to offer such products and services at more competitive rates. If we are unable to effectively compete for customers, we may lose loan and deposit market share, as well as experience reductions in net interest margin, fee income, and profitability, and our business, financial condition, and results of operations could be adversely affected.",1565,90498,https://www.sec.gov/Archives/edgar/data/90498/000162828025008639/sfnc-20241231.htm,
regulatory,,,,y,,83246_FY2021_040,,2021,40,Risks relating to our Financial Statements,Changes in accounting standards are beyond our control and may have a material impact on how we report our financial results and condition.,"Our accounting policies and methods are fundamental to how we record and report our financial condition and results of operations. From time to time, the FASB, the IASB, the SEC and our bank regulators, including the OCC and the FRB, change the financial accounting and reporting standards, or the interpretation thereof, and guidance that govern the preparation and disclosure of external financial statements. These changes are beyond our control, can be hard to predict and could materially impact how we report and disclose our financial results and condition, including our segment results. We could be required to apply a new or revised standard retrospectively, resulting in our restating prior period financial statements in material amounts. We may, in certain instances, change a business practice in order to comply with new or revised standards. For further discussion, see Note 2, ""Summary of Significant Accounting Policies and New Accounting Pronouncements,"" in the accompanying consolidated financial statements. HSBC USA Inc.",1181,83246,https://www.sec.gov/Archives/edgar/data/83246/000008324622000004/hsbcusa-20211231.htm,
regulatory,,,,y,,750577_FY2025_028,HWC,2025,28,Risks Related to the Legal and Regulatory Environment,We are subject to regulation by various federal and state entities.,"We are subject to the regulations of the Commission, the Federal Reserve, the FDIC, the CFPB and the MDBCF. New regulations issued by these or other agencies may adversely affect our ability to carry on our business activities. We are subject to various federal and state laws, and certain changes in these laws and regulations may adversely affect our operations. Other than the federal securities laws, the laws and regulations governing our business are intended primarily for the protection of our depositors, our customers, the financial system and the FDIC insurance fund, not our shareholders or other creditors. Further, we must obtain approval from our regulators before engaging in certain activities, and our regulators have the ability to compel us to, or restrict us from, taking certain actions entirely, such as increasing dividends, entering into merger or acquisition transactions, acquiring or establishing new branches, and entering into certain new businesses. Noncompliance with certain of these regulations may impact our business plans, including our ability to branch, offer certain products, or execute existing or planned business strategies. For additional information regarding laws and regulations to which our business is subject, see “Supervision and Regulation.” Any of the laws or regulations to which we are subject, including tax laws, regulations or their interpretations, may be modified or changed from time to time, and we cannot be assured that such modifications or changes will not adversely affect us. Failure to appropriately comply with any such laws or regulations could result in sanctions by regulatory authorities, civil monetary penalties or damage to our reputation, all of which could adversely affect our business, financial condition or results of operations. Further, implementation of new rules could require additional cost and negatively impact operating results. Changes in supervisory expectations may also require us to modify internal controls, policies, systems, or reporting processes, increasing compliance and operational costs. In addition, as the regulatory environment related to information security, data collection and use, and privacy becomes increasingly rigorous, with new and constantly changing requirements applicable to our business, compliance with those requirements could also result in additional costs. Evolving requirements related to data governance, cyber‑resiliency, customer‑data access, and incident‑reporting obligations may require significant investments in technology, personnel, and processes. Failure to meet these expectations could result in enforcement actions, operational limitations, or reputational harm.",2774,750577,https://www.sec.gov/Archives/edgar/data/750577/000119312526077903/hwc-20251231.htm,
financial,,,,y,,1015328_FY2024_047,WTFC,2024,47,Risks Related to Financial Strength and Liquidity,"If our credit rating is lowered, our financing costs could increase.","As of December 31, 2024, we have been rated by Fitch Ratings as ""BBB+"" and Morningstar DBRS as ""A (low)"". A credit rating is not a recommendation to buy, sell or hold securities and may be subject to revision or withdrawal at any time by the assigning rating organization. Our creditworthiness is not fixed and should be expected to change over time as a result of company performance and industry conditions. We cannot give any assurances that our credit ratings will remain at current levels, and it is possible that our ratings could be lowered or withdrawn by Fitch Ratings or Morningstar DBRS. Any actual or threatened downgrade or withdrawal of our credit rating could affect our perception in the marketplace and our ability to raise capital, and could increase our debt financing costs.",862,1015328,https://www.sec.gov/Archives/edgar/data/1015328/000101532825000093/wtfc-20241231.htm,
operational,,,,y,,35527_FY2021_012,FITB,2021,12,OPERATIONAL RISKS,"Fifth Third may experience losses related to fraud, theft or violence.","Fifth Third has experienced, and may experience again in the future, losses incurred due to customer or employee fraud, theft or physical violence. Additionally, physical violence may negatively affect Fifth Third’s key personnel, facilities or systems. These losses may be material and negatively affect Fifth Third’s results of operations, financial condition or prospects. These losses could also lead to significant reputational risks and other effects. The industry fraud threat continues to evolve, including but not limited to, card fraud, check fraud, electronic fraud, wire fraud, social engineering and phishing attacks for identity theft and account takeover. Nationally, reported incidents of fraud and other financial crimes have increased. Increased use of the internet and telecommunications technologies (including mobile devices) to conduct financial and other business transactions and operations, coupled with the increased sophistication and activities of organized crime, perpetrators of fraud, hackers, terrorists and others increases Fifth Third’s security risks. Fifth Third continues to invest in fraud prevention in the forms of people and systems designed to prevent, detect and mitigate the customer and financial impacts.",1320,35527,https://www.sec.gov/Archives/edgar/data/35527/000003552722000119/fitb-20211231.htm,
financial,,,,y,,1331520_FY2024_005,HOMB,2024,5,Risks Related to Our Industry,"The failure of other financial institutions could adversely affect us, and we may incur losses on investments in other financial institutions.","The financial system is highly interrelated, including as a result of lending, trading, clearing, counterparty, and other relationships. We have exposure to and routinely execute transactions with a wide variety of financial institutions, including brokers, dealers, commercial banks, investment banks and other substantial participants. In addition, we currently hold and may in the future acquire additional investments in the debt or equity securities of other financial institutions. Some of the institutions or other participants with whom we transact business or in which we hold investments may experience instability due to financial challenges in the banking industry or may be perceived to be unstable. If any of these institutions or participants were to fail in meeting its obligations in full and on time, or were to enter bankruptcy, conservatorship, or receivership, the consequences could ripple throughout the financial system and may adversely affect our business, results of operations, financial condition, or prospects. Our investments in any such institutions could decline in value or become valueless, which could result in us incurring losses in our investment portfolio that may have a materially adverse effect our operating results. Further, our stock price may be negatively impacted by failures of other financial institutions and their effects on consumer and investor confidence, and we may experience increased deposit insurance premiums, increased regulatory scrutiny and other adverse effects on our business, profitability or financial condition as a result of these failures.",1754,1331520,https://www.sec.gov/Archives/edgar/data/1331520/000133152025000076/homb-20241231.htm,
strategic,,,,y,,49196_FY2021_035,HBAN,2021,35,Reputation Risk:,"Damage to our reputation could significantly harm our business, including our competitive position and business prospects.","Our ability to attract and retain customers, clients, investors, and employees is affected by our reputation. Significant harm to our reputation can arise from various sources, including officer, director or employee misconduct, actual or perceived unethical behavior, conflicts of interest, security breaches, litigation or regulatory outcomes, compensation practices, failing to deliver minimum or required standards of service and quality, failing to address customer and agency complaints, compliance failures, unauthorized release of personal, proprietary or confidential information due to cyber-attacks or otherwise, perception of our environmental, social and governance practices and disclosures, and the activities of our clients, customers, and counterparties, including vendors. Actions by the financial service industry generally or by institutions or individuals in the industry can adversely affect our reputation indirectly by association. In addition, adverse publicity or negative information posted on social media, whether or not factually correct, may affect our business prospects. All of these could adversely affect our growth, results of operation, and financial condition.",1320,49196,https://www.sec.gov/Archives/edgar/data/49196/000004919622000023/hban-20211231.htm,
financial,,,,y,,700564_FY2022_025,FULT,2022,25,RISKS RELATED TO STRATEGIC GROWTH,Acquisitions may dilute shareholder value.,"The acquisition of Prudential Bancorp on July 1, 2022 was a cash-and-stock transaction valued at approximately $119.1 million as of the date of close. The consideration payable to Prudential Bancorp shareholders upon consummation of the acquisition consisted of whole shares of the Corporation's common stock and cash in lieu of fractional shares of the Corporation's common stock. We issued approximately 6.2 million shares of the Corporation's common stock to Prudential Bancorp shareholders in connection with the acquisition. Future mergers or acquisitions, if any, may involve cash, debt or equity securities as transaction consideration. Acquisitions typically involve the payment of a premium over book and market values, and, therefore, some dilution of our stock's tangible book value and net income per common share may occur in connection with any future transaction. We cannot say with any certainty that we will be able to consummate, or if consummated, successfully integrate any future acquisitions, or that we will not incur disruptions or unexpected expenses in integrating such acquisitions. Furthermore, failure to realize the expected revenue increases, cost savings, strategic gains, increases in geographic or product presence, and/or other anticipated benefits from pending or future acquisitions could have a material adverse effect on our financial condition and results of operations.",1452,700564,https://www.sec.gov/Archives/edgar/data/700564/000070056423000015/fult-20221231.htm,
strategic,,,,y,,351569_FY2021_022,ABCB,2021,22,RISKS RELATED TO OUR COMPANY AND INDUSTRY,We engage in acquisitions of other businesses from time to time. These acquisitions may not produce revenue or earnings enhancements or cost savings at levels or within timeframes originally anticipated and may result in unforeseen integration difficulties.,"When appropriate opportunities arise, we will engage in acquisitions of other businesses. Difficulty in integrating an acquired business or company may cause us not to realize expected revenue increases, cost savings, increases in geographic or product presence or other anticipated benefits from any acquisition. The integration could result in higher than expected deposit attrition (run-off), loss of key employees, disruption of our business or the business of the acquired company, or otherwise adversely affect our ability to maintain relationships with customers and employees or achieve the anticipated benefits of the acquisition. We will likely need to make additional investments in equipment and personnel to manage higher asset levels and loan balances as a result of any significant acquisition, which may materially adversely impact our earnings. Also, the negative effect of any divestitures required by regulatory authorities in acquisitions or business combinations may be greater than expected. Depending on the condition of any institution that we may acquire, any acquisition may, at least in the near term, materially adversely affect our capital and earnings and, if not successfully integrated following the acquisition, may continue to have such effects.",1536,351569,https://www.sec.gov/Archives/edgar/data/351569/000035156922000005/abcb-20211231.htm,
financial,,,,y,,1169770_FY2025_044,BANC,2025,44,Risks Relating to External Factors and Markets,"Our financial condition and results of operations are dependent on the national and local economy, particularly in the Bank’s market areas. A worsening in economic conditions in the market areas we serve may impact our earnings adversely and could increase the credit risk of our loan portfolio.","We cannot accurately predict the possibility of the national or local economy’s return to recessionary conditions or to a period of economic weakness, which would adversely impact the markets we serve. Our primary market area is concentrated in the greater Los Angeles, Orange, San Diego, San Bernardino, Riverside, and Ventura counties of California, with full-service branches also located in Denver, Colorado and Durham, North Carolina. Adverse economic conditions in any of these areas can reduce our rate of growth, affect our clients’ ability to repay loans and adversely impact our financial condition and earnings. General economic conditions, including inflation, unemployment and money supply fluctuations, also may affect our profitability adversely. A deterioration in economic conditions could result in a number of consequences, including but not limited to the following, any of which could have a material adverse effect on our business, financial condition, and results of operations. For example, we could experience reduced demand for our products and services, an increase in loan delinquencies, problem assets, and foreclosures, and a decrease in the value of collateral securing our loans. Additionally, the amount of our low-cost or noninterest-bearing deposits could decline, further impacting our financial stability. Financial services institutions are interrelated as a result of trading, clearing, counterparty, or other relationships. We have exposure to many different industries and counterparties, and routinely execute transactions with counterparties in the financial services industry, including commercial banks, brokers and dealers, investment banks, and other institutional clients. Many of these transactions expose us to credit risk in the event of a default by a counterparty or client.",2122,1169770,https://www.sec.gov/Archives/edgar/data/1169770/000162828026012946/banc-20251231.htm,
strategic,,,,y,,861842_FY2024_023,CATY,2024,23,Operational Risks,"Increased attention to, and evolving expectations for, environmental, social, and governance (ESG) initiatives could increase our costs, harm our reputation, or otherwise adversely impact our business.","Companies across industries are facing increasing scrutiny from a variety of stakeholders related to their ESG practices. Expectations regarding voluntary ESG initiatives and disclosures may result in increased costs (including but not limited to increased costs related to compliance, stakeholder engagement, contracting and insurance), changes in demand for certain offerings, enhanced compliance or disclosure obligations, or other adverse impacts to our business, financial condition, or results of operations. While we may at times engage in voluntary initiatives (such as voluntary disclosures, certifications, or goals, among others) or commitments to improve the ESG profile of our company and/or offerings or to respond to stakeholder demand, such initiatives or achievement of such commitments may be costly and may not have the desired effect. For example, expectations around companies’ management of ESG matters continues to evolve rapidly, in many instances due to factors that are out of our control. Certain statements or actions we may take may be based on assumptions, estimates, hypothetical expectations, or third-party information. Such hypothetical or third-party information is necessarily uncertain and may be prone to errors or subject to misinterpretation given the long timelines involved and the lack of an established single approach to identifying, measuring and reporting on many ESG matters. Even if this is not the case, our current actions may subsequently be determined to be insufficient by various stakeholders, and we may be subject to various adverse consequences or investor or regulator engagement on our ESG initiatives and disclosures, even if such initiatives are currently voluntary. Certain market participants, including major institutional investors and capital providers, use third-party benchmarks and scores to assess companies’ ESG profiles in making investment or voting decisions. Unfavorable ESG ratings could lead to increased negative investor sentiment towards us, which could negatively impact our share price as well as our access to and cost of capital. To the extent ESG matters negatively impact our reputation, it may also impede our ability to compete as effectively to attract and retain employees or clients, which may adversely impact our operations. In addition, we expect there will likely be increasing levels of regulation, disclosure-related and otherwise, with respect to ESG matters, which will likely lead to increased costs as well as scrutiny that could heighten all of the risks identified in this risk factor. Additionally, there has been a trend in certain states to constrain the use of ESG-related considerations by financial institutions in business decision-making. Balancing these countervailing expectations may subject us to additional costs, require us to forego certain business opportunities, or otherwise adversely impact our business or results of operations. As a final note, many of our clients and suppliers may be subject to similar ESG expectations, which may augment or create additional risks, including risks that may not be known to us.",3339,861842,https://www.sec.gov/Archives/edgar/data/861842/000143774925005749/caty20241231_10k.htm,
financial,,,,y,,868671_FY2023_024,GBCI,2023,24,General Risk Factors,"Climate change may materially adversely affect the Company's business, financial condition, and results of operations.","Concerns over the long-term effects of climate change have led to governmental efforts around the world to mitigate those impacts. Consumers and businesses also may voluntarily change their behavior as a result of these concerns. Both the Bank and its customers will need to respond to new laws and regulations as well as consumer and business preferences resulting from climate change concerns. The Bank and its customers may face cost increases, asset value reductions and operating process changes. The impact on our customers will likely vary depending on their specific attributes, including reliance on or role in carbon-intensive activities. Among the impacts to the Bank could be a drop in demand for our products and services, particularly in certain sectors. In addition, we could face reductions in creditworthiness on the part of some customers or in the value of assets securing loans. The Bank attemps to take these risks into account in making lending and other decisions, including by increasing our business with climate-friendly companies, but the bank’s efforts may not be effective in protecting the Bank from the negative impact of new laws and regulations or changes in consumer or business behavior.",1340,868671,https://www.sec.gov/Archives/edgar/data/868671/000086867124000042/gbci-20231231.htm,
strategic,,,,y,,860413_FY2024_032,FIBK,2024,32,Strategic Risks,"Investing in technology, and the inability or failure to integrate technologies into the Company’s operations may affect our business and earnings negatively.","Our success in the competitive environment in which we operate requires consistent investment of capital and human resources in innovation and technology, particularly in light of the current “FinTech” environment, in which financial institutions are investing significantly in new technologies, such as AI, machine learning, blockchain and other distributed ledger technologies, and developing potentially industry-changing new products, services and industry standards in order to attract clients. Our investment is directed at meeting the needs of our clients, adapting existing products and services to consider the evolving demands of the marketplace, and maintaining the security of our systems and building a platform for future innovation, technology, and a competitive advantage that is scalable. Our investment focuses on enhancing the delivery of our products and services, such as our recent implementation of Encompass Mortgage Loan Origination System, Mortgage Online Banking and Mobile Application, Commercial Center Online Banking, Healthcare Receivables Manager, Contactless Credit and Debit Cards, and Zelle. Falling significantly behind our competition in technology, or if the Company is not able to properly or timely anticipate or implement such technologies, or effectively train its staff to use such technologies, its business, financial condition, or operating results could be adversely affected. In addition, the recent emerging technology trends, such as AI, including large language models, require us to keep pace with evolving regulations and industry standards. In the United States, there are various current and proposed regulatory frameworks relating to the use of AI in products and services. We expect that the legal and regulatory environment relating to emerging technologies such as AI will continue to develop and could increase the cost of doing business, and create compliance risks and potential liability, all which may have a material adverse effect on our financial condition and results of operations. Governments are also considering the new issues in intellectual property law that AI creates, which could result in different intellectual property rights in technology we create with AI and development processes and procedures and could have a material adverse effect on our business.",2494,860413,https://www.sec.gov/Archives/edgar/data/860413/000086041325000022/fibk-20241231.htm,
regulatory,,,,y,,763901_FY2025_012,BPOP,2025,12,LEGAL AND REGULATORY RISKS,"Our businesses are highly regulated, and the laws and regulations that apply to us have a significant impact on our business and operations.","We are subject to extensive and evolving regulation under U.S. federal, state and Puerto Rico laws that govern almost all aspects of our operations and limit the businesses in which we may be engaged, including regulation, supervision and examination by federal, state and foreign banking authorities. These laws and regulations have expanded significantly over an extended period of time and are primarily intended for the protection of consumers, borrowers and depositors. Compliance with these laws and regulations has resulted, and will continue to result, in significant costs. Additionally, the current federal administration is pursuing a policy and regulatory agenda significantly different from that of the previous administration, including the reversal of rules promulgated under the past administration and shifts in rulemaking, supervision, examination and enforcement priorities. The implementation of that agenda is happening rapidly and is constantly evolving. The potential impact of any such changes cannot be predicted. Additional laws and regulations may be enacted or adopted in the future, and the application, interpretation or enforcement of laws and regulations may in the future be changed (including through executive orders), in ways that could significantly affect our powers, authority and operations and which could have a material adverse effect on our financial condition and results of operations. In particular, we could be adversely impacted by changes in laws and regulations, or changes in the application, interpretation or enforcement of laws and regulations, that proscribe or institute more stringent restrictions on certain financial services activities, impose monetary fines or other penalties on institutions that fail to comply with applicable laws and regulations, or impose new requirements. In addition, new laws or regulations could require significant system and process changes that require systems upgrades and could limit our ability to meet adoption timeframes or pursue our innovation roadmap. If we do not appropriately comply with current or future laws or regulations, adapt to the changing interpretation of existing laws or regulations, or if we fail to meet supervisory expectations, we may be subject to fines, penalties or judgements, or to material regulatory restrictions on our business, which could also materially and adversely affect our business, results of operations or capital position. Our participation (or lack of participation) in certain governmental programs, such as the Paycheck Protection Program (“PPP”) enacted in response to the COVID-19 pandemic, also exposes us to increased legal and regulatory risks. We have also been and could continue to be exposed to adverse action for the violation of applicable legal requirements or the improper conduct of our employees in connection with such loans. For example, on January 24, 2023, Popular Bank consented to the imposition of an order from the Federal Reserve Board requiring it to pay a $2.3 million civil money penalty to settle certain findings arising from Popular Bank’s approval of six Payment Protection Program loans. In addition, due to divergent policies and stakeholder viewpoints regarding climate and sustainability matters, we are at increased risk of being subject to conflicting legal and regulatory requirements and stakeholder expectations regarding climate and sustainability matters. For example, certain states have enacted or proposed laws addressing climate change and other sustainability issues, including climate-related disclosure requirements. On the other hand, certain states have enacted or proposed laws or regulations or taken other actions to prohibit the consideration of environmental and social factors in state investments and contracting. In addition, in August 2025, President Trump signed Executive Order 14331, “Guaranteeing Fair Banking Access for All Americans,” which states that it is the policy of the United States that no American should be denied access to financial services because of their constitutionally or statutorily protected beliefs, affiliations, or political views. The Executive Order directs the Treasury Secretary and federal banking regulators to address politicized or unlawful debanking activities. These, as well as other laws, regulations, guidance and expectations, many of which may have broad and extraterritorial application, have in the past subjected and may in the future subject us to additional requirements or different and conflicting requirements and expectations in the various jurisdictions in which we operate, which could negatively affect our business and brand. We are from time to time subject to information requests, investigations and other regulatory enforcement proceedings from departments and agencies of the York and other state governments, including those that investigate compliance with",5063,763901,https://www.sec.gov/Archives/edgar/data/763901/000119312526085756/d17859d10k.htm,
regulatory,,,,y,,91576_FY2022_006,KEY,2022,6,Table of contents,"Changes in accounting policies, standards, and interpretations could materially affect how we report our financial condition and results of operations.","The FASB periodically changes the financial accounting and reporting standards governing the preparation of Key’s financial statements. Additionally, those bodies that establish and/or interpret the financial accounting and reporting standards (such as the FASB, SEC, and banking regulators) may change prior interpretations or positions on how these standards should be applied. These changes can be difficult to predict and can materially affect how Key records and reports its financial condition and results of operations. In some cases, Key could be required to retroactively apply a new or revised standard, resulting in changes to previously reported financial results.",827,91576,https://www.sec.gov/Archives/edgar/data/91576/000009157623000026/key-20221231.htm,
strategic,,,,y,,764038_FY2021_093,SSB,2021,93,Risks relating to our Common Stock,"At December 31, 2021, our shareholders included three funds owning approximately 24% of our common stock and they may exercise significant influence over us and their interests may be different from our other shareholders.","Based on their 13G forms filed for the year end December 31, 2021, our shareholders include three funds that collectively own approximately 24% of the outstanding shares of our common stock. Top ten institutional owners collectively own approximately 49% of our outstanding shares of common stock, as reported by S&P Global. While the federal banking laws require prior bank regulatory approval if shareholders owning in excess of 9.9% of a financial holding company’s outstanding voting shares desire to act in concert, these institutional owners nonetheless could vote the same way on matters submitted to our shareholders without being deemed to be acting in concert and, if so, could exercise significant influence over us and actions taken by our shareholders. Interests of institutional funds may be different from our other shareholders. Accordingly, given their collective ownership, the funds could have significant influence over whether or not a proposal submitted to our shareholders receives required shareholder approval.",1257,764038,https://www.sec.gov/Archives/edgar/data/764038/000155837022002075/ssb-20211231x10k.htm,Acquired Independent Bank Group January 
regulatory,,,,y,,798941_FY2024_048,FCNCA,2024,48,Financial Reporting Risks,Accounting standards may change and increase our operating costs or otherwise adversely affect our results.,"The Financial Accounting Standards Board (“FASB”) and the SEC periodically modify the standards governing the preparation of our financial statements. The nature of these changes is not predictable and has impacted and could further impact how we record transactions in our financial statements, which has led to and could lead to material changes in assets, liabilities, stockholders’ equity, revenues, expenses and net income. Implementation of new accounting rules or standards could additionally require us to implement technology changes which could impact ongoing earnings.",686,798941,https://www.sec.gov/Archives/edgar/data/798941/000079894125000010/fcnca-20241231.htm,
regulatory,,,,y,,887343_FY2023_023,COLB,2023,23,"Legal, Accounting and Compliance Risks",Changes in accounting standards could materially impact our financial statements.,"From time to time, the FASB and the SEC change the financial accounting and reporting standards that govern the preparation of our financial statements. These changes can materially impact how we record and report our financial condition and results of operations.",345,887343,https://www.sec.gov/Archives/edgar/data/887343/000088734324000089/colb-20231231.htm,
regulatory,,,,y,,707179_FY2021_034,ONB,2021,34,"Legal, Regulatory, and Compliance Risks",We have risk related to legal proceedings.,"We are involved in judicial, regulatory, and arbitration proceedings concerning matters arising from our business activities and fiduciary responsibilities. We establish reserves for legal claims when payments associated with the claims become probable and the costs can be reasonably estimated. We may still incur legal costs for a matter even if we have not established a reserve. In addition, the actual cost of resolving a legal claim may be substantially higher than any amounts reserved for that matter. The ultimate resolution of a pending or future legal proceeding, depending on the remedy sought and granted, could materially adversely affect our results of operations and financial condition.",745,707179,https://www.sec.gov/Archives/edgar/data/707179/000070717922000013/onb-20211231.htm,
strategic,,,,n,,798941_FY2025_000,FCNCA,2025,0,,Strategic Risks,"We may be adversely affected by risks associated with previous and future acquisitions, and any future acquisitions may be subject to increased regulatory scrutiny. We encounter significant competition that may reduce our market share and profitability and our financial performance depends upon our ability to attract and retain customers for our products and services. Consumers may increasingly decide not to use banks to complete their financial transactions, which could have a material adverse impact on our financial condition and operations. Certain provisions in our Certificate of Incorporation, Bylaws and certain statutes and regulations and the current composition of our stockholders may make it more difficult for a third party to change our management or acquire control of us, even if stockholders might consider the change in management or change in control to be in their best interests. Our Bylaws provide that, unless we consent in writing to the selection of an alternative forum, the Court of Chancery of the State of Delaware, or, if such court lacks jurisdiction, the federal district court of the District of Delaware, will be the sole and exclusive forum for substantially all disputes between us and our stockholders. This could limit our stockholders’ ability to obtain a favorable judicial forum for disputes with us or our directors, officers, or employees or stockholders. The Parent Company relies on dividends from FCB for returning capital to stockholders, paying dividends on its common and preferred stock and servicing its debt obligations, and FCB’s ability to pay the Parent Company dividends may be restricted. Failure to adopt new technologies that match consumer preferences or to keep pace with or effectively implement technological changes could adversely affect our results of operations and financial condition. We are subject to reputational risks that could harm our business and prospects. If we were subject to reputational harm, it could have a material adverse impact on our business, financial condition and results of operations. The Trump administration has proposed or implemented significant changes to the size and scope of the federal government, including reductions in program or agency funding or workforce, and may continue to do so.",2313,798941,https://www.sec.gov/Archives/edgar/data/798941/000079894126000015/fcnca-20251231.htm,
financial,,,,y,,861842_FY2023_038,CATY,2023,38,Risks Related to Ownership of Our Common Stock,"The price of our common stock may fluctuate significantly, and this may make it difficult for you to sell shares of common stock owned by you at times or at prices you find attractive.","The trading price of our common stock may fluctuate widely as a result of a number of factors, many of which are outside our control. In addition, the stock market is subject to fluctuations in the share prices and trading volumes that affect the market prices of the shares of many companies. These broad market fluctuations could adversely affect the market price of our common stock. Among the factors that could affect our stock price are: actual or anticipated quarterly fluctuations in our operating results and financial condition and prospects; changes in revenue or earnings estimates or publication of research reports and recommendations by financial analysts; failure to meet analysts’ revenue or earnings estimates; speculation in the press or investment community; strategic actions by us or our competitors, such as acquisitions or restructurings; acquisitions of other banks or financial institutions; actions by institutional stockholders; fluctuations in the stock price and operating results of our competitors; general market conditions and, in particular, developments related to market conditions for the financial services industry; proposed or adopted regulatory changes or developments; anticipated or pending investigations, proceedings, or litigation that involve or affect us; successful management of reputational risk; and domestic and international economic factors, such as interest or foreign exchange rates, stock, commodity, credit, or asset valuations or volatility, unrelated to our performance. The stock market and, in particular, the market for financial institution stocks, has experienced significant volatility. As a result, the market price of our common stock may be volatile. In addition, the trading volume in our common stock may fluctuate more than usual and cause significant price variations to occur. The trading price of the shares of our common stock and the value of our other securities will depend on many factors, which may change from time to time, including, without limitation, our financial condition, performance, creditworthiness and prospects, future sales of our equity or equity related securities, and other factors identified above in “Forward-Looking Statements,” and in this Item 1A — “Risk Factors.” The capital and credit markets can experience volatility and disruption. Such volatility and disruption can reach unprecedented levels, resulting in downward pressure on stock prices and credit availability for certain issuers without regard to their underlying financial strength. A significant decline in our stock price could result in substantial losses for individual stockholders and could lead to costly and disruptive securities litigation.",2904,861842,https://www.sec.gov/Archives/edgar/data/861842/000143774924005948/caty20231231_10k.htm,
regulatory,,,,y,,40729_FY2023_008,ALLY,2023,8,Risks Related to Regulation and Supervision,Legislative or regulatory initiatives on cybersecurity and data privacy could adversely impact our business and financial results.,"Cybersecurity and data-privacy risks have received heightened legislative and regulatory attention. For example, in 2021 the U.S. banking agencies adopted a final rule requiring us to notify the FRB within 36 hours of any significant computer security incident and have proposed enhanced cyber risk management standards applicable to us and our service providers that would address cyber risk governance and management, management of internal and external dependencies, and incident response, cyber resilience, and situational awareness. In addition, rulemakings by the SEC and the CFPB have commenced to further regulate cybersecurity risk governance (including incident disclosure) and personal-financial-data rights, respectively. Several states and their governmental agencies, such as the NYDFS, also have adopted or proposed cybersecurity and data-privacy laws. Privacy laws in the State of California, for example, require regulated entities to establish measures to identify, manage, secure, track, produce, and delete personal information. Legislation and regulations on cybersecurity and data privacy may compel us to enhance or modify our systems and infrastructure, invest in new systems and infrastructure, change our service providers, augment our scenario and vulnerability testing, or alter our business practices or our policies on security, data governance, and privacy. If any of these outcomes were to occur, the complexity and costs of our operations could increase significantly. In addition, if governmental authorities were to conclude that we or our service providers had not adequately implemented laws on cybersecurity and data privacy or had not otherwise met related supervisory expectations, we could be subject to enforcement and other supervisory actions, related litigation by private plaintiffs, reputational damage, or a loss of customer or investor confidence.",2026,40729,https://www.sec.gov/Archives/edgar/data/40729/000004072924000004/ally-20231231.htm,
financial,,,,y,,22356_FY2021_001,CBSH,2021,1,Market Risks,The performance of the Company is dependent on the economic conditions of the markets in which the Company operates.,"The Company’s success is heavily influenced by the general economic conditions of the specific markets in which it operates. Unlike larger national or other regional banks that are more geographically diversified, the Company provides financial services primarily throughout the states of Missouri, Kansas, central Illinois, Oklahoma, and Colorado. It also has a growing presence in additional states through its commercial banking offices in: Texas, Iowa, Indiana, Michigan, Ohio, and Tennessee. As the Company does not have a significant banking presence in other parts of the country, a prolonged economic downturn in these markets could have a material adverse effect on the Company’s financial condition and results of operations.",851,22356,https://www.sec.gov/Archives/edgar/data/22356/000002235622000014/cbsh-20211231.htm,
regulatory,,,,y,,109380_FY2025_027,ZION,2025,27,LEGAL/COMPLIANCE RISK,"Laws and regulations applicable to us and the broader financial services industry impose significant restrictions on our business activities, subjecting us to heightened regulatory oversight and increased compliance costs.","We, along with the broader financial services industry, have incurred—and will continue to incur—significant personnel, systems, consulting, and other costs required to comply with evolving banking regulations. For additional information regarding the regulatory frameworks applicable to us and the financial services industry generally, see “Supervision and Regulation” on page 7. Regulators, federal and state legislatures, the current administration, the U.S. Congress, and other governing or advisory bodies continue to implement rules, laws, and policies that affect financial institutions and public companies. These measures are often intended to promote, restrict, or penalize particular activities or industries, thereby influencing their access to financial services. Additionally, initiatives such as the current administration's recent proposal to cap credit card interest rates at 10%, along with similar federal and state proposals to limit bank fees and interest rates, may negatively affect bank profitability and limit their ability to offer certain products and services. As a provider of financial products and services across multiple industries and geographic markets, we are subject to these regulatory frameworks and may be affected by future legislative developments. Because the scope and impact of these laws and regulations continue to change, their ultimate effect on our business operations and financial performance cannot be predicted. Although the timing and likelihood of proposed regulatory changes remain uncertain, any resulting implementation could adversely affect our operations and financial results. Potential consequences include reduced revenues and after-tax returns for financial institutions, constraints on growth, increased FDIC insurance assessments, higher taxes or fees on funding and activities, limitations on the products and services we are able to offer, increased regulatory or legal compliance costs, and potential requirements to raise additional capital under unfavorable market conditions.",2272,109380,https://www.sec.gov/Archives/edgar/data/109380/000010938026000046/zions-20251231.htm,
financial,,,,y,,1178970_FY2021_010,PFS,2021,10,"Risks Related to Regulatory, Compliance, Environmental and Legal Matters","The economic impact of the COVID-19 outbreak has adversely affected, and is likely to continue to adversely affect, the Company's business and results of operations.","The COVID-19 pandemic caused significant economic dislocation which resulted in prolonged stress on economic activity and a related increase in unemployment. Certain industries were particularly hard-hit, including the travel and hospitality industry, the restaurant industry and the retail industry. While much of the national economy has reopened, significant uncertainty remains concerning the breadth and duration of business disruptions related to the COVID-19 pandemic, as well as their longer-term impact on the U.S. economy. The extent to which the COVID-19 pandemic impacts our business, results of operations, and financial condition, as well as our regulatory capital and liquidity ratios, will depend on future developments, which remain highly uncertain and cannot be predicted, including the emergence of variants and level of infections, efficacy and availability of therapeutics, the speed, strength and extent of a full economic recovery, and any adverse economic impact from future actions that may be taken by governmental authorities and other third parties in response to the pandemic. Given the ongoing and dynamic nature of the circumstances, it is difficult to predict the full impact of the COVID-19 pandemic on the Company's business. The extent of such impact will depend on future developments, which are highly uncertain. As a result of the COVID-19 pandemic and the related adverse local and national economic consequences, the Company could be subject to the following risks, any of which could have a material adverse effect on our respective business, financial condition, liquidity, and results of operations: demand for our products and services may decline, making it difficult to grow assets and income; if the economy is unable to fully reopen, and high levels of unemployment continue for an extended period of time, loan delinquencies, problem assets, and foreclosures may increase, resulting in increased charge-offs and reduced loan repayments impacting cash flows and liquidity; collateral for loans, especially real estate, may decline in value, which could cause credit losses to increase; our allowance for credit losses may have to be increased if borrowers experience financial difficulties beyond forbearance periods, which will adversely affect our net income; the net worth and liquidity of loan guarantors may decline, impairing their ability to honor commitments to us; a material decrease in net income or a net loss over several quarters could result in a decrease in the rate of our quarterly cash dividend; the Company’s investment portfolio may suffer a substantial decrease in value; the Company’s wealth management revenues may decline with market turmoil; the Company’s cyber security risks are increased as the result of an increase in the number of employees working remotely; and the Company's reliance on third party vendors for certain services and the unavailability of a critical service due to the pandemic could have an adverse effect on the Company. These factors, among others, together or in combination with other events or occurrences not yet known or anticipated, could adversely affect the operations of the Company.",3358,1178970,https://www.sec.gov/Archives/edgar/data/1178970/000162828022004544/pfs-20211231.htm,
financial,,,,y,,36377_FY2021_049,FHB,2021,49,Risks Related to Our Common Stock,"Our stock price may be volatile, and you could lose part or all of your investment as a result.","Stock price volatility may make it more difficult for you to resell your common stock when you want and at prices you find attractive. Our stock price may fluctuate significantly in response to a variety of factors including, among other things: Actual or anticipated variations in our quarterly results of operations; Recommendations or research reports about us or the financial services industry in general published by securities analysts; The failure of securities analysts to cover, or continue to cover, us; Operating and stock price performance of other companies that investors deem comparable to us; News reports relating to trends, concerns and other issues in the financial services industry; Future sales of our common stock; Departure of our management team or other key personnel; New technology used, or services offered, by competitors; Significant acquisitions or business combinations, strategic partnerships, joint ventures or capital commitments by or involving us or our competitors; Changes or proposed changes in laws or regulations, or differing interpretations thereof affecting our business, or enforcement of these laws and regulations; Litigation and governmental investigations; and Geopolitical conditions such as acts or threats of terrorism or military conflicts. If any of the foregoing occurs, it could cause our stock price to fall and may expose us to litigation that, even if our defense is successful, could distract our management and be costly to defend. General market fluctuations, industry factors and general economic and political conditions and events — such as economic slowdowns or recessions, interest rate changes or credit loss trends — could also cause our stock price to decrease regardless of operating results.",1861,36377,https://www.sec.gov/Archives/edgar/data/36377/000155837022002181/fhb-20211231x10k.htm,
financial,,,,y,,22356_FY2024_018,CBSH,2024,18,General Risks,Public health threats or outbreaks of communicable diseases could have an adverse effect on the Company's operations and financial results.,"The Company may face risks related to public health threats or outbreaks of communicable diseases. A widespread healthcare crisis, such as an outbreak of a communicable disease could adversely affect the global economy and the Company’s financial performance. For example, the global COVID-19 pandemic caused significant disruption and harm to the economy and the financial markets in which the Company operates. As seen during the COVID-19 pandemic, fallout from economic and societal changes resulting from significant public health threats may cause prolonged global or national recessionary economic conditions, which could have a material adverse effect on the Company's business, results of operations and financial condition. The potential impacts of future epidemics, pandemics, or other outbreaks of an illness, disease, or virus could therefore materially and adversely affect the Company's business, revenue, operations, financial condition, liquidity and cash flows.",1117,22356,https://www.sec.gov/Archives/edgar/data/22356/000002235625000016/cbsh-20241231.htm,
operational,,,,y,,91576_FY2024_017,KEY,2024,17,IV. Operational Risk,Our framework for managing risks and mitigating losses may not be effective.,"Our risk management framework seeks to maintain safety and soundness and maximize profitability. We have established policies, processes, and procedures intended to identify, measure, monitor, report, and analyze the types of risk to which we are subject, including compliance, operational, liquidity, market, credit, model, reputational, and strategic risk, among others. We cannot provide assurance that our risk management framework will effectively mitigate risk and limit losses in our business and operations. For example, our risk management framework and measures that we take to mitigate risk may not be fully effective in identifying and mitigating our risk exposure in all market environments or against all types of risks, including risks that are unidentified or unanticipated, even if the frameworks for assessing risk are properly designed and implemented. In addition, some of our methods of managing risk are based upon our use of observed historical market behavior and management’s judgment. These methods may not accurately predict future exposures, which could be significantly greater than historical measures indicate. If our risk management framework proves ineffective, we could suffer unexpected losses and our business, results of operations, and financial condition could be adversely affected.",1398,91576,https://www.sec.gov/Archives/edgar/data/91576/000009157625000038/key-20241231.htm,
regulatory,,,,y,,759944_FY2023_032,CFG,2023,32,Risks Related to Regulations Governing Our Industry,Compliance with anti-money laundering and anti-terrorism financing rules involves significant cost and effort.,"We are subject to rules and regulations regarding money laundering and the financing of terrorism. Monitoring compliance with anti-money laundering and anti-terrorism financing rules can put a significant financial burden on banks and other financial institutions and poses significant technical challenges. Although we believe our current policies and procedures are sufficient to comply with applicable rules and regulations, we cannot guarantee that our anti-money laundering and anti-terrorism financing policies and procedures completely prevent situations of money laundering or terrorism financing. Any such failure events may have severe consequences, including sanctions, fines and reputational consequences, which could have a material adverse effect on our business, financial condition or results of operations.",933,759944,https://www.sec.gov/Archives/edgar/data/759944/000075994424000039/cfg-20231231.htm,
financial,,,,y,,46195_FY2024_022,BOH,2024,22,Risks Related to Business Operations,The requirement to record certain assets and liabilities at fair value may adversely affect our financial results.,"We report certain assets, including available-for-sale investment securities, at fair value. Generally, for assets that are reported at fair value we use quoted market prices or valuation models that utilize market data inputs to estimate fair value. Because we record these assets at their estimated fair value, mark-to-market gains or losses may impact equity or income. The level of interest rates can impact the estimated fair value of investment securities. Mark-to-market values of non-hedged available-for-sale investment securities are recorded in shareholders’ equity as a component of other comprehensive income. Disruptions in the capital markets may require us to reserve for credit losses in future periods with respect to investment securities in our portfolio. The amount and timing of any credit allowance recognized will be measured as the difference between the security’s amortized cost basis and the amount expected to be collected over the security’s lifetime.",1095,46195,https://www.sec.gov/Archives/edgar/data/46195/000095017025031193/boh-20241231.htm,
operational,,,,y,,1281761_FY2021_018,RF,2021,18,Risks Related to the Operation of Our Business,"We are subject to a variety of operational risks, including the risk of fraud or theft by employees, which may adversely affect our business and results of operations.","We are exposed to many types of operational risks, including business resilience, process, third party, information technology, human resource, model, and fraud risks, each of which may be amplified by continued remote work. Regions’ fraud risks include fraud committed by external parties against the Company or its customers and fraud committed internally by our associates. Certain fraud risks, including identity theft and account takeover may increase as a result of customers’ account or personally identifiable information being obtained through breaches of retailers’ or other third parties’ networks. We have established processes and procedures intended to identify, measure, monitor, mitigate, report and analyze these risks; however, there are inherent limitations to our risk management strategies as there may exist, or develop in the future, risks that we have not appropriately anticipated, monitored or identified. If our risk management framework proves ineffective, we could suffer unexpected losses, we may have to expend resources detecting and correcting the failure in our systems and we may be subject to potential claims from third parties and government agencies. We may also suffer severe reputational damage. Any of these consequences could adversely affect our business, financial condition or results of operations. In particular, the unauthorized disclosure, misappropriation, mishandling or misuse of personal, non-public, confidential or proprietary information of customers could result in significant regulatory consequences, reputational damage and financial loss.",1767,1281761,https://www.sec.gov/Archives/edgar/data/1281761/000128176122000016/rf-20211231.htm,
operational,,,,y,,811830_FY2021_049,,2021,49,Technology and Cybersecurity Risks,"Risks relating to data collection, processing, storage systems and security are inherent in our business.","Like other financial institutions with a large customer base, we have been subject to and are likely to continue to be the subject of attempted cyberattacks in light of the fact that we receive, manage, process, hold and transmit proprietary and sensitive or confidential information, including that of our customers and employees, in the conduct of our banking operations, as well as a large number of assets. Our business depends on the ability to process a large number of transactions efficiently and accurately, and on our ability to rely on our digital technologies, computer and e-mail services, spreadsheets, software and networks, as well as on the secure processing, storage and transmission of confidential and other information in our computer systems and networks and those of our third party vendors. The proper and secure functioning of financial controls, accounting and other data collection and processing systems is critical to our businesses and our ability to compete effectively. Cybersecurity incidents and data losses can result from inadequate personnel, inadequate or failed internal control processes and systems, or external events or actors that interrupt normal business operations. We also face the risk that the design of our cybersecurity controls and procedures proves to be inadequate or is circumvented. Although we work with our clients, vendors, service providers, counterparties and other third parties to develop secure transmission capabilities and prevent information security risk, we routinely exchange personal, confidential and proprietary information by electronic means, which may be a target for attempted cyberattacks. This is especially applicable in the current environment, which is still being affected by COVID-19, and the shift to work-from-home policies for a significant portion of the workforce, as they access our secure networks remotely. If we cannot maintain effective and secure electronic data and information, management and processing systems or if we fail to maintain complete physical and electronic records, this could result in disruptions to our operations, claims from customers, regulators, employees and other parties, violations of applicable privacy and other laws, regulatory sanctions and serious reputational and financial harm to us. Many companies across the country and in the financial services industry have reported significant breaches in the security of their websites or other systems. Cybersecurity risks have increased significantly in recent years due to the development and proliferation of new technologies, increased use of the internet and telecommunications technology to conduct financial transactions, and increased sophistication and activities of organized crime groups, state-sponsored and individual hackers, terrorist organizations, disgruntled employees and vendors, activists and other third parties. Financial institutions, the government and retailers have in recent years reported cyber incidents that compromised data, resulted in the theft of funds or the theft or destruction of corporate information and other assets. We take protective measures and continuously monitor and develop our systems to protect our technology infrastructure and data from misappropriation or corruption. We have policies, practices and controls designed to prevent or limit disruptions to our systems and enhance the security of our infrastructure. These include performing risk management for information systems that store, transmit or process information assets identifying and managing risks to information assets managed by third-party service providers through on-going oversight and auditing of the service providers’ operations and controls. We develop controls regarding user access to software on the principle that access is forbidden to a system unless expressly permitted, limited to the minimum amount necessary for business purposes, and terminated promptly when access is no longer required. We seek to educate and make our employees aware of information security and privacy controls and their specific responsibilities on an ongoing basis. Nevertheless, while we have not experienced material losses or other material consequences relating to cyberattacks or other information or security breaches, whether directed at us or third parties, our systems, software and networks, as well as those of our clients, vendors, service providers, counterparties and other third parties, may be vulnerable to unauthorized access, misuse, computer viruses or other malicious code, phishing attacks, cyberattacks such as denial of service, malware, ransomware, phishing, and other events that could result in security breaches or give rise to the manipulation or loss of significant amounts of personal, proprietary or confidential information of our customers, employees, suppliers, counterparties and other third parties, disrupt, sabotage or degrade service on our systems, or result in the theft or loss o f significant levels of liquid assets, including cash. We may also be impacted by cyberattacks against national critical infrastructure in the geographic locations in which we operate, such as telecommunications networks. Our IT systems are dependent on such national critical infrastructure, and cyberattacks against such infrastructure could affect our ability to service our customers negatively. As cybersecurity threats continue to evolve and increase in sophistication, we cannot guarantee the effectiveness of our policies, practices and controls to protect against all such circumstances that could result in disruptions to our systems. This is because, among other reasons, the techniques used in cyberattacks change frequently and cyberattacks can originate from a wide variety of sources, including not only cyber-criminals but also activists and states by international community to be rogue states. Third parties may seek to gain access to our systems either directly or by using equipment or passwords belonging to employees, customers, third-party service providers or other authorized users of our systems. In the event of a cyberattack or security breach affecting a vendor or other third party entity on whom we rely, our ability to conduct business, and the security of our customer information, could be impaired in a manner to that of a cyberattack or security breach affecting us directly. We also may not receive information or notice of the breach in a timely manner, or we may have limited options to influence how and when the cyberattack or security breach is addressed. As financial institutions are becoming increasingly interconnected with central agents, exchanges and clearinghouses, they may be increasingly susceptible to negative consequences of cyberattacks and security breaches affecting the systems of such third parties. It could take a significant amount of time for a cyberattack to be investigated, during which time we may not be in a position to fully understand and remediate the attack, and certain errors or actions could be repeated or compounded before they are discovered and remediated, any or all of which could further increase the costs and consequences associated with a particular cyberattack. The perception of a security breach affecting us or any part of the financial services industry, whether correct or not, could result in a loss of confidence in our cybersecurity measures or otherwise damage our reputation with customers and third parties with whom we do business. Should such adverse events occur, we may not have indemnification or other protection from the third party sufficient to compensate or protect us from the consequences. As attempted cyberattacks continue to evolve, we may incur significant costs in our attempts to modify or enhance our protective measures against such attacks to investigate or remediate any vulnerability or resulting breach, or in communicating cyberattacks to our customers. An interception, misuse or mishandling of personal, confidential or proprietary information sent to or received from a client, vendor, service provider, counterparty or third party or a cyberattack could result in our inability to recover or restore data that has been stolen, manipulated or destroyed, damage to our systems and those of our clients, customers and counterparties, violations of applicable privacy and other laws, or other significant disruption of operations, including disruptions in our ability to use our accounting, deposit, loan and other systems and our ability to communicate with and perform transactions with customers, vendors and other parties. These effects could be exacerbated if we would need to shut down portions of our technology infrastructure temporarily to address a cyberattack, if our technology infrastructure is not sufficiently redundant to meet our business needs while an aspect of our technology is compromised, or if a technological or other solution to a cyberattack is slow to be developed. Even if we timely resolve the technological issues in a cyberattack, a temporary disruption in our operations could adversely affect customer satisfaction and behavior, expose us to reputational damage, contractual claims, regulatory, supervisory or enforcement actions, or litigation. U.S. banking agencies and other federal and state government agencies have increased their attention on cybersecurity and data privacy risks, and have proposed enhanced risk management standards that would apply to us. For example, the California Consumer Privacy Act, which took effect on January 1, 2020, requires, among other things, notification to affected individuals when there has been a security breach of their personal data, and imposes increased privacy and security obligations of entities handling certain personal information of individuals. Such legislation and regulations relating to cybersecurity and data privacy may require that we modify systems, change service providers, or alter business practices or policies regarding information security, handling of data and privacy. Changes such as these could subject us to heightened compliance complexity and operational costs. To the extent we do not successfully meet supervisory standards pertaining to cybersecurity, we could be subject to supervisory actions, litigation and reputational damage or ordered to change our business practices, policies or systems in a manner that adversely impacts our operating results.",10605,811830,https://www.sec.gov/Archives/edgar/data/811830/000081183022000016/sov-20211231.htm,
operational,,,,y,,887343_FY2025_006,COLB,2025,6,Risks Relating to our acquisition of Pacific Premier,Columbia may be unable to retain Columbia and/or legacy Pacific Premier personnel successfully.,"The success of the acquisition of Pacific Premier will depend in part on Columbia's ability to retain the talent and dedication of key employees. It is possible that these employees may decide not to remain with Columbia following the consummation of the acquisition. If Columbia is unable to retain key employees, including management, who are critical to the successful integration of Pacific Premier's business and the future operations of Columbia, Columbia could face disruptions in its operations, loss of existing customers, loss of key information, expertise, or know-how and unanticipated additional recruitment costs. In addition, following the acquisition, if key employees terminate their employment, Columbia's business activities may be adversely affected, and management's attention may be diverted from successfully hiring suitable replacements, all of which may cause the Columbia's business to suffer. Columbia also may not be able to locate or retain suitable replacements for any key employees who leave Columbia.",1128,887343,https://www.sec.gov/Archives/edgar/data/887343/000088734326000088/colb-20251231.htm,
financial,,,,y,,798941_FY2022_027,FCNCA,2022,27,Market Risks,The performance of equity securities and corporate bonds in our investment securities portfolio could be adversely impacted by the soundness and fluctuations in the market values of other financial institutions.,"Our investment securities portfolio contains certain equity securities and corporate bonds of other financial institutions. As a result, a portion of our investment securities portfolio is subject to fluctuation due to changes in the financial stability and market value of other financial institutions, as well as interest rate sensitivity to economic and market conditions. Such fluctuations could reduce the value of our investment securities portfolio and consequently have an adverse effect on our results of operations. We have seen volatile earnings impacts related to the fair value of equity securities in recent periods.",841,798941,https://www.sec.gov/Archives/edgar/data/798941/000079894123000017/fcnca-20221231.htm,
strategic,,,,y,,1169770_FY2021_043,BANC,2021,43,Risks Relating to Markets and External Factors,Strong competition within our market areas may limit our growth and profitability.,"Competition in the banking and financial services industry is intense. In our market areas, we compete with commercial banks, savings institutions, mortgage brokerage firms, credit unions, finance companies, non-bank lenders, mutual funds, insurance companies, and brokerage and investment banking firms operating locally and elsewhere. Many of these competitors have substantially greater name recognition, resources and lending limits than we do and may offer certain services or prices for services that we do not or cannot provide. Our profitability depends upon our continued ability to successfully compete in our markets. In addition, our future success will depend, in part, upon our ability to address the needs of our clients by using technology to provide products and services that will satisfy client demands for convenience, as well as to create additional efficiencies in our operations. Many of our competitors have substantially greater resources to invest in technological improvements. We may not be able to effectively implement new technology-driven products and services or be successful in marketing these products and services to our clients.",1248,1169770,https://www.sec.gov/Archives/edgar/data/1169770/000116977022000011/banc-20211231.htm,
financial,,,,y,,801337_FY2021_011,WBS,2021,11,Financial Risk,"The Holding Company may not pay dividends to shareholders if it is not able to receive dividends from its subsidiary, Webster Bank.","The Holding Company is a separate and distinct legal entity from our banking and non-banking subsidiaries. A substantial portion of the Holding Company’s revenues comes from dividends paid by Webster Bank. These dividends are the principal source of funds to pay dividends to common and preferred shareholders. Whether the Bank is able to pay dividends depends on its ability to generate sufficient net income and meet certain regulatory requirements, and the amount of such dividends may then be limited by federal and state laws. In the event the Bank is unable to pay the Holding Company dividends, we may not be able to pay dividends to our common and preferred shareholders.",810,801337,https://www.sec.gov/Archives/edgar/data/801337/000080133722000011/wbs-20211231.htm,
financial,,,,y,,868671_FY2022_010,GBCI,2022,10,Credit and Asset Quality,A decline in the fair value of the Bank’s investment portfolio could adversely affect earnings and capital.,"The fair value of the Bank’s debt securities could decline as a result of factors including changes in market interest rates, tax reform, credit quality and credit ratings, lack of market liquidity and other economic conditions. For debt securities in an unrealized loss position, the Company may be required to record an allowance for credit losses or write down the security depending on the type of security and the circumstances. Any such impairment charge would have an adverse effect, which could be material, on our results of operations and financial condition, including capital and stockholders’ equity. While we believe that the terms of our debt securities have been kept relatively short, we are subject to elevated interest rate risk exposure in the current rising rate environment. Further, debt securities present a different type of asset quality risk than the loan portfolio. While we believe a relatively conservative management approach has been applied to the investment portfolio, there is always potential loss exposure under changing economic conditions.",1185,868671,https://www.sec.gov/Archives/edgar/data/868671/000086867123000045/gbci-20221231.htm,
financial,,,,y,,351569_FY2023_019,ABCB,2023,19,RISKS RELATED TO OUR COMPANY AND INDUSTRY,Financial services companies depend on the accuracy and completeness of information about customers and counterparties.,"In deciding whether to extend credit or enter into other transactions, the Company may rely on information furnished by or on behalf of customers and counterparties, including financial statements, credit reports and other financial information. The Company may also rely on representations of those customers, counterparties or other third parties, such as independent auditors, as to the accuracy and completeness of that information. Reliance on inaccurate or misleading financial statements, credit reports or other financial information could have a material adverse impact on the Company’s business and, in turn, the Company’s financial condition and results of operations.",798,351569,https://www.sec.gov/Archives/edgar/data/351569/000035156924000006/abcb-20231231.htm,
operational,,,,y,,868671_FY2024_025,GBCI,2024,25,General Risk Factors,"We could suffer operational, reputational and financial harm if we fail to properly anticipate and manage risk.","We use models and strategies to forecast losses, project revenue, and measure and assess capital requirements for various credit, market, operational and strategic risks. These models require oversight, ongoing monitoring, and periodic reassessment. Models are subject to inherent limitations due to the use of historical trends and simplifying assumptions, uncertainty regarding economic and financial outcomes, and emerging risks from the use of applications that may rely on artificial intelligence. Our models and strategies may not be adequate due to limited historical data and shocks caused by extreme or unanticipated market changes, especially during severe market downturns or stress events. Regardless of the steps we take to ensure effective controls, governance, monitoring and testing, and implement new risk management tools, we could suffer operational, reputational and financial harm if our models and strategies and other risk management tools fail to properly anticipate and manage the current and evolving risks we face.",1152,868671,https://www.sec.gov/Archives/edgar/data/868671/000086867125000046/gbci-20241231.htm,
financial,,,,y,,857855_FY2024_037,UCB,2024,37,STOCK HOLDING AND GOVERNANCE RISKS,The inability of our subsidiaries to declare and pay dividends or other distributions to the Holding Company could adversely affect its liquidity and ability to declare and pay dividends.,"While our Board has approved the payment of a quarterly cash dividend on our common stock, there can be no assurance whether or when we may pay dividends in the future. Future dividends, if any, will be declared and paid at the Board’s discretion and will depend on a number of factors including, among others, asset quality, earnings performance, liquidity and capital requirements. Our principal source of funds used to pay cash dividends on our common and preferred stock is dividends that we receive from the Bank. As a South Carolina state-chartered bank, the Bank is subject to limitations on the amount of dividends that it is permitted to pay, as described under “Supervision and Regulation - Payment of Dividends” in Part I, Item 1 of this Report. The federal banking agencies have also issued policy statements which provide that bank holding companies and insured banks should generally only pay dividends out of current earnings. The Federal Reserve may also prevent the payment of a dividend by the Bank if it determines that the payment would be an unsafe and unsound banking practice. The Holding Company and the Bank must also maintain the CET1 capital conservation buffer of 2.5% to avoid becoming subject to restrictions on capital distributions, including dividends. If the Bank is not permitted to pay cash dividends to the Holding Company, it is unlikely that we would be able to continue to pay dividends on our common stock or to pay interest on our indebtedness.",1673,857855,https://www.sec.gov/Archives/edgar/data/857855/000085785525000057/ucbi-20241231.htm,
operational,,,,y,,35527_FY2023_009,FITB,2023,9,OPERATIONAL RISKS,Fifth Third relies on its systems and certain third-party service providers and certain failures (including those related to cybersecurity or weather events exacerbated by climate change) could materially adversely affect operations.,"Fifth Third’s operations, including its financial and accounting systems, use computer systems and telecommunications networks operated by both Fifth Third and third-party service providers. Fifth Third may not be sufficiently resilient and may not recover from significant operational events in a timely manner which could create operational and reputational risks. Additionally, Fifth Third collects, processes and stores sensitive consumer data by utilizing those and other systems and networks. Fifth Third has security, backup and recovery systems in place, as well as a business continuity plan to ensure the systems will not be inoperable. Fifth Third also has security to prevent unauthorized access to the systems. In addition, Fifth Third requires its third-party service providers to maintain similar controls. However, Fifth Third cannot be certain that the measures will be successful. A security breach in these systems or the loss or corruption of confidential information such as business results, transaction records and related information could adversely impact Fifth Third’s ability to provide timely and accurate financial information in compliance with legal and regulatory requirements, which could result in sanctions from regulatory authorities, significant reputational harm and the loss of customer confidence in Fifth Third. Additionally, security breaches or the loss, theft or corruption of customer information such as social security numbers, credit card numbers, account balances or other information could result in losses by Fifth Third's customers, litigation, regulatory sanctions, lost customers and revenue, increased costs and significant reputational harm. Fifth Third’s necessary dependence upon automated systems to record and process its transaction volume poses the risk that technical system flaws or employee errors, tampering or manipulation of those systems will result in losses and may be difficult to detect. Fifth Third may also be subject to disruptions of its operating systems arising from events that are beyond its control (for example, computer viruses or electrical or telecommunications outages). Third-party service providers with which the Bancorp does business both domestically and offshore, as well as vendors and other third parties with which the Bancorp’s customers do business, can also be sources of operational risk to the Bancorp, particularly where processes are highly concentrated or activities of customers are beyond the Bancorp’s security and control systems, such as through the use of the internet, personal computers, tablets, smart phones and other mobile services. Security breaches affecting the Bancorp’s customers, or systems breakdowns or failures, security breaches or employee misconduct affecting such other third-party service providers, may require the Bancorp to take steps to protect the integrity of its own operational systems or to safeguard confidential information of the Bancorp or its customers, thereby increasing the Bancorp’s operational costs and potentially diminishing customer satisfaction. If personal, confidential or proprietary information of customers or clients in the Bancorp’s or such vendors’ or other third parties’ possession were to be mishandled or misused, the Bancorp could suffer significant regulatory consequences, reputational damage and financial loss. Such mishandling or misuse could include circumstances where, for example, such information was erroneously provided to parties who are not permitted to have the information, either through the fault of the Bancorp’s systems, employees or counterparties, or where such information was intercepted or otherwise compromised by threat actors. The Bancorp may be subject to disruptions of its operating systems arising from events that are wholly or partially beyond the Bancorp’s control, which may include, for example, security breaches; electrical or telecommunications outages; failures of computer components or servers or other damage to the Bancorp’s property or assets; natural disasters or severe weather conditions; health emergencies; or events arising from local or larger-scale political events, including outbreaks of hostilities or terrorist acts. While the Bancorp believes that its current business continuity plans are both sufficient and adequate, there can be no assurance that such plans will fully mitigate all potential business continuity risks to the Bancorp or its customers and clients. Any failures or disruptions of the Bancorp’s systems or operations could give rise to losses in service to customers and clients, adversely affect the Bancorp’s business and results of operations by subjecting the Bancorp to losses or liability, or require the Bancorp to expend significant resources to correct the failure or disruption, as well as by exposing the Bancorp to reputational harm, litigation, regulatory fines or penalties or losses not covered by insurance. The Bancorp could also be adversely affected if it loses access to information or services from a third-party service provider as a result of a security breach or system or operational failure, or disruption affecting the third-party service provider. Fifth Third’s insurance may be inadequate to compensate for failures by, or affecting, third-party service providers upon which Fifth Third relies.",5599,35527,https://www.sec.gov/Archives/edgar/data/35527/000003552724000088/fitb-20231231.htm,
operational,,,,y,,759944_FY2025_015,CFG,2025,15,Risks Related to Our Business,We rely heavily on communications and information systems to conduct our business.,"Any failure, interruption, or breach in the security of our communication and information system due to, among other things, cyberattacks or our failure to adequately maintain and manage our systems or implement system changes and upgrades, could result in failures or disruptions in our customer relationship management, general ledger, deposit, loan, and other systems. Although our policies and procedures are designed to prevent or limit the effect of the possible failure, interruption, or security breach of our information systems, there can be no assurance that these policies and procedures will be successful and that any such failure, interruption, or security breach will not occur or, if they do occur, that they will be adequately addressed. The occurrence of any failure, interruption, or security breach of our information systems could require us to devote substantial resources to recovery and response efforts, damage our reputation, result in a loss of customer business, subject us to additional regulatory scrutiny, or expose us to civil litigation and possible financial liability. Although we maintain insurance coverage for information security events, we may incur losses as a result of such events that are not insured against or not fully covered by our insurance.",1374,759944,https://www.sec.gov/Archives/edgar/data/759944/000075994426000028/cfg-20251231.htm,
regulatory,,,,y,,1169770_FY2022_045,BANC,2022,45,Table of,Non-compliance with laws and regulations could result in fines or sanctions or operating restrictions.,"We are subject to government legislation and regulation, including but not limited to the USA PATRIOT and Bank Secrecy Acts, which require financial institutions to develop programs to detect money laundering, terrorist financing, and other financial crimes. If detected, financial institutions are obligated to report such activity to the Financial Crimes Enforcement Network, a bureau of the United States Department of the Treasury. These regulations require financial institutions to establish procedures for identifying and verifying the identity of clients and beneficial owners of clients that establish and maintain a relationship with a financial institution. Failure to comply with these regulations could result in fines, sanctions or restrictions that could have a material adverse effect on our strategic initiatives and operating results, and could require us to make changes to our operations and the clients that we serve. Several banking institutions have received large fines, or suffered limitations on their operations, for non-compliance with these laws and regulations. Although we have developed policies, procedures and processes designed to assist in compliance with these laws and regulations, no assurance can be given that these policies and procedures will be effective in detecting violations of these laws and regulations. Our federal regulators have extensive discretion in connection with their supervisory and enforcement activities over our operations and compliance with the USA PATRIOT and Bank Secrecy Acts. Any new laws and regulations could make compliance more difficult or expensive or otherwise adversely affect our business. One aspect of our business that we believe presents risks in this particular area is the conflict between federal and state law, including but not limited to cannabis and cannabis related businesses, which are legal in the State of California and prohibited by federal law. If our risk management and compliance programs prove to be ineffective, incomplete or inaccurate, we could suffer unexpected losses and/or incur fines, penalties or restrictions to operations, which could materially adversely affect our results of operations or financial condition. As part of our federal regulators' enforcement authority, significant civil or criminal monetary penalties, consent orders, or other regulatory actions can be assessed against the Bank. Such actions could require us to make changes to our operations, including the clients that we serve, and may have an adverse impact on our operating results.",2672,1169770,https://www.sec.gov/Archives/edgar/data/1169770/000116977023000021/banc-20221231.htm,
financial,,,,n,,36270_FY2022_001,MTB,2022,1,Risk Factors,Market Risk,"Weakness in the economy has adversely affected the Company in the past and may adversely affect the Company in the future. The Company’s business and financial performance is impacted significantly by market interest rates and movements in those rates. The monetary, tax and other policies of governmental agencies, including the Federal Reserve, have a significant impact on interest rates and overall financial market performance over which the Company has no control and which the Company may not be able to anticipate adequately. The discontinuation of LIBOR as a permissible rate index in new contracts, the formal announcement of LIBOR’s cessation date, and the development of SOFR and other alternative benchmark indices to replace LIBOR could adversely impact the Company’s business and results of operations. The Company’s business and performance is vulnerable to the impact of volatility in debt and equity markets. The Company’s regional concentrations expose it to adverse economic conditions in its primary retail banking office footprint.",1064,36270,https://www.sec.gov/Archives/edgar/data/36270/000095017023003804/mtb-20221231.htm,
operational,,,,y,,83246_FY2024_022,,2024,22,"Risks related to Regulation, Legislation and Litigation",Our operations are subject to risk of technology failure.,"In today's complex and interconnected technology environment, all financial institutions, including us, are at risk of technology failures. Such failures could result from inadequate design or implementation of our systems or controls, inadequate maintenance or upgrades of our systems, software and networks, or from events that are wholly or partially beyond our control, which may include: cyberattacks (see ""Our operations are subject to risk of cyberattacks."", below); electrical, telecommunications, or other essential utility outages; natural disasters, such as severe weather conditions and earthquakes; unforeseen complications from changes or updates, including those caused by vendors; events arising from local, regional or international politics, including terrorist acts or acts of war; and absence of personnel necessary to operate or maintain our systems, due to global pandemics or other unforeseen emergencies. Consequences of a technology failure may include operational disruptions, cybersecurity incidents (including loss of confidentiality, integrity, or availability of customer data), litigation expenses and liability for damages, loss of business, reputational damage, regulatory fines and increased regulatory scrutiny, and unanticipated costs to remediate the failure. This could have a material adverse effect on our operations, financial condition, business prospects, and reputation.",1471,83246,https://www.sec.gov/Archives/edgar/data/83246/000008324625000007/hsbcusa-20241231.htm,
financial,,,,y,,203596_FY2025_004,WSBC,2025,4,THE SOUNDNESS OF OTHER FINANCIAL INSTITUTIONS COULD ADVERSELY IMPACT WESBANCO.,CURRENT MARKET INTEREST RATES AND COST OF FUNDS MAY NEGATIVELY IMPACT WESBANCO’S BANKING BUSINESS.,"Fluctuations in interest rates may negatively impact the business of the Bank. The Bank’s main source of income from operations is net interest income, which is equal to the difference between the interest income received on interest-bearing assets (usually loans and investment securities) and the interest expense incurred in connection with interest-bearing liabilities (usually deposits and borrowings). These rates are highly sensitive to many factors beyond Wesbanco’s control, including general economic conditions, both domestic and foreign, and the monetary and fiscal policies of various governmental and regulatory authorities. Wesbanco Bank’s net interest income can be affected significantly by changes in market interest rates and the shape of the yield curve. Changes in relative interest rates may reduce the Bank’s net interest income as the difference between interest income and interest expense decreases. As a result, the Bank has adopted asset and liability management policies to minimize the potential adverse effects of changes in interest rates on net interest income, primarily by altering the mix and maturity of loans, investments and funding sources. However, even with these policies in place, Wesbanco cannot be certain that changes in interest rates or the shape of the interest rate yield curve will not negatively impact its results of operations or financial position. In a period of declining rates with a relatively flat or inverted yield curve environment, Wesbanco’s cost of funds for banking operations may not decrease at the same pace as loan and investment yields. The cost of funds may also increase as a result of future general economic conditions, interest rates and competitive pressures. The Bank has traditionally obtained funds principally through deposits and borrowings from the Federal Home Loan Bank (""FHLB""), correspondent banks, and other wholesale borrowing sources. As a general matter, deposits are a cheaper source of funds than borrowings because interest rates paid for deposits are typically less than interest rates charged for borrowings. If, as a result of general economic conditions, market interest rates, competitive pressures or higher deposit betas in relation to increases in federal funds rate increases, the value of deposits at the Bank decreases relative to its overall banking operations, the Bank may have to rely more heavily on borrowings as a source of funds in the future.",2555,203596,https://www.sec.gov/Archives/edgar/data/203596/000119312526085463/wsbc-20251231.htm,
regulatory,,,,y,,798941_FY2021_001,FCNCA,2021,1,Strategic Risks,"We may be adversely affected by risks associated with completed, pending or any potential future acquisitions.","We plan to continue to grow our business organically. However, we have pursued and expect to continue to pursue acquisition opportunities that we believe support our business strategies and may enhance our profitability. We must generally satisfy a number of material conditions prior to consummating any acquisition including, in many cases, federal and state regulatory approval. We may fail to complete strategic and competitively significant business opportunities as a result of our inability to obtain required regulatory approvals in a timely manner or at all, or the approval for such opportunity could include conditions imposing additional costs or limitations that reduce the anticipated related benefits. On July 9, 2021, President Biden issued an Executive Order on Promoting Competition in the American Economy encouraging the United States Attorney General along with the federal banking agencies to review the framework for evaluating bank mergers and acquisitions under the BHC Act and the Bank Merger Act. Additionally, the Director of the CFPB has publicly sought a greater role for the CFPB in the evaluation of bank merger proposals. Any enhanced regulatory scrutiny of bank mergers and acquisitions and revision of the regulatory framework for approval of bank mergers could adversely affect the marketplace for bank merger transactions and could result in potential future acquisitions by us being delayed, impeded or restricted in certain respects and result in new rules that possibly limit the size of financial institutions that we may be able to acquire in the future or alter the terms for such transactions. We may be unsuccessful in identifying, consummating or integrating any potential acquisitions. Acquisitions of financial institutions, assets of financial institutions or other operating entities involve operational risks and uncertainties, and acquired companies or assets may have unknown or contingent liabilities, exposure to unexpected asset quality problems that require write downs or write-offs, additional regulatory requirements or difficulty retaining key employees and customers. Due to these and other issues relating to acquisitions, we may not be able to realize projected cost savings, synergies or other benefits associated with any such acquisition. Failure to efficiently integrate any acquired entities or assets into our existing operations could significantly increase our operating costs and consequently have material adverse effects on our financial condition and results of operations.",2659,798941,https://www.sec.gov/Archives/edgar/data/798941/000079894122000014/fcnca-20211231.htm,
financial,,,,y,,750577_FY2023_013,HWC,2023,13,Risks Related to the Financial Services Industry,We are subject to a variety of risks in connection with the sale of any loans.,"From time to time we may sell all or a portion of one or more loan portfolios, and in connection therewith we may make certain representations and warranties to the purchaser concerning the loans sold and the procedures under which those loans were originated and serviced. If any of these representations and warranties are incorrect, we may be required to indemnify the purchaser for any related losses, or we may be required to repurchase part or all of the affected loans. We may also be required to repurchase loans as a result of borrower fraud or in the event of early payment default by the borrower on a loan we have sold. If we are required to make any indemnity payments or repurchases and do not have a remedy available to us against a solvent counterparty to the loan or loans, we may not be able to recover our losses resulting from these indemnity payments and repurchases. Consequently, our results of operations may be adversely affected.",1033,750577,https://www.sec.gov/Archives/edgar/data/750577/000095017024022252/hwc-20231231.htm,
financial,,,,y,,860413_FY2023_027,FIBK,2023,27,Table of Conten ts,"Our goodwill and other intangible assets may become impaired, which may adversely impact our results of operations and financial condition.","The excess purchase price over the fair value of net assets from acquisitions, or goodwill, is evaluated for impairment at least annually and on an interim basis if an event or circumstance indicates it is likely an impairment has occurred. In testing for impairment, the Company performs a qualitative assessment to determine whether it is more likely than not that the fair value of a reporting unit is in excess of its carrying value. If it is not more likely than not that the fair value of the reporting unit is in excess of the carrying value, the fair value of net assets is estimated based on analyses of our market value, discounted cash flows, and peer values. Consequently, the determination of the fair value of goodwill is sensitive to market-based economics and other key assumptions. Variability in market conditions or in key assumptions could result in impairment of goodwill, which is recorded as a non-cash adjustment to income. An impairment of goodwill could have a material adverse effect on our business, financial condition, and results of operations. As of December 31, 2023, we had goodwill of $ 1,100.9 million, or 34.1% of our total stockholders’ equity. Identifiable intangible assets other than goodwill consist of core deposit intangibles and other intangible assets (primarily customer relationships). Adverse events or circumstances could impact the recoverability of these intangible assets including loss of core deposits, significant losses of customer accounts and/or balances, increased competition or adverse changes in the economy. To the extent these intangible assets are deemed unrecoverable, a non-cash impairment charge would be recorded which could have a material adverse effect on our results of operations.",1894,860413,https://www.sec.gov/Archives/edgar/data/860413/000086041324000016/fibk-20231231.htm,
operational,,,,y,,811830_FY2022_056,,2022,56,Business and Industry Risks,"Our business and financial performance could be adversely affected, directly or indirectly, by disasters, natural or otherwise, terrorist activities or international hostilities.","Neither the occurrence nor potential impact of disasters (such as earthquakes, hurricanes, tornadoes, floods and other severe weather conditions, pandemics, and other significant public health emergencies, dislocations, fires, explosions, or other catastrophic accidents or events), terrorist activities or international hostilities can be predicted. However, these occurrences could impact us directly (for example, by causing significant damage to our facilities, preventing a subset of our employees from working for a prolonged period and otherwise preventing us from conducting our business in the ordinary course), or indirectly as a result of their impact on our borrowers, depositors, other customers, suppliers or other counterparties. We could also suffer adverse consequences to the extent that disasters, terrorist activities or international hostilities affect the financial markets or the economy in general or in any particular region. These types of impacts could lead, for example, to an increase in delinquencies, bankruptcies and defaults that could result in our experiencing higher levels of nonperforming assets, net charge-offs and provisions for credit losses. Our ability to mitigate the adverse consequences of such occurrences is in part dependent on the quality of our resiliency planning and our ability to anticipate the nature of any such event that may occur. The adverse impact of disasters, terrorist activities or international hostilities also could be increased to the extent that there is a lack of preparedness on the part of national or regional emergency responders or on the part of other organizations and businesses with which we deal.",1857,811830,https://www.sec.gov/Archives/edgar/data/811830/000081183023000005/sov-20221231.htm,
financial,,,,y,,729986_FY2021_000,UBSI,2021,0,PANDEMIC,COVID-19 pandemic.,"The ongoing COVID-19 pandemic has created economic and financial disruptions that have adversely affected, and are likely to continue to adversely affect, United’s business, financial condition, liquidity and results of operations. The extent to which the COVID-19 pandemic will continue to negatively affect United’s business, financial condition, liquidity and results of operations will depend on future developments, which are highly uncertain and cannot be predicted, including the scope and duration of the pandemic, the continued effectiveness of United’s business continuity plan, the direct and indirect impact of the pandemic on United’s employees, customers, clients, counterparties and service providers, as well as other market participants, and actions taken, or that may yet be taken, by governmental authorities and other third parties in response to the pandemic, and public acceptance of any vaccines for COVID-19. Although financial markets have largely rebounded from the significant declines that occurred earlier in the pandemic and global economic conditions showed signs of improvement, many of the circumstances that arose or became more pronounced after the onset of the pandemic persist, including: Increased unemployment and decreased consumer confidence and business generally, leading to an increased risk of delinquencies, defaults and foreclosures. Ratings downgrades, credit deterioration and defaults in many industries, including natural resources, hospitality, transportation and commercial real estate. A sudden and significant reduction in the valuation of the equity, fixed-income and commodity markets and the significant increase in the volatility of those markets. A decrease in the rates and yields on U.S. Treasury securities, which may lead to decreased net interest income. Increased demands on capital and liquidity. A reduction in the value of the assets that the Company manages or otherwise administers or services for others, affecting related fee income and demand for the Company’s services. Heightened cybersecurity, information security and operational risks as a result of work-from-home arrangements. Governmental authorities have taken unprecedented measures to provide economic assistance to individual households and businesses, stabilize the markets and support economic growth. The success of these measures is unknown and they may not be sufficient to fully mitigate the negative impact of the COVID-19 pandemic. Additionally, some measures, such as a suspension of mortgage and other loan payments and foreclosures, may have a negative impact on United’s business, financial condition, liquidity and results of operations. United also faces an increased risk of litigation and governmental and regulatory scrutiny as a result of the effects of COVID-19 on market and economic conditions and actions governmental authorities take in response to those conditions. The length of the pandemic and the efficacy of the extraordinary measures being put in place to address it are unknown. Until the pandemic subsides, the Company expects continued draws on lines of credit, reduced revenues in our trust operations and other businesses and increased customer and client defaults, including defaults in unsecured loans. Even after the pandemic subsides, the U.S. economy may experience a recession, and United anticipates the Company’s businesses would be materially and adversely affected by a prolonged recession.",3489,729986,https://www.sec.gov/Archives/edgar/data/729986/000119312522061038/d233531d10k.htm,
financial,,,,y,,1281761_FY2025_015,RF,2025,15,Strategic Risks,Weakness in the residential real estate markets could adversely affect our performance.,"As of December 31, 2025, consumer residential real estate loans represented approximately 26.5 percent of our total loan portfolio. A general decline in home values would adversely affect the value of collateral securing the residential real estate that we hold, as well as the volume of loan originations and the amount we realize on the sale of real estate loans. Additionally, if insurance obtained by our borrowers is insufficient to cover any losses sustained to the collateral, the decreases in the value of collateral securing our loans as a result of natural disasters or other related events could adversely impact our financial condition and results of operations. If insurance coverage is unavailable to our borrowers due to the reluctance of insurance companies to renew policies covering the collateral or due to other factors, the resulting increase in cost of home ownership could affect the ability of borrowers to repay loans. These factors could result in higher delinquencies and greater charge-offs in future periods, which could materially adversely affect our business, financial condition or results of operations.",1224,1281761,https://www.sec.gov/Archives/edgar/data/1281761/000128176126000019/rf-20251231.htm,
financial,,,,y,,1178970_FY2023_011,PFS,2023,11,"Risks Related to the Economy, Financial Markets, and Interest Rates","A general economic slowdown or uncertainty that produces either reduced returns or excessive market volatility could adversely impact our overall profitability, including our wealth management fee income and our access to capital and liquidity.","A general economic slowdown could affect our core banking business. During 2023, headwinds facing the U.S. economy continued despite improvements relative to 2022, as the Federal Reserve continued tightening monetary policy through a series of interest rate hikes through the first half of the year and maintained high levels thereafter. The economy as a whole grew in 2023 and the consensus forecast has the economy maintaining growth and avoiding recession in 2024. Certain sectors of the economy, notably residential housing, have already been impacted by high interest rates, although conditions have improved as interest rates declined slightly in the latter half of 2023. Despite improved projections, unforeseen adverse changes in the economy and a possible recession could negatively affect the ability of our borrowers to repay their loans or force us to offer lower interest rates to encourage new borrowing activity. Uncertainty and market volatility could affect the value of the assets under management in our wealth management business resulting in lower fee income. Conditions that produce extended market volatility could affect our ability to provide our clients with an adequate return, thereby impacting our ability to attract new clients or causing existing clients to seek more stable investment opportunities with alternative wealth advisors. Furthermore, market volatility could adversely impact our access to capital and liquidity.",1699,1178970,https://www.sec.gov/Archives/edgar/data/1178970/000162828024007678/pfs-20231231.htm,
financial,,,,y,,883948_FY2021_014,AUB,2021,14,Risks Related to the Company’s Lending Activities,"The Bank relies upon independent appraisals to determine the value of the real estate which secures a significant portion of its loans, and the values indicated by such appraisals may not be realizable if the Bank is forced to foreclose upon such loans.","A significant portion of the Bank’s loan portfolio consists of loans secured by real estate. The Bank relies upon independent appraisers to estimate the value of such real estate. Appraisals are only estimates of value and the independent appraisers may make mistakes of fact or judgment that adversely affect the reliability of their appraisals. In addition, events occurring after the initial appraisal may cause the value of the real estate to increase or decrease. As a result of any of these factors, the real estate securing some of the Bank’s loans may be more or less valuable than anticipated at the time the loans were made. If a default occurs on a loan secured by real estate that is less valuable than originally estimated as evidenced by an updated appraisal, the Bank may not be able to recover the outstanding balance of the loan.",1099,883948,https://www.sec.gov/Archives/edgar/data/883948/000155837022002183/aub-20211231x10k.htm,
financial,,,,y,,1169770_FY2023_055,BANC,2023,55,Risks Relating to External Factors and Markets,We are subject to risk arising from the soundness of other financial institutions and counterparties.,"Financial services institutions are interrelated as a result of trading, clearing, counterparty, or other relationships. We have exposure to many different industries and counterparties, and routinely execute transactions with counterparties in the financial services industry, including commercial banks, brokers and dealers, investment banks, and other institutional clients. Many of these transactions expose us to credit risk in the event of a default by a counterparty or client. In addition, our credit risk may be exacerbated when the collateral held by us cannot be realized upon or is liquidated at prices not sufficient to recover the full amount of the credit or derivative exposure due to us. Any such losses could have a material adverse effect on our business, financial condition, and results of operations.",923,1169770,https://www.sec.gov/Archives/edgar/data/1169770/000162828024007933/banc-20231231.htm,
operational,,,,y,,39263_FY2022_008,CFR,2022,8,Operational Risks,Our Accounting Estimates and Risk Management Processes Rely On Analytical and Forecasting Models,"The processes we use to estimate our expected credit losses and to measure the fair value of financial instruments, as well as the processes used to estimate the effects of changing interest rates and other market measures on our financial condition and results of operations, depends upon the use of analytical and forecasting models. These models reflect assumptions that may not be accurate, particularly in times of market stress or other unforeseen circumstances. Even if these assumptions are adequate, the models may prove to be inadequate or inaccurate because of other flaws in their design or their implementation, including flaws caused by failures in controls, data management, human error or from the reliance on technology. If the models we use for interest rate risk and asset-liability management are inadequate, we may incur increased or unexpected losses upon changes in market interest rates or other market measures. If the models we use for estimating our expected credit losses are inadequate, the allowance for credit losses may not be sufficient to support future charge-offs. If the models we use to measure the fair value of financial instruments are inadequate, the fair value of such financial instruments may fluctuate unexpectedly or may not accurately reflect what we could realize upon sale or settlement of such financial instruments. Any such failure in our analytical or forecasting models could have a material adverse effect on our business, financial condition and results of operations.",1621,39263,https://www.sec.gov/Archives/edgar/data/39263/000003926323000008/cfr-20221231.htm,
financial,,,,y,,1504008_FY2024_018,BKU,2024,18,Liquidity Risk,"The FRB and the FHLB are important sources of both operating and contingent liquidity. If the availability of those liquidity sources were compromised, our business, financial condition or results of operations could be materially adversely affected.","The FRB and FHLB provide important sources of stable, reliable and specifically with respect to the FRB, emergency liquidity to banks including BankUnited. Should the availability, nature, design or provisions of the various liquidity facilities provided by these entities change materially, BankUnited's ability to access operating or contingent liquidity as needed could be adversely impacted. The availability of liquidity from these sources is also dependent on the nature and value, which could be negatively impacted by changes in interest rates or general economic and market conditions, of collateral BankUnited is able to provide and on their evaluation of the Bank's creditworthiness. A significant portion of collateral available to be pledged to the FHLB and FRB consists of loans and securities collateralized by residential and commercial real estate; the value of this collateral is subject to many of the same risks discussed above with respect to the value of real estate collateral for our loans. In 2023, the FHFA, the primary regulator of the FHLB system, completed a comprehensive review of the FHLB system. The review recommended a re-evaluation of many aspects of the regulatory and statutory framework governing the FHLB system and set forth some recommended revisions to that framework. Any future regulatory or legislative action resulting from the comprehensive review could impact the future amount, terms and availability of liquidity provided by the FHLBs to their members, including BankUnited. Our ability to access funds on a timely basis from the FRB and FHLB also depends on our operational readiness; while we test operational readiness regularly and believe our processes and procedures are adequate in this regard, a failure of those processes and procedures could compromise our ability to access needed liquidity.",2103,1504008,https://www.sec.gov/Archives/edgar/data/1504008/000150400825000005/bku-20241231.htm,
financial,,,,y,,798941_FY2023_005,FCNCA,2023,5,Strategic Risks,"We rely on dividends from FCB for paying dividends on our common and preferred stock and servicing our debt obligations, and FCB’s ability to pay us dividends is restricted.","As an FHC, we are a separate legal entity from FCB. We derive most of our revenue and cash flow from dividends paid by FCB. These dividends are the primary source from which we pay dividends on our common and preferred stock and interest and principal on our debt obligations. State and federal laws impose restrictions on the dividends that FCB may pay to us. In general, we are required to submit an annual capital plan to the FRB that includes any planned dividends, redemptions, or stock repurchases over a set planning horizon. The FRB could prohibit or limit our payment of dividends, redemptions, or stock repurchases if it determines that payment of the dividend or such redemption or stock repurchase would constitute an unsafe or unsound practice. In the event FCB is unable to pay dividends to us for an extended period of time, we may not be able to service our debt obligations or pay dividends on our common or preferred stock, and the inability to receive dividends from FCB could consequently have a material adverse effect on our business, financial condition and results of operations.",1276,798941,https://www.sec.gov/Archives/edgar/data/798941/000079894124000018/fcnca-20231231.htm,
operational,,,,y,,860413_FY2022_029,FIBK,2022,29,Contents,"If our systems of internal operating and accounting controls were to become ineffective, our financial information could be negatively impacted.","We establish and maintain systems of internal operational and accounting controls that provide us with critical information used to manage our business. These systems are subject to various inherent limitations, including cost, judgments used in decision-making, assumptions about the likelihood of future events, the soundness of our systems, the possibility of human error, and the risk of fraud. Moreover, controls may become inadequate because of changes in conditions or processes and the risk that the degree of compliance with policies or procedures may deteriorate over time. Because of these limitations, any system of internal operating controls may not be successful in preventing all errors or fraud or in making all material information known in a timely manner to the appropriate levels of management. From time-to-time, control deficiencies and losses from operational malfunctions or fraud have occurred and may occur in the future. Any future deficiencies, weaknesses, or losses related to internal operating control systems could have an adverse effect on our business, financial condition, results of operations, and prospects.",1290,860413,https://www.sec.gov/Archives/edgar/data/860413/000086041323000045/fibk-20221231.htm,
financial,,,,y,,49196_FY2023_010,HBAN,2023,10,Regulatory Matters,A reduction in our credit rating could adversely affect our access to capital and could increase our cost of funds.,"The credit rating agencies regularly evaluate Huntington and the Bank, and credit ratings are based on a number of factors, including our financial strength and ability to generate earnings, as well as factors not entirely within our control, including conditions affecting the financial services industry, the economy, and changes in rating methodologies. There can be no assurance that we will maintain our current credit ratings. A downgrade of the credit ratings of Huntington or the Bank could adversely affect our access to liquidity and capital, and could significantly increase our cost of funds, trigger additional collateral or funding requirements, and decrease the number of investors and counterparties willing to lend to us or purchase our securities. This could affect our growth, profitability, and financial condition, including liquidity.",971,49196,https://www.sec.gov/Archives/edgar/data/49196/000004919624000020/hban-20231231.htm,
strategic,,,,y,,861842_FY2021_021,CATY,2021,21,Operational Risks,We face substantial competition from our competitors.,"We face substantial competition for deposits, loans, and for other banking services, as well as acquisitions, throughout our market area from the major banks and financial institutions that dominate the commercial banking industry. This may cause our cost of funds to exceed that of our competitors. These banks and financial institutions, including those with foreign ownership, may have greater resources than we do, including the ability to finance advertising campaigns and allocate their investment assets to regions of higher yield and demand and make acquisitions and invest in new banking technology. By virtue of their larger capital bases, our larger competitors have substantially greater lending limits than we do and perform certain functions, including trust services, which are not presently offered by us. We also compete for loans and deposits, as well as other banking services, such as payment services, with savings and loan associations, savings banks, brokerage houses, insurance companies, mortgage companies, credit unions, credit card companies and other financial and non-financial institutions and entities. These factors and ongoing consolidation among insured institutions in the financial services industry may materially and adversely affect our ability to market our products and services. Significant increases in the costs of monitoring and ensuring compliance with new banking regulations and the necessary costs of upgrading information technology and data processing capabilities can have a disproportionate impact on our ability to compete with larger institutions.",1656,861842,https://www.sec.gov/Archives/edgar/data/861842/000143774922004752/caty20211231_10k.htm,
strategic,,,,n,,763901_FY2023_024,BPOP,2023,24,STRATEGIC RISKS,"Evertec, we may be unable to enhance our current services and introduce new products and services in a timely and cost-effective manner, placing us at a competitive disadvantage and significantly affecting our business, financial condition and results of operations.","To compete effectively, we need to constantly enhance and modify our products and services and introduce new products and services to attract and retain clients or to match products and services offered by our competitors, including technology companies and other nonbank firms that are engaged in providing similar products and services. Although the Evertec Business Acquisition Transaction eliminated certain provisions of a previous Master Services Agreement with Evertec that required us to use Evertec exclusively to develop and implement new or enhanced products and services, and is expected to improve Popular’s ability to manage and control the development of the customer channels supported by the assets acquired as part of the Evertec Business Acquisition Transaction (the “Acquired Assets”), Popular expects that it will continue to depend on Evertec’s technology services to operate and control current products and services and to implement future products and services, making our success dependent on Evertec’s ability to timely complete and introduce these enhancements and new products and services in a cost-effective manner. Our ability to enhance our customer channels is also dependent on Evertec timely delivering the core application programming interfaces (“Core APIs”) that meet BPPR’s requirements, which Evertec has committed to develop under the MSA. The Core APIs are necessary for BPPR to connect future enhancements to the Acquired Assets to existing Evertec core applications. Some of our competitors rely on financial services technology and outsourcing companies that are much larger than Evertec, serve a greater number of clients than Evertec, and may have better technological capabilities and product offerings than Evertec. Furthermore, financial services technology companies typically make capital investments to develop and modify their product and service offerings to facilitate their customers’ compliance with the extensive and evolving regulatory and industry requirements, and in most cases such costs are borne by the technology provider. Because of our contractual relationship with Evertec, and because Popular is the sole customer of certain of Evertec’s services and products, we have in the past borne the full cost of such developments and modifications and may be required to do so in the future, subject to the terms of the MSA. Moreover, the terms, speed, scalability, and functionality of certain of Evertec’s technology services are not competitive when compared to offerings from its competitors. Evertec’s failure to sufficiently invest in and upscale its technology and services infrastructure to meet the rapidly changing technology demands of our industry may result in us being unable to meet customer expectations and attract or retain customers. Furthermore, Evertec’s strategy and investments may also be refocused away from Popular towards other strategic initiatives as a result of the Evertec Business Acquisition Transaction. Any such impact could, in turn, reduce Popular’s revenues, place us in a competitive disadvantage and significantly affect our business, financial condition and results of operations. While the closing of the Evertec Business Acquisition Transaction narrowed the scope of services which we are dependent on Evertec to obtain and released us from exclusivity restrictions that limited our ability to engage other third-party providers of financial technology services, it also resulted in extensions of certain existing commercial agreements with Evertec and, as a result, have prolonged the duration of our exposure to the risks presented by Evertec’s technological capabilities and its failures to enhance its products and services and otherwise meet evolving demands. We may also be exposed to heightened business risks in connection with our dependency on Evertec with respect to BPPR’s merchant acquiring business, which exclusivity was extended until 2035, and with respect to the ATH Network, which commitment BPPR extended until 2030, in light of the pace of technology changes and competition in the payments industry.",4394,763901,https://www.sec.gov/Archives/edgar/data/763901/000119312524053017/d52551d10k.htm,
operational,,,,y,,715072_FY2021_011,RNST,2021,11,Risks Related to Our Industry,The Company’s financial condition and results of operations contain estimates and assumptions made by management that could be inaccurate.,"Accounting estimates and processes are fundamental to how we record and report our financial condition and results of operations. Accounting principles generally accepted in the United States (“GAAP”) require our management to make estimates about future events that are inherently uncertain. We use models and other forecasting processes to make these estimates. In doing so, management must choose between many alternatives, all of which may be reasonable under prevailing circumstances. As a result, these models and other forecasting processes may reflect assumptions that ultimately prove to be inaccurate, particularly in times of market stress or other unforeseen circumstances. Even if these assumptions are adequate, the models may include flaws in their design or their implementation, including flaws caused by failures in controls, data management, human error or from the reliance on technology. Because of the uncertainty and subjectivity surrounding management’s judgments and the estimates pertaining to these matters, the Company cannot guarantee that it will not be required to adjust accounting policies or restate prior period financial statements. Any such failure in our analytical or forecasting models could have a material adverse effect on our business, financial condition and results of operations. See “Critical Accounting Policies and Estimates” and Note 1 of the Notes to Consolidated Financial Statements of this report.",1590,715072,https://www.sec.gov/Archives/edgar/data/715072/000071507222000091/rnst-20211231.htm,
regulatory,,,,n,,49196_FY2024_031,HBAN,2024,31,Regulatory Matters,Regulatory Matters,"We share, use, collect, disclose and otherwise process personal information of our customers and counterparties, including, but not limited to, personal financial information. The sharing, use, collection, disclosure, and other processing of these types of information are governed by increasingly stringent and evolving legislation and regulations, the intent of which is to protect the privacy of personal information, including personal financial information. We may become subject to new legislation or regulations concerning cybersecurity and data privacy. We could be adversely affected if new legislation or regulations are adopted or if existing legislation or regulations are modified such that we are required to change our business practices, policies, or systems or otherwise incur significant additional costs and expenses in order to comply. Further, we make public statements about our sharing, use, collection, disclosure, and other processing of personal information through our privacy policies, information provided on our website, and press statements. Although we endeavor to comply with our public statements and documentation, we may at times fail to do so or be alleged to have failed to do so. Our public statements and documentation that provide promises and assurances about cybersecurity and data privacy can subject us to potential government or legal action if they are found to be deceptive, unfair, or misrepresent our actual practices.",1486,49196,https://www.sec.gov/Archives/edgar/data/49196/000004919625000020/hban-20241231.htm,
regulatory,,,,y,,1069157_FY2022_028,EWBC,2022,28,"Risks Related to Regulatory, Compliance and Legal Matters","Changes in regulation may require us to change our business practices, increase costs, limit our ability to make investments and generate revenue, or otherwise adversely affect business operations and/or competitiveness.","We are subject to extensive regulation under federal and state laws, as well as supervision and examination by the DFPI, FDIC, Federal Reserve, SEC, CFPB in the U.S. and foreign regulators and other government authorities. We are also subject to enforcement oversight by the U.S. Department of Justice and state attorneys general. In addition, we face certain legal, reputational, and financial risks as a result of serving customers in new or evolving industries that are subject to changing, and at times conflicting laws, such as digital currency and cannabis related businesses. Changes to statutes, regulations or regulatory policies, including changes in interpretation or implementation of statutes, regulations, or policies could affect the manner in which we conduct business. Such changes could also subject us to additional costs and may limit the types of financial services and products we offer, and the investments we make. Given that banks operate in an extensively regulated environment under federal and state law, good standing with our regulators is of fundamental importance to the continuation and growth of our business. In the performance of their supervisory and enforcement duties, the U.S. federal and state regulators, and non-U.S. regulators, have significant discretion and power to initiate enforcement actions for violations of laws and regulations, and unsafe and unsound practices. Further, regulators and bank supervisors continue to exercise qualitative supervision of our industry and specific business operations and related matters. Violations of laws and regulations or deemed deficiencies in risk management or other qualitative practices also may be incorporated into our bank supervisory ratings. A downgrade in these ratings, or other enforcement actions or supervisory criticisms, could limit our ability to pursue acquisitions or conduct other expansionary activities and require new or additional regulatory approvals before engaging in certain other business activities, as well as result in civil monetary penalties, other sanctions, and damage to our reputation, all of which could adversely affect our business, financial condition, results of operations and future prospects. Failure to comply with laws, regulations, or policies could result in civil or criminal sanctions by U.S. federal and state, and non-U.S. agencies, the loss of FDIC insurance, the revocation of our banking charter, civil or criminal monetary penalties, and/or reputational damage, which could have a material adverse impact on our business, results of operations, and financial condition. We continue to adjust our business and operations, capital, policies, procedures, and controls to comply with these laws and regulations, final rulemaking, and interpretations from the regulatory authorities. See Item 1. Business — Supervision and Regulation for more information about the regulations to which we are subject.",3163,1069157,https://www.sec.gov/Archives/edgar/data/1069157/000106915723000016/ewbc-20221231.htm,
strategic,,,,y,,37808_FY2021_033,FNB,2021,33,12. Recently Completed Howard Acquisition,"Integrating our business with that of Howard may fail to realize the anticipated benefits and cost savings of the merger, which may adversely affect our business results and negatively affect the value of our common stock following the merger.","The success of the merger, including anticipated benefits and cost savings, will depend, in part, on our ability to successfully combine and integrate the businesses within our projected timeframe in a manner that permits growth opportunities and does not materially disrupt existing customer relationships or result in decreased revenues due to loss of customers. A number of factors could affect our ability to successfully integrate our businesses with the business of Howard. The business integration could be disruptive to our ongoing businesses, causing loss of momentum in one or more of such businesses or inconsistencies or changes in standards, practices, business models, controls, procedures and policies that could adversely affect our ability to maintain relationships with customers and employees. If we encounter significant difficulties in the integration process the anticipated benefits of the merger may not be realized fully, or at all, or may take longer to realize than expected. Failure to achieve the anticipated benefits of the merger in the timeframes projected could result in significantly increased costs and decreased revenues.",1401,37808,https://www.sec.gov/Archives/edgar/data/37808/000003780822000005/fnb-20211231.htm,
regulatory,,,,y,,868671_FY2025_011,GBCI,2025,11,Credit and Asset Quality,The Bank is subject to environmental liability risk associated with our lending activities.,"We hold an interest in real estate as collateral for a significant portion of our loan portfolio, and we could become subject to environmental liabilities with respect to one or more of these properties. During the ordinary course of business, we may foreclose on and take title to properties securing defaulted loans. In doing so, there is a risk that hazardous or toxic substances could be found on these properties. If hazardous conditions or toxic substances are found on these properties, we may be liable for remediation costs, as well as for personal injury and property damage, civil fines and criminal penalties, regardless of when the hazardous conditions or toxic substances first affected any particular property. Environmental laws may further require us to incur substantial expenses to address unknown liabilities and may materially reduce the affected property’s value or limit our ability to use or sell the affected property. In addition, future laws or more stringent interpretations or enforcement policies with respect to existing laws may increase our exposure to environmental liability. Although we have policies and procedures to perform an environmental review before initiating any foreclosure on nonresidential real property, these reviews may not be sufficient to detect all potential environmental hazards. The remediation costs and any other financial liabilities associated with an environmental hazard could have a material adverse effect on us.",1569,868671,https://www.sec.gov/Archives/edgar/data/868671/000086867126000023/gbci-20251231.htm,
financial,,,,y,,801337_FY2024_015,WBS,2024,15,Credit Risk,"We are subject to the risk of default by our counterparties and clients, particularly with respect to certain types of commercial loans.","Many of our routine transactions expose us to credit risk in the event of default of our counterparties or clients. Our credit risk may be exacerbated when the collateral held cannot be realized or is liquidated at prices insufficient to cover the full amount of the loan or derivative exposure to us. In deciding whether to extend credit or enter into other transactions, we may rely on information furnished by or on behalf of counterparties and clients, including financial statements, credit reports, and other information. We may also rely on representations of those counterparties, clients, or other third parties, such as independent auditors, as to the accuracy and completeness of that information. The inaccuracy of that information or those representations affects our ability to evaluate the default risk of a counterparty or client accurately and could cause us to enter into unfavorable transactions, which could have a material adverse effect on our financial condition and results of operations. In addition, we consider our commercial real estate loans and commercial and industrial loans to be higher risk categories in our loan portfolio because these loans are particularly sensitive to economic conditions. Commercial real estate loans generally have large balances and can be significantly affected by adverse economic conditions that are outside of the borrower’s control because payments on such loans typically depend on the successful operation and management of the businesses that hold the loans. In recent years, commercial real estate has been impacted by higher interest rates and inflation, which affected the profitability of new commercial real estate developments, the feasibility of some projects, and the volume of commercial real estate investments. The commercial real estate market has experienced increased property vacancies and declining rent growth. In the case of commercial and industrial loans, related collateral often consists of accounts receivable, inventory, and equipment. This type of collateral typically does not yield substantial recovery in the event of foreclosure and may rapidly deteriorate, disappear, or be misdirected in advance of foreclosure. In addition, many of our commercial real estate and commercial and industrial borrowers have more than one loan outstanding with us. Consequently, an adverse development with respect to one loan or one credit relationship may expose us to significantly greater risk of loss. The risks associated with these types of loans could have a significant negative affect on our earnings in any quarter, which could have a material adverse affect on our business, financial condition, and results of operations.",2848,801337,https://www.sec.gov/Archives/edgar/data/801337/000080133725000004/wbs-20241231.htm,
operational,,,,y,,857855_FY2022_029,UCB,2022,29,INTEREST RATE AND YIELD CURVE RISKS,"Discontinuance of, and transition away from, LIBOR (and any other reference rates) may adversely affect our reputation, business, financial condition and results of operations.","ICE Benchmark Administration, the administrator of LIBOR, ceased publication of one-week and two-month LIBOR on a representative basis on December 31, 2021. The remaining USD settings (i.e., overnight, one-month, three-month, six-month and 12-month) will cease or become non-representative immediately after June 30, 2023. On December 16, 2022, the Federal Reserve adopted a final rule that implements the Adjustable Interest Rate (LIBOR) Act by identifying benchmark rates based on SOFR that will replace LIBOR in certain financial contracts that have no, or inadequate, fallback provisions (“Final Rule”). We no longer originate loans that reference Affected Benchmarks. New floating rate loans reference ARRs, such as SOFR. Affected Benchmarks, however, remain the reference rate in a significant number of our outstanding debt securities, loans, derivatives and long-term debt, and in certain other assets and liabilities. Discontinuance of, and transition away from, such reference rates present various uncertainties and operational, legal, reputational, compliance, financial and other risks and challenges. For example, certain products and contracts not covered by the Final Rule may contain language requiring us to undertake certain actions to determine ARRs to replace existing benchmarks or to exercise discretion in selection of such rates. We may face litigation, disputes or other actions from clients, counterparties, customers, investors or others based on various claims that we incorrectly interpreted or enforced such contract provisions or failed to appropriately communicate or effectuate such transition. It is possible that the characteristics of ARRs may not be sufficiently similar to, or produce the economic equivalent of, the benchmark rates that they are intended to replace. For example, SOFR is a riskless rate. Historically, in periods of economic or financial industry stress, riskless rates that are analogous to SOFR have been relatively stable. In contrast, LIBOR, which is designed to reflect the credit risk of banks, has widened relative to riskless rates, reflecting increased uncertainty regarding the creditworthiness of banks. SOFR, because it is riskless, tends to be a lower rate than LIBOR. To address these differences between LIBOR and SOFR, industry-recommended LIBOR fallback provisions and the Final Rule include a concept of an adjustment spread that is applied when a LIBOR-based contract falls back to SOFR and that is calculated based on a five-year median look-back of the historical spot difference between the applicable LIBOR tenor and the applicable SOFR tenor. However, because any such adjustment spread is and will be based on a historical median, such adjustment spreads have not, and are likely in the future to not, reflect the spot difference between LIBOR and SOFR at certain points in time and there may be a value transfer between the contracting parties over the life of the instrument because the all-in rate applied to a contract, even taking into account the spread adjustment, might have behaved differently over the life of the instrument in the absence of LIBOR cessation. Impacts from a change in reference rate would likely include changes to the yield on, and value of, loans or securities held by us, amounts paid on securities we have issued, and amounts received and paid on derivative instruments we have entered into. Any theoretical benefit to us could result in counterparty dissatisfaction, which, in turn could lead to litigation, potentially as class actions, or other adverse consequences, including dissatisfied customers or impaired relationships with financial institution counterparties resulting in loss of business. In sum, the transition away from Affected Benchmarks to an alternative reference rate is complex and the failure to adequately manage the transition could have a range of material adverse effects, including the potential to: adversely affect the pricing, liquidity, value of, return on, and trading for a broad array of financial products, including any Affected Benchmark-linked securities, loans and derivatives that are included in our financial assets and liabilities; prompt inquiries or other actions from regulators in respect of our preparation for, execution of, or replacement of Affected Benchmarks with ARRs; result in disputes, litigation or other actions with clients, counterparties and investors in various scenarios, such as regarding our interpretation, implementation and/or enforcement of (i) provisions in Affected Benchmark-linked contracts such as fallback language or other related provisions (including, without limitation, in the case of fallbacks to ARRs, any economic, legal, operational or other impact resulting from the fundamental differences between the Affected Benchmarks and the various ARRs) or (ii) the Final Rule; require additional transition to or development of appropriate systems and analytics to effectively transition our risk management processes from Affected Benchmarks to those based on one or more ARRs in a timely manner, including by quantifying value and risk for various ARRs, which may prove challenging given the limited history of the proposed ARRs; cause us to incur additional costs in relation to any of the above factors. See also the “Recent Developments” section in Part II, Item 7. MD&A.",5543,857855,https://www.sec.gov/Archives/edgar/data/857855/000085785523000005/ucbi-20221231.htm,
regulatory,,,,y,,860413_FY2025_007,FIBK,2025,7,Regulatory and Compliance Risks,Federal deposit insurance assessment rates could increase further in the future.,"The FDIC insures deposits at FDIC-insured financial institutions, including the Bank. The FDIC charges insured financial institutions assessment rates to maintain the DIF at a specific level. Historically, unfavorable economic conditions increased bank failures and these additional bank failures decreased the DIF balance. As further described in Item 1. Business - Government Regulation and Supervision – Deposit Insurance, extraordinary growth in insured deposits during the COVID-19 pandemic caused the ratio of the DIF to total insured deposits to fall below the current statutory minimum of 1.35%. To restore the DIF to its statutorily mandated minimums, the FDIC significantly increased deposit insurance assessment rates, including the Bank's assessment rates, and imposed special assessments as discussed above, resulting in increased expenses to the Bank. The FDIC may further increase the assessment rates or impose additional special assessments in the future to restore the DIF to these statutory target levels. Any increase in the Bank's FDIC assessment rates could have an adverse effect on its business, financial condition and results of operations. FDIC insurance assessment rates could increase in the future in response to similar declining economic conditions.",1361,860413,https://www.sec.gov/Archives/edgar/data/860413/000086041326000011/fibk-20251231.htm,
strategic,,,,y,,39263_FY2023_021,CFR,2023,21,External and Market-Related Risks,We Operate In A Highly Competitive Industry and Market Area,"We face substantial competition in all areas of our operations from a variety of different competitors, many of which are larger and may have more financial resources than us. Such competitors primarily include national, regional, and community banks within the various markets where we operate. Recent regulation has reduced the regulatory burden of large bank holding companies, and raised the asset thresholds at which more onerous requirements apply, which could cause certain large bank holding companies with less than $250 billion in total consolidated assets, which were previously subject to more stringent enhanced prudential standards, to become more competitive or to pursue expansion more aggressively. We also face competition from many other types of financial institutions, including, without limitation, savings and loans, credit unions, finance companies, brokerage firms, insurance companies and other financial intermediaries. The financial services industry could become even more competitive as a result of legislative, regulatory and technological changes and continued consolidation. Also, technology and other changes have lowered barriers to entry and made it possible for non-banks to offer products and services traditionally provided by banks. In particular, the activity of fintechs/wealthtechs has grown significantly over recent years and is expected to continue to grow. Some fintechs/wealthtechs are not subject to the same regulation as we are, which may allow them to be more competitive. Fintechs/wealthtechs have and may continue to offer bank or bank-like products and a number of such organizations have applied for bank or industrial loan charters while others have partnered with existing banks to allow them to offer deposit products to their customers. Increased competition from fintechs/wealthtechs and the growth of digital banking may also lead to pricing pressures as competitors offer more low-fee and no-fee products. Additionally, consumers can maintain funds that would have historically been held as bank deposits in brokerage accounts or mutual funds. Consumers can also complete transactions such as paying bills and/or transferring funds directly without the assistance of banks. In addition, the emergence, adoption and evolution of new technologies that do not require intermediation, including distributed ledgers such as digital assets and blockchain, as well as advances in robotic process automation, could significantly affect the competition for financial services. The process of eliminating banks as intermediaries, known as “disintermediation,” could result in the loss of fee income, as well as the loss of customer deposits and the related income generated from those deposits. Further, many of our competitors have fewer regulatory constraints and may have lower cost structures than us. Additionally, due to their size, many competitors may be able to achieve economies of scale and, as a result, may offer a broader range of products and services as well as better pricing for those products and services than we can. Our ability to compete successfully depends on a number of factors, including, among other things, (i) the ability to develop, maintain and build long-term customer relationships based on top quality service, high ethical standards and safe, sound assets; (ii) the ability to expand within our marketplace and with our market position; (iii) the scope, relevance and pricing of products and services offered to meet customer needs and demands; (iv) the rate at which we introduce new products and services relative to our competitors; (v) customer satisfaction with our level of service; and (vi) industry and general economic trends. Failure to perform in any of these areas could significantly weaken our competitive position, which could adversely affect our growth and profitability, which, in turn, could have a material adverse effect on our business, financial condition and results of operations.",4054,39263,https://www.sec.gov/Archives/edgar/data/39263/000003926324000013/cfr-20231231.htm,
operational,,,,y,,46195_FY2023_021,BOH,2023,21,Risks Related to Business Operations,Natural disasters and adverse weather could negatively affect real estate property values and bank operations.,"Real estate and real estate property values play an important role for the Bank in several ways. The Bank owns or leases many real estate properties in connection with its operations, primarily located in Hawaii with its unique weather and geology. Our business operations could suffer to the extent the Bank cannot utilize its branch network due to damage from weather or other natural disasters. Real estate is also utilized as collateral for many of our loans. A natural disaster in Hawaii or the Pacific Islands could cause property values in the affected areas to fall, might limit our customers' access to adequate property insurance, or otherwise impact borrowers’ ability to pay their financial obligations, any of which would increase our exposure to loan defaults and could require the Bank to record an impairment on our financial statements.",963,46195,https://www.sec.gov/Archives/edgar/data/46195/000095017024023196/boh-20231231.htm,
strategic,,,,y,,1015328_FY2021_019,WTFC,2021,19,Risks Related to Growth and Acquisitions,De novo operations often involve significant expenses and delayed returns and may negatively impact Wintrust's profitability.,"Our financial results have been and will continue to be impacted by our strategy of branch openings and de novo bank formations. We expect to increase the opening of additional branches and may, under certain circumstances, resume de novo bank formations. It may take longer than expected or more than the amount of time Wintrust has historically experienced for new banks and/or banking facilities to reach profitability, and there can be no guarantee that these branches or banks will ever be profitable. Moreover, the FDIC's enhanced supervisory period for de novo banks of three years, including higher capital requirements during this period, could also delay a new bank's ability to contribute to the Company's earnings and impact the Company's willingness to expand through de novo bank formation. To the extent we undertake additional de novo bank, branch and business formations, our level of reported net income, return on average equity and return on average assets will be impacted by startup costs associated with such operations, and it is likely to continue to experience the effects of higher expenses relative to operating income from the new operations. These expenses may be higher than we expected or than our experience has shown, which could have a material adverse effect on our business, financial condition and results of operations.",1483,1015328,https://www.sec.gov/Archives/edgar/data/1015328/000101532822000057/wtfc-20211231.htm,
financial,,,,y,,875357_FY2024_019,BOKF,2024,19,Risks Related to an Investment in Our Stock,Possible future sales of shares by BOK Financial's principal shareholder could adversely affect the market price of BOK Financial's common stock.,"Mr. Kaiser has the right to sell shares of BOK Financial's common stock in compliance with the federal securities laws at any time, or from time to time. The federal securities laws will be the only restrictions on Mr. Kaiser's ability to sell. Because of his current control of BOK Financial, Mr. Kaiser could sell large amounts of his shares of BOK Financial's common stock by causing BOK Financial to file a registration statement that would allow him to sell shares more easily. In addition, Mr. Kaiser could sell his shares of BOK Financial's common stock without registration under Rule 144 of the Securities Act. Although BOK Financial can make no predictions as to the effect, if any, that such sales would have on the market price of BOK Financial's common stock, sales of substantial amounts of BOK Financial's common stock, or the perception that such sales could occur, could adversely affect market prices. If Mr. Kaiser sells or transfers his shares of BOK Financial's common stock as a block, another person or entity could become BOK Financial's controlling shareholder.",1231,875357,https://www.sec.gov/Archives/edgar/data/875357/000087535725000013/bokf-20241231.htm,
regulatory,,,,y,,883948_FY2023_025,AUB,2023,25,Risks Related to Our Operations,"Shareholder litigation could prevent or delay the completion of our proposed merger with American National or otherwise negatively impact our business, financial condition, and results of operations.","Shareholders of the Company and/or American National may file lawsuits against the Company, American National and/or the directors and officers of either company in connection with the proposed merger. One of the conditions to the closing is that no law order, injunction or decree issued by any court or governmental entity of competent jurisdiction would prevent, prohibit or make illegal the completion of the merger, the bank merger or any of the other transactions contemplated by the merger agreement be in effect. If any plaintiff were successful in obtaining an injunction prohibiting the Company or American National from completing the merger, the bank merger or any of the other transactions contemplated by the merger agreement, then such injunction may delay or prevent the effectiveness of the merger and could result in significant costs to the Company, including any cost associated with the indemnification of our directors and officers. We may incur costs in connection with the defense or settlement of any shareholder lawsuits filed in connection with the merger. Shareholder lawsuits may divert management attention from management of our business or operations. Such litigation could have an adverse effect on our business, financial condition and results of operations and could prevent or delay the completion of the merger.",1547,883948,https://www.sec.gov/Archives/edgar/data/883948/000088394824000030/aub-20231231x10k.htm,
financial,,,,y,,887343_FY2021_039,COLB,2021,39,Risks Relating to Investment in our Stock,We rely on dividends and other payments from our bank for substantially all of our revenue.,"We are a separate and distinct legal entity from the Bank, and we receive substantially all of our operating cash flows from dividends and other payments from the Bank. These dividends and payments are the principal source of funds to pay dividends on our capital stock and interest and principal on any debt we may have. Various federal and state laws and regulations limit the amount of dividends that the Bank may pay to us. Also, our right to participate in a distribution of assets upon a subsidiary’s liquidation or reorganization is subject to the prior claims of the subsidiary’s creditors. In the event the Bank is unable to pay dividends to us, we may not be able to service debt, pay obligations or pay dividends on our common stock. The inability to receive dividends from the Bank could have a material adverse impact on our business, financial condition, results of operations and prospects.",996,887343,https://www.sec.gov/Archives/edgar/data/887343/000088734322000038/colb-20211231.htm,
financial,,,,y,,7789_FY2024_027,ASB,2024,27,Operational Risks,"Impairment of investment securities, goodwill, other intangible assets, or DTAs could require charges to earnings, which could result in a negative impact on our results of operations.","In assessing whether the impairment of investment securities is related to a deterioration in credit factors, management considers the length of time and extent to which the fair value has been less than cost, the financial condition and near-term prospects of the issuer, and the intent and ability to retain our investment in the security for a period of time sufficient to allow for any anticipated recovery in fair value in the near term. Under current accounting standards, goodwill is not amortized but, instead, is subject to impairment tests on at least an annual basis or more frequently if an event occurs or circumstances change that reduce the fair value of a reporting unit below its carrying amount. A decline in our stock price or occurrence of a triggering event following any of our quarterly earnings releases and prior to the filing of the periodic report for that period could, under certain circumstances, cause us to perform a goodwill impairment test and result in an impairment charge being recorded for that period which was not reflected in such earnings release. During 2024, the annual impairment test conducted in May, using a qualitative assessment, indicated that the estimated fair value of all of the Corporation’s reporting units exceeded the carrying value. In the event that we conclude in a future assessment that all or a portion of our goodwill may be impaired, a non-cash charge for the amount of such impairment would be recorded to earnings. Such a charge would have no impact on tangible capital. At December 31, 2024, we had goodwill of $1.1 billion, which represents approximately 24% of stockholders’ equity. In assessing the realizability of DTAs, management considers whether it is more likely than not that some portion or all of the DTAs will not be realized. Assessing the need for, or the sufficiency of, a valuation allowance requires management to evaluate all available evidence, both negative and positive, including the recent trend of quarterly earnings. Positive evidence necessary to overcome the negative evidence includes whether future taxable income in sufficient amounts and character within the carryback and carryforward periods is available under the tax law, including the use of tax planning strategies. When negative evidence (e.g., cumulative losses in recent years, history of operating loss or tax credit carryforwards expiring unused) exists, more positive evidence than negative evidence will be necessary. The impact of each of these impairment matters could have a material adverse effect on our business, results of operations, and financial condition.",2815,7789,https://www.sec.gov/Archives/edgar/data/7789/000000778925000013/asb-20241231.htm,
financial,,,,y,,109380_FY2023_003,ZION,2023,3,INTEREST RATE AND MARKET RISK,We could be negatively affected by adverse economic conditions.,"Adverse economic conditions pose significant risks to our business, including our loan and investment portfolios, capital levels, results of operations, and financial condition. A slowing economy and uncertainty related to inflationary pressures, including related changes in monetary and fiscal policies and actions, rising interest rates, and decreased values of our fixed-rate assets, can increase these risks and lead to lower demand for loans, higher credit losses, and lower fee income, among other negative effects.",585,109380,https://www.sec.gov/Archives/edgar/data/109380/000010938024000061/zions-20231231.htm,
financial,,,,y,,83246_FY2023_019,,2023,19,"Risks related to Regulation, Legislation and Litigation",Adverse changes in our credit ratings could have a material adverse effect on our borrowing costs and liquidity.,"Our credit ratings are an important part of maintaining our liquidity. We depend on access to the securities market for a portion of our funding. Our credit ratings are subject to ongoing review by the rating agencies, which consider a number of factors including their assessment of our relative financial strength and results of operations, including our strategy and our management's capability, as well as factors affecting the financial services industry generally, including legal and regulatory frameworks affecting our business activities and the rights of our creditors. There can be no assurance that downgrades will not occur. Any downgrade in our credit ratings could potentially increase our borrowing costs, impact our ability to issue commercial paper and, depending on the severity of the downgrade, substantially limit our access to capital markets, require us to make cash payments or post collateral and permit termination by counterparties of certain significant contracts, including as a result of credit-related contingent features in certain of our derivative contracts, which could negatively affect our liquidity. In October 2023, Moody's downgraded the long-term debt ratings of HSBC USA by one notch, including the senior debt rating which was downgraded to A2 from A1. The outlook for the senior debt ratings of HSBC USA is stable. While this rating action did not have a material financial impact on our borrowing costs or liquidity, any future actions could have such an impact. Rating agencies continue to evaluate economic and geopolitical trends, regulatory developments, future profitability, risk management practices and litigation matters, all of which may lead to adverse ratings actions. Although we closely monitor and strive to manage factors influencing our credit ratings, there is no assurance that our credit ratings will not change in the future. At December 31, 2023, none of the ratings on the debt of HSBC USA or HSBC Bank USA from any of the rating agencies were under review for potential downgrade. If any of these risks materialize, it could have a material adverse effect on our business, financial condition, results of operations, prospects and customers.",2323,83246,https://www.sec.gov/Archives/edgar/data/83246/000008324624000004/hsbcusa-20231231.htm,
strategic,,,,y,,49196_FY2025_031,HBAN,2025,31,Cadence Merger Risks:,"Combining Huntington and Cadence may be more difficult, costly or time consuming than expected and Huntington and Cadence may fail to realize the anticipated benefits of the Cadence Merger.","The success of the Cadence Merger will depend, in part, on the ability to realize the anticipated cost savings from combining the businesses of Huntington and Cadence. To realize the anticipated benefits and cost savings from the Cadence Merger, Huntington and Cadence must successfully integrate and combine their businesses in a manner that permits those cost savings to be realized. If Huntington and Cadence are not able to successfully achieve these objectives, the anticipated benefits of the Cadence Merger may not be realized fully or at all or may take longer to realize than expected. In addition, the actual cost savings and anticipated benefits of the Cadence Merger could be less than anticipated, and integration may result in additional unforeseen expenses. Prior to completion of the Cadence Merger on February 1, 2026, Huntington and Cadence operated independently. It is possible that the integration process could result in the loss of key employees, the disruption of each company’s ongoing businesses or inconsistencies in standards, controls, procedures, and policies that adversely affect the companies’ ability to maintain relationships with clients, customers, depositors, and colleagues or to achieve the anticipated benefits and cost savings of the Cadence Merger. Integration efforts between the two companies may also divert management attention and resources. These integration matters could have an adverse effect on each of Huntington and Cadence during this transition period and for an undetermined period after completion of the Cadence Merger on the combined company.",1792,49196,https://www.sec.gov/Archives/edgar/data/49196/000004919626000015/hban-20251231.htm,
financial,,,,y,,707179_FY2024_017,ONB,2024,17,Credit Risk,The soundness of other financial institutions could adversely affect Old National.,"Financial services institutions are interrelated as a result of trading, clearing, counterparty, and other relationships. Old National has exposure to many different industries and counterparties, and Old National and certain of its subsidiaries routinely execute transactions with counterparties in the financial services industry, including brokers and dealers, commercial banks, investment banks, mutual and hedge funds, and other institutions. Many of these transactions expose Old National to credit risk in the event of default of its counterparty. In addition, Old National’s credit risk may be affected when collateral is liquidated at prices not sufficient to recover the full amount of the loan or derivative exposure. These types of losses could materially adversely affect Old National’s results of operations or financial condition.",927,707179,https://www.sec.gov/Archives/edgar/data/707179/000070717925000005/onb-20241231.htm,
financial,,,,y,,707179_FY2025_019,ONB,2025,19,"Market, Interest Rate, and Liquidity Risks",The Company must maintain adequate sources of funding and liquidity.,"The Company’s liquidity and ability to fund loan demand and operate its business could be materially adversely affected by a variety of conditions and factors, including financial and credit market disruptions and volatility or a lack of market or customer confidence in banks or other financial intermediaries or financial markets in general, which may result in a loss of customer deposits or outflows of cash or collateral and/or ability to access capital markets on favorable terms. As we and other regional banking organizations experienced in 2023, the failure of other financial institutions may cause deposit outflows as customers spread deposits among several different banks so as to maximize their amount of FDIC insurance, move deposits to banks deemed “too big to fail” or remove deposits from the banking system entirely. Negative news about the Company, banks, other financial intermediaries, or the financial services industry generally may reduce market or customer confidence in the Company, which could in turn materially adversely affect the Company’s liquidity and funding. Such reputational damage may result in the loss of customer deposits, the inability to sell or securitize loans or other assets, and downgrades in one or more of the Company’s credit ratings, and may also negatively affect the Company’s ability to access the capital markets. A downgrade in the Company’s credit ratings, which could result from general industry-wide or regulatory factors not solely related to the Company, could adversely affect the Company’s ability to borrow funds, including by raising the cost of borrowings substantially, and could cause creditors and business counterparties to raise collateral requirements or take other actions that could adversely affect Old National’s ability to raise capital. Many of the above conditions and factors may be caused by events over which Old National has little or no control. There can be no assurance that significant disruption and volatility in the financial markets will not occur in the future. If the Company is unable to continue to fund assets through customer bank deposits or access funding sources on favorable terms or if the Company suffers an increase in borrowing costs or otherwise fails to manage liquidity effectively, the Company’s liquidity, operating margins, financial condition, and results of operations may be materially adversely affected. The Company may also need to raise additional capital and liquidity through the issuance of stock, which could dilute the ownership of existing stockholders, or reduce or even eliminate common stock dividends or share repurchases to preserve capital and liquidity.",2755,707179,https://www.sec.gov/Archives/edgar/data/707179/000070717926000010/onb-20251231.htm,
regulatory,,,,y,,46195_FY2021_025,BOH,2021,25,General Risk Factors,"We are subject to certain litigation, and our expenses related to this litigation may adversely affect our results.","We are, from time-to-time, involved in various legal proceedings arising from our normal business activities. These claims and legal actions, including supervisory actions by our regulators, could involve large monetary claims and significant defense costs. The outcome of these cases is uncertain. Substantial legal liability or significant regulatory action against us could have material financial effects or cause significant reputational harm to us, which in turn could seriously harm our business prospects. We may be exposed to substantial uninsured liabilities, which could materially affect our results of operations and financial condition. Based on information currently available, we believe that the eventual outcome of known actions against us will not be materially in excess of such amounts accrued by us. However, in the event of unexpected future developments, it is possible that the ultimate resolution of those matters may be material to our financial results for any particular period. See the Contingencies section of Note 20 to the Consolidated Financial Statements for more information.",1226,46195,https://www.sec.gov/Archives/edgar/data/46195/000156459022007841/boh-10k_20211231.htm,
regulatory,,,,y,,887343_FY2024_022,COLB,2024,22,"Legal, Accounting and Compliance Risks",Changes in accounting standards could materially impact our financial statements.,"From time to time, the FASB and the SEC change the financial accounting and reporting standards that govern the preparation of our financial statements. These changes can materially impact how we record and report our financial condition and results of operations.",345,887343,https://www.sec.gov/Archives/edgar/data/887343/000088734325000054/colb-20241231.htm,
strategic,,,,y,,759944_FY2021_036,CFG,2021,36,Risks Related to our Pending and Recently Completed Acquisitions,"Failure to complete our proposed acquisition of Investors could negatively impact our business, financial results, and stock price.","If for any reason the acquisition of Investors is not completed, our ongoing business may be adversely impacted and we will be subject to a number of risks, including: the financial markets may react negatively, resulting in negative impacts on our stock price and other adverse impacts; we may experience negative reactions from our customers, vendors, and employees; we will have incurred substantial expenses and will be required to pay certain costs relating to the acquisition, whether or not the acquisition is completed, such as legal, accounting, investment banking, and other professional and administrative fees; and matters relating to the acquisition may require substantial commitments of time and resources by our management, which could otherwise have been devoted to other opportunities that may have benefited us.",961,759944,https://www.sec.gov/Archives/edgar/data/759944/000075994422000025/cfg-20211231.htm,
